rgn_id,year,tonnes,sust_tonnes,sust_tonnes_orig,peak_sust_tonnes,rel_sust_tonnes,product
7,2004,1711.2,1146.5040000000001,1146.5040000000001,7831.362000000001,0.14639905548996457,seaweeds
7,2005,2608.8,1447.2000000000003,1747.8960000000002,7831.362000000001,0.18479544171243778,seaweeds
7,2006,1353.6,1267.104,906.912,7831.362000000001,0.1617986756326677,seaweeds
7,2007,865.6,1095.316,579.952,7831.362000000001,0.13986277227383945,seaweeds
7,2008,1159.2,1002.8560000000001,776.6640000000001,7831.362000000001,0.1280563968311004,seaweeds
7,2009,4028.8,1240.7060000000001,2699.2960000000003,7831.362000000001,0.15842786989032048,seaweeds
7,2010,7104,2203.898,4759.68,7831.362000000001,0.28141950276337624,seaweeds
7,2011,7217.6,3267.858,4835.792,7831.362000000001,0.4172783738001129,seaweeds
7,2012,6990.4,4244.584000000001,4683.568,7831.362000000001,0.541998186266961,seaweeds
7,2013,11812,5548.27,7914.040000000001,7831.362000000001,0.708468080009582,seaweeds
7,2014,12162.4,6395.552000000001,8148.808,7831.362000000001,0.8166589668565953,seaweeds
7,2015,12200,7230.104,8174.000000000001,7831.362000000001,0.923224338244101,seaweeds
7,2016,10580,7831.362000000001,7088.6,7831.362000000001,1,seaweeds
7,2017,4780,6653.502,3202.6000000000004,7831.362000000001,0.8495970432729325,seaweeds
7,2018,5520,5540.9000000000005,3698.4,7831.362000000001,0.7075269921119723,seaweeds
7,2019,5600,4435.4000000000005,3752,7831.362000000001,0.5663638074705268,seaweeds
7,2020,5500,3584.5,3685,7831.362000000001,0.45771093201923235,seaweeds
7,2021,12455.74,4870.18645,8345.345800000001,7831.362000000001,0.621882432455555,seaweeds
7,2022,11871.3,5934.0292,7953.771,7831.362000000001,0.757726331639375,seaweeds
9,2004,0.1,0.067,0.067,0,1,seaweeds
9,2005,0.1,0.067,0.067,0,1,seaweeds
9,2006,0.1,0.067,0.067,0,1,seaweeds
9,2007,0.1,0.067,0.067,0,1,seaweeds
9,2008,0,0.05025,0,0,1,seaweeds
9,2009,0,0.0335,0,0,1,seaweeds
9,2010,0,0.01675,0,0,1,seaweeds
9,2011,0,0,0,0,NA,seaweeds
9,2012,0,0,0,0,NA,seaweeds
9,2013,0,0,0,0,NA,seaweeds
9,2014,0,0,0,0,NA,seaweeds
9,2015,0,0,0,0,NA,seaweeds
9,2016,0,0,0,0,NA,seaweeds
9,2017,0,0,0,0,NA,seaweeds
9,2018,0,0,0,0,NA,seaweeds
9,2019,0,0,0,0,NA,seaweeds
9,2020,0,0,0,0,NA,seaweeds
9,2021,0,0,0,0,NA,seaweeds
9,2022,0,0,0,0,NA,seaweeds
14,2004,9092,6091.64,6091.64,2956.3415,1,seaweeds
14,2005,2401,3850.155,1608.67,2956.3415,1,seaweeds
14,2006,5948,3895.1566666666668,3985.1600000000003,2956.3415,1,seaweeds
14,2007,9389,4494.0250000000005,6290.63,2956.3415,1,seaweeds
14,2008,6879,4123.3475,4608.93,2956.3415,1,seaweeds
14,2009,4383,4455.3325,2936.61,2956.3415,1,seaweeds
14,2010,4888,4277.7825,3274.96,2956.3415,1,seaweeds
14,2011,4882.8,3522.994,3271.476,2956.3415,1,seaweeds
14,2012,3496,2956.3415,2342.32,2956.3415,1,seaweeds
14,2013,3234,2763.884,2166.78,2956.3415,0.9349001121825743,seaweeds
14,2014,958,2105.609,641.86,2956.3415,0.7122346995433376,seaweeds
14,2015,641,1395.1075,429.47,2956.3415,0.47190336434407193,seaweeds
14,2016,468,887.9175,313.56,2956.3415,0.3003433466668178,seaweeds
14,2017,838.6,486.68800000000005,561.8620000000001,2956.3415,0.16462509490192526,seaweeds
14,2018,689.93,441.78627500000005,462.2531,2956.3415,0.1494368208138336,seaweeds
14,2019,986.072,499.58583500000003,660.6682400000001,2956.3415,0.1689878638851432,seaweeds
14,2020,1689.8200000000002,704.2406850000001,1132.1794000000002,2956.3415,0.2382135774909631,seaweeds
14,2021,289.84999999999997,612.3250600000001,194.1995,2956.3415,0.20712257362689665,seaweeds
14,2022,192.537,529.0117325000001,128.99979000000002,2956.3415,0.17894134777731197,seaweeds
15,2004,1204808,807221.3600000001,807221.3600000001,1194806.1425,0.6756086458603053,seaweeds
15,2005,1338597,852040.675,896859.9900000001,1194806.1425,0.71312043409586,seaweeds
15,2006,1468905,896082.5666666668,984166.3500000001,1194806.1425,0.7499815533185265,seaweeds
15,2007,1505070,924161.1500000001,1008396.9,1194806.1425,0.7734820881204166,seaweeds
15,2008,1666556,1001503.9400000001,1116592.52,1194806.1425,0.8382145892759335,seaweeds
15,2009,1739995,1068738.105,1165796.6500000001,1194806.1425,0.8944866175225575,seaweeds
15,2010,1801272,1124409.5775000001,1206852.24,1194806.1425,0.9410811825484067,seaweeds
15,2011,1840833,1180649.8800000001,1233358.11,1194806.1425,0.9881518331748952,seaweeds
15,2012,1751071,1194806.1425,1173217.57,1194806.1425,1,seaweeds
15,2013,1558378,1164385.295,1044113.26,1194806.1425,0.9745390934831086,seaweeds
15,2014,1549576,1122226.215,1038215.92,1194806.1425,0.9392538045141494,seaweeds
15,2015,1566361,1076252.155,1049461.87,1194806.1425,0.9007755456864835,seaweeds
15,2016,1404519,1018204.6950000001,941027.7300000001,1194806.1425,0.8521923840042528,seaweeds
15,2017,1415321,994242.6475000001,948265.0700000001,1194806.1425,0.8321372079822564,seaweeds
15,2018,1478300.847,982304.0593725,990461.5674900002,1194806.1425,0.8221451367140925,seaweeds
15,2019,1499961.25,971182.1012475002,1004974.0375000001,1194806.1425,0.8128365487102441,seaweeds
15,2020,1468653.261,981924.589965,983997.68487,1194806.1425,0.821827537570598,seaweeds
15,2021,1343706.554,969929.17026,900283.39118,1194806.1425,0.8117879007807327,seaweeds
15,2022,1544959.867,981094.55611,1035123.1108900001,1194806.1425,0.8211328358734145,seaweeds
17,2010,100,67,67,1340,0.05,seaweeds
17,2011,250,117.25,167.5,1340,0.0875,seaweeds
17,2012,1400,390.8333333333333,938,1340,0.29166666666666663,seaweeds
17,2013,2000,628.125,1340,1340,0.46875,seaweeds
17,2014,2000,946.375,1340,1340,0.70625,seaweeds
17,2015,2000,1239.5,1340,1340,0.925,seaweeds
17,2016,2000,1340,1340,1340,1,seaweeds
17,2017,1500,1256.25,1005.0000000000001,1340,0.9375,seaweeds
17,2018,750,1046.875,502.50000000000006,1340,0.78125,seaweeds
17,2019,500,795.625,335,1340,0.59375,seaweeds
17,2020,500,544.375,335,1340,0.40625,seaweeds
17,2021,500,376.875,335,1340,0.28125,seaweeds
17,2022,600,351.75,402,1340,0.2625,seaweeds
18,2004,450,301.5,301.5,371.85,0.8108108108108107,seaweeds
18,2005,450,301.5,301.5,371.85,0.8108108108108107,seaweeds
18,2006,1190,466.7666666666667,797.3000000000001,371.85,1,seaweeds
18,2007,650,458.95000000000005,435.5,371.85,1,seaweeds
18,2008,660,494.125,442.20000000000005,371.85,1,seaweeds
18,2009,440,492.45000000000005,294.8,371.85,1,seaweeds
18,2010,560,386.925,375.20000000000005,371.85,1,seaweeds
18,2011,450,353.425,301.5,371.85,0.9504504504504504,seaweeds
18,2012,430,314.90000000000003,288.1,371.85,0.8468468468468469,seaweeds
18,2013,170,269.675,113.9,371.85,0.7252252252252253,seaweeds
18,2014,1050,351.75,703.5,371.85,0.9459459459459459,seaweeds
18,2015,570,371.85,381.90000000000003,371.85,1,seaweeds
18,2016,50,308.2,33.5,371.85,0.8288288288288288,seaweeds
18,2017,100,296.475,67,371.85,0.7972972972972973,seaweeds
18,2018,150,145.72500000000002,100.5,371.85,0.39189189189189194,seaweeds
18,2019,150,75.375,100.5,371.85,0.2027027027027027,seaweeds
18,2020,159.4,93.6995,106.79800000000002,371.85,0.25198198198198196,seaweeds
18,2021,73,89.177,48.910000000000004,371.85,0.2398198198198198,seaweeds
18,2022,60,74.102,40.2,371.85,0.19927927927927927,seaweeds
20,2004,524294,351276.98000000004,351276.98000000004,1182996.1250275,0.2969384028978406,seaweeds
20,2005,591096,373655.65,396034.32,1182996.1250275,0.3158553456726783,seaweeds
20,2006,744470,415368.73333333334,498794.9,1182996.1250275,0.3511158866422133,seaweeds
20,2007,772044,440843.92000000004,517269.48000000004,1182996.1250275,0.37265034996606783,seaweeds
20,2008,903323,504331.2775,605226.41,1182996.1250275,0.4263169310789385,seaweeds
20,2009,839126,545876.3025,562214.42,1182996.1250275,0.4614354104391597,seaweeds
20,2010,880539,568667.86,589961.13,1182996.1250275,0.480701371686049,seaweeds
20,2011,966403,601222.9925,647490.01,1182996.1250275,0.5082205932720396,seaweeds
20,2012,1007948,618747.68,675325.16,1182996.1250275,0.5230344097582031,seaweeds
20,2013,1117970,665454.05,749039.9,1182996.1250275,0.5625158324035345,seaweeds
20,2014,1070485,697270.005,717224.9500000001,1182996.1250275,0.5894102188912843,seaweeds
20,2015,1168882,731185.2375,783150.9400000001,1182996.1250275,0.6180791483852095,seaweeds
20,2016,1318496,783202.0275000001,883392.3200000001,1182996.1250275,0.6620495290986635,seaweeds
20,2017,1706901,881847.9700000001,1143623.6700000002,1182996.1250275,0.7454360596316413,seaweeds
20,2018,1674300,982986.9825,1121781,1182996.1250275,0.8309300104234487,seaweeds
20,2019,1779288,1085229.9875,1192122.96,1182996.1250275,0.917357178557768,seaweeds
20,2020,1734059.71,1154836.908925,1161820.0057,1182996.1250275,0.9761966962471281,seaweeds
20,2021,1832888.473,1175939.8106525,1228035.27691,1182996.1250275,0.9940352176767815,seaweeds
20,2022,1716427.25,1182996.1250275,1150006.2575,1182996.1250275,1,seaweeds
21,2004,444295,297677.65,297677.65,404010,0.7368076285240465,seaweeds
21,2005,444295,297677.65,297677.65,404010,0.7368076285240465,seaweeds
21,2006,444300,297678.76666666666,297681,404010,0.7368103924820343,seaweeds
21,2007,444300,297679.325,297681,404010,0.7368117744610282,seaweeds
21,2008,444300,297680.1625,297681,404010,0.736813847429519,seaweeds
21,2009,444300,297681,297681,404010,0.7368159203980099,seaweeds
21,2010,445300,297848.5,298351,404010,0.7372305140961858,seaweeds
21,2011,445300,298016,298351,404010,0.7376451077943615,seaweeds
21,2012,445300,298183.5,298351,404010,0.7380597014925373,seaweeds
21,2013,446300,298518.5,299021,404010,0.7388888888888889,seaweeds
21,2014,502000,308015.75,336340,404010,0.762396351575456,seaweeds
21,2015,502000,317513,336340,404010,0.7859038142620233,seaweeds
21,2016,553000,335552.75,370510,404010,0.8305555555555556,seaweeds
21,2017,553000,353425,370510,404010,0.8747927031509121,seaweeds
21,2018,603000,370342.5,404010,404010,0.9166666666666666,seaweeds
21,2019,603000,387260,404010,404010,0.9585406301824212,seaweeds
21,2020,603000,395635,404010,404010,0.9792703150912107,seaweeds
21,2021,603000,404010,404010,404010,1,seaweeds
21,2022,603000,404010,404010,404010,1,seaweeds
24,2004,16840,11282.800000000001,11282.800000000001,134,1,seaweeds
24,2005,18000,11671.400000000001,12060,134,1,seaweeds
24,2006,6810,9301.833333333334,4562.7,134,1,seaweeds
24,2007,0,6976.375,0,134,1,seaweeds
24,2008,0,4155.675,0,134,1,seaweeds
24,2009,0,1140.675,0,134,1,seaweeds
24,2010,0,0,0,134,0,seaweeds
24,2011,0,0,0,134,0,seaweeds
24,2012,0,0,0,134,0,seaweeds
24,2013,0,0,0,134,0,seaweeds
24,2014,0,0,0,134,0,seaweeds
24,2015,200,33.5,134,134,0.25,seaweeds
24,2016,200,67,134,134,0.5,seaweeds
24,2017,200,100.5,134,134,0.75,seaweeds
24,2018,200,134,134,134,1,seaweeds
24,2019,100,117.25,67,134,0.875,seaweeds
24,2020,100,100.5,67,134,0.75,seaweeds
24,2021,100,83.75,67,134,0.625,seaweeds
24,2022,100,67,67,134,0.5,seaweeds
40,2011,1.25,0.8375,0.8375,1000.4775000000001,8.371002846140967e-4,seaweeds
40,2012,22.5,7.956250000000001,15.075000000000001,1000.4775000000001,0.007952452703833919,seaweeds
40,2013,25,10.887500000000001,16.75,1000.4775000000001,0.010882303699983258,seaweeds
40,2014,9,9.673125,6.03,1000.4775000000001,0.009668508287292817,seaweeds
40,2015,4760,806.7637500000001,3189.2000000000003,1000.4775000000001,0.8063787041687595,seaweeds
40,2016,199,836.3275000000001,133.33,1000.4775000000001,0.8359283442156371,seaweeds
40,2017,692,948.0500000000001,463.64000000000004,1000.4775000000001,0.9475975221831575,seaweeds
40,2018,322,1000.4775000000001,215.74,1000.4775000000001,1,seaweeds
40,2019,246.8,244.5165,165.35600000000002,1000.4775000000001,0.24439979909593168,seaweeds
40,2020,421.7,281.81875,282.539,1000.4775000000001,0.28168424577264356,seaweeds
40,2021,218,202.42375,146.06,1000.4775000000001,0.20232713879122718,seaweeds
40,2022,271,193.88125000000002,181.57000000000002,1000.4775000000001,0.1937887158881634,seaweeds
41,2004,920,616.4000000000001,616.4000000000001,38.525000000000006,1,seaweeds
41,2005,360,428.80000000000007,241.20000000000002,38.525000000000006,1,seaweeds
41,2006,150,319.3666666666667,100.5,38.525000000000006,1,seaweeds
41,2007,690,355.1,462.3,38.525000000000006,1,seaweeds
41,2008,700,318.25,469,38.525000000000006,1,seaweeds
41,2009,230,296.475,154.10000000000002,38.525000000000006,1,seaweeds
41,2010,0,271.35,0,38.525000000000006,1,seaweeds
41,2011,0,155.775,0,38.525000000000006,1,seaweeds
41,2012,0,38.525000000000006,0,38.525000000000006,1,seaweeds
41,2013,0,0,0,38.525000000000006,0,seaweeds
41,2014,0,0,0,38.525000000000006,0,seaweeds
41,2015,0,0,0,38.525000000000006,0,seaweeds
41,2016,0,0,0,38.525000000000006,0,seaweeds
41,2017,0,0,0,38.525000000000006,0,seaweeds
41,2018,0,0,0,38.525000000000006,0,seaweeds
41,2019,0,0,0,38.525000000000006,0,seaweeds
41,2020,0,0,0,38.525000000000006,0,seaweeds
41,2021,0,0,0,38.525000000000006,0,seaweeds
41,2022,0,0,0,38.525000000000006,0,seaweeds
42,2004,800,536,536,9577.181,0.055966364215106715,seaweeds
42,2005,900,569.5,603,9577.181,0.05946426197855089,seaweeds
42,2006,5300,1563.3333333333333,3551,9577.181,0.16323522896072792,seaweeds
42,2007,3650,1783.875,2445.5,9577.181,0.18626305590340206,seaweeds
42,2008,3650,2261.25,2445.5,9577.181,0.23610809903248148,seaweeds
42,2009,3600,2713.5,2412,9577.181,0.2833297188389778,seaweeds
42,2010,4000,2495.75,2680,9577.181,0.26059338337659066,seaweeds
42,2011,1699,2168.9575,1138.3300000000002,9577.181,0.22647139069419278,seaweeds
42,2012,1400,1792.0825,938,9577.181,0.18712004085544587,seaweeds
42,2013,3575,1787.895,2395.25,9577.181,0.18668280363501535,seaweeds
42,2014,6970,2285.3700000000003,4669.9000000000005,9577.181,0.2386265854221613,seaweeds
42,2015,15377,4576.435,10302.59,9577.181,0.4778478134641081,seaweeds
42,2016,17423,7260.2875,11673.41,9577.181,0.7580818927824378,seaweeds
42,2017,17407.2,9577.181,11662.824,9577.181,1,seaweeds
42,2018,5337,9303.6535,3575.7900000000004,9577.181,0.9714396647614784,seaweeds
42,2019,8864.59,8212.824825,5939.2753,9577.181,0.8575409428933211,seaweeds
42,2020,8084.51,6648.627750000001,5416.621700000001,9577.181,0.6942155264685924,seaweeds
42,2021,11658,5685.636750000001,7810.860000000001,9577.181,0.5936649573606263,seaweeds
42,2022,15816.45,7440.944625,10597.0215,9577.181,0.7769451809462513,seaweeds
43,2010,40,26.8,26.8,619.75,0.043243243243243246,seaweeds
43,2011,160,67,107.2,619.75,0.10810810810810811,seaweeds
43,2012,400,134,268,619.75,0.21621621621621623,seaweeds
43,2013,400,167.5,268,619.75,0.2702702702702703,seaweeds
43,2014,400,227.8,268,619.75,0.3675675675675676,seaweeds
43,2015,300,251.25,201,619.75,0.40540540540540543,seaweeds
43,2016,350,242.875,234.5,619.75,0.3918918918918919,seaweeds
43,2017,510,261.3,341.70000000000005,619.75,0.42162162162162165,seaweeds
43,2018,640,301.5,428.8,619.75,0.4864864864864865,seaweeds
43,2019,760,378.55,509.20000000000005,619.75,0.6108108108108108,seaweeds
43,2020,850,462.3,569.5,619.75,0.745945945945946,seaweeds
43,2021,1030,549.4,690.1,619.75,0.8864864864864864,seaweeds
43,2022,1060,619.75,710.2,619.75,1,seaweeds
61,2019,50,33.5,33.5,33.5,1,seaweeds
61,2020,20,23.45,13.4,33.5,0.7,seaweeds
61,2021,30,22.333333333333336,20.1,33.5,0.6666666666666667,seaweeds
61,2022,79,29.9825,52.93,33.5,0.895,seaweeds
62,2016,8.1,5.4270000000000005,5.4270000000000005,120.75276000000002,0.04494307210866236,seaweeds
62,2017,72.31,26.937350000000002,48.447700000000005,120.75276000000002,0.22307854495416915,seaweeds
62,2018,130,46.99156666666667,87.10000000000001,120.75276000000002,0.3891552182050883,seaweeds
62,2019,272.802,80.93801000000002,182.77734000000004,120.75276000000002,0.6702787580176222,seaweeds
62,2020,190,111.40626000000002,127.30000000000001,120.75276000000002,0.9225980424795259,seaweeds
62,2021,84.11,113.38276000000002,56.3537,120.75276000000002,0.9389661983709523,seaweeds
62,2022,174,120.75276000000002,116.58000000000001,120.75276000000002,1,seaweeds
73,2004,216,144.72,144.72,14056.935000000001,0.010295274183170085,seaweeds
73,2005,245,154.435,164.15,14056.935000000001,0.010986392126021781,seaweeds
73,2006,818,285.6433333333334,548.0600000000001,14056.935000000001,0.020320456296719972,seaweeds
73,2007,300,264.4825,201,14056.935000000001,0.018815090202807368,seaweeds
73,2008,260,271.8525,174.20000000000002,14056.935000000001,0.019339386573246586,seaweeds
73,2009,739,354.5975,495.13000000000005,14056.935000000001,0.02522580491408689,seaweeds
73,2010,614,320.4275,411.38000000000005,14056.935000000001,0.022794976287505063,seaweeds
73,2011,821,407.69500000000005,550.07,14056.935000000001,0.029003121946569434,seaweeds
73,2012,1584,629.465,1061.28,14056.935000000001,0.04477967636614952,seaweeds
73,2013,642,613.2175,430.14000000000004,14056.935000000001,0.04362384118586306,seaweeds
73,2014,2386,910.0275,1598.6200000000001,14056.935000000001,0.06473868592264245,seaweeds
73,2015,2036,1113.54,1364.1200000000001,14056.935000000001,0.07921641524272538,seaweeds
73,2016,1189,1047.3775,796.63,14056.935000000001,0.07450966373537332,seaweeds
73,2017,1517,1193.94,1016.3900000000001,14056.935000000001,0.08493601201115321,seaweeds
73,2018,4527,1552.5575000000001,3033.09,14056.935000000001,0.1104477967636615,seaweeds
73,2019,10573,2982.505,7083.910000000001,14056.935000000001,0.21217320845547055,seaweeds
73,2020,20832,6272.7075,13957.44,14056.935000000001,0.4462357903767784,seaweeds
73,2021,23863,10015.6625,15988.210000000001,14056.935000000001,0.7125068516002955,seaweeds
73,2022,28654,14056.935000000001,19198.18,14056.935000000001,1,seaweeds
101,2004,67,44.89,44.89,87.10000000000001,0.5153846153846153,seaweeds
101,2005,67,44.89,44.89,87.10000000000001,0.5153846153846153,seaweeds
101,2006,70,45.56,46.900000000000006,87.10000000000001,0.5230769230769231,seaweeds
101,2007,27,38.6925,18.09,87.10000000000001,0.4442307692307692,seaweeds
101,2008,132,49.580000000000005,88.44000000000001,87.10000000000001,0.5692307692307692,seaweeds
101,2009,130,60.13250000000001,87.10000000000001,87.10000000000001,0.6903846153846154,seaweeds
101,2010,130,70.1825,87.10000000000001,87.10000000000001,0.8057692307692308,seaweeds
101,2011,130,87.435,87.10000000000001,87.10000000000001,1,seaweeds
101,2012,130,87.10000000000001,87.10000000000001,87.10000000000001,1,seaweeds
101,2013,130,87.10000000000001,87.10000000000001,87.10000000000001,1,seaweeds
101,2014,130,87.10000000000001,87.10000000000001,87.10000000000001,1,seaweeds
101,2015,130,87.10000000000001,87.10000000000001,87.10000000000001,1,seaweeds
101,2016,50,73.7,33.5,87.10000000000001,0.8461538461538461,seaweeds
101,2017,50,60.300000000000004,33.5,87.10000000000001,0.6923076923076923,seaweeds
101,2018,0,38.525000000000006,0,87.10000000000001,0.44230769230769235,seaweeds
101,2019,0,16.75,0,87.10000000000001,0.1923076923076923,seaweeds
101,2020,0,8.375,0,87.10000000000001,0.09615384615384615,seaweeds
101,2021,0,0,0,87.10000000000001,0,seaweeds
101,2022,0,0,0,87.10000000000001,0,seaweeds
102,2004,2845,1906.15,1906.15,2037.4783750000001,0.9355436717211784,seaweeds
102,2005,3000,1958.0750000000003,2010.0000000000002,2037.4783750000001,0.9610286047821245,seaweeds
102,2006,3000,1975.3833333333334,2010.0000000000002,2037.4783750000001,0.9695235824691063,seaweeds
102,2007,3000,1984.0375000000001,2010.0000000000002,2037.4783750000001,0.9737710713125973,seaweeds
102,2008,1834,1814.6950000000002,1228.78,2037.4783750000001,0.8906573057493187,seaweeds
102,2009,1900,1630.4450000000002,1273,2037.4783750000001,0.800226898113704,seaweeds
102,2010,2015,1465.4575,1350.0500000000002,2037.4783750000001,0.7192505785490851,seaweeds
102,2011,2000,1297.9575,1340,2037.4783750000001,0.6370411170621626,seaweeds
102,2012,2000,1325.7625,1340,2037.4783750000001,0.6506878876689918,seaweeds
102,2013,1800,1309.0125,1206,2037.4783750000001,0.6424669415202996,seaweeds
102,2014,2000,1306.5,1340,2037.4783750000001,0.6412337995979956,seaweeds
102,2015,1300,1189.25,871,2037.4783750000001,0.58368717655715,seaweeds
102,2016,2500,1273,1675,2037.4783750000001,0.6247919073006112,seaweeds
102,2017,862,1115.885,577.5400000000001,2037.4783750000001,0.5476794324258778,seaweeds
102,2018,1687.07,1063.469225,1130.3369,2037.4783750000001,0.5219536256427753,seaweeds
102,2019,2154.54,1206.604675,1443.5418,2037.4783750000001,0.5922048988618099,seaweeds
102,2020,3715,1410.117175,2489.05,2037.4783750000001,0.6920893945684209,seaweeds
102,2021,2595.03,1700.3997000000002,1738.6701000000003,2037.4783750000001,0.8345608576091023,seaweeds
102,2022,3699.48,2037.4783750000001,2478.6516,2037.4783750000001,1,seaweeds
119,2018,1,0.67,0.67,1.1725,0.5714285714285714,seaweeds
119,2019,1,0.67,0.67,1.1725,0.5714285714285714,seaweeds
119,2020,2,0.8933333333333334,1.34,1.1725,0.761904761904762,seaweeds
119,2021,2,1.0050000000000001,1.34,1.1725,0.8571428571428572,seaweeds
119,2022,2,1.1725,1.34,1.1725,1,seaweeds
120,2004,5,3.35,3.35,6.7,0.5,seaweeds
120,2005,5,3.35,3.35,6.7,0.5,seaweeds
120,2006,5,3.35,3.35,6.7,0.5,seaweeds
120,2007,5,3.35,3.35,6.7,0.5,seaweeds
120,2008,8,3.8525,5.36,6.7,0.575,seaweeds
120,2009,8,4.355,5.36,6.7,0.65,seaweeds
120,2010,8,4.8575,5.36,6.7,0.725,seaweeds
120,2011,8,5.36,5.36,6.7,0.8,seaweeds
120,2012,8,5.36,5.36,6.7,0.8,seaweeds
120,2013,8,5.36,5.36,6.7,0.8,seaweeds
120,2014,8,5.36,5.36,6.7,0.8,seaweeds
120,2015,10,5.695,6.7,6.7,0.85,seaweeds
120,2016,10,6.03,6.7,6.7,0.9,seaweeds
120,2017,10,6.365,6.7,6.7,0.95,seaweeds
120,2018,10,6.7,6.7,6.7,1,seaweeds
120,2019,10,6.7,6.7,6.7,1,seaweeds
120,2020,10,6.7,6.7,6.7,1,seaweeds
120,2021,10,6.7,6.7,6.7,1,seaweeds
120,2022,10,6.7,6.7,6.7,1,seaweeds
122,2004,5,3.35,3.35,98.90205,0.033871896487484336,seaweeds
122,2005,14,6.365,9.38,98.90205,0.06435660332622023,seaweeds
122,2006,9.7,6.409666666666666,6.499,98.90205,0.06480822861272002,seaweeds
122,2007,10.1,6.4990000000000006,6.767,98.90205,0.06571147918571961,seaweeds
122,2008,6.8,6.8005,4.556,98.90205,0.0687599498695932,seaweeds
122,2009,12.1,6.4822500000000005,8.107000000000001,98.90205,0.06554211970328219,seaweeds
122,2010,15.4,7.437000000000001,10.318000000000001,98.90205,0.07519561020221523,seaweeds
122,2011,10.9,7.571000000000001,7.303000000000001,98.90205,0.07655048606171459,seaweeds
122,2012,14.9,8.927750000000001,9.983,98.90205,0.09026860413914577,seaweeds
122,2013,26,11.256,17.42,98.90205,0.11380957219794736,seaweeds
122,2014,20.6,12.127,13.802000000000001,98.90205,0.1226162652846933,seaweeds
122,2015,2.3,10.6865,1.541,98.90205,0.10805134979507502,seaweeds
122,2016,5.3,9.0785,3.551,98.90205,0.09179283948108255,seaweeds
122,2017,14,7.0685,9.38,98.90205,0.07146970158859195,seaweeds
122,2018,45,11.1555,30.150000000000002,98.90205,0.11279341530332283,seaweeds
122,2019,102.5,27.939,68.675,98.90205,0.28249161670561934,seaweeds
122,2020,82.49,40.868325,55.268299999999996,98.90205,0.4132202011990651,seaweeds
122,2021,204.17,72.7218,136.7939,98.90205,0.7352911289503099,seaweeds
122,2022,201.3,98.90205,134.871,98.90205,1,seaweeds
125,2015,1.4,0.938,0.938,15.2425,0.061538461538461535,seaweeds
125,2016,22.1,7.872500000000001,14.807000000000002,15.2425,0.5164835164835165,seaweeds
125,2017,18,9.268333333333334,12.06,15.2425,0.6080586080586081,seaweeds
125,2018,20,10.301250000000001,13.4,15.2425,0.675824175824176,seaweeds
125,2019,22,13.751750000000001,14.74,15.2425,0.9021978021978023,seaweeds
125,2020,22,13.735,14.74,15.2425,0.9010989010989011,seaweeds
125,2021,22,14.405000000000001,14.74,15.2425,0.9450549450549451,seaweeds
125,2022,25,15.2425,16.75,15.2425,1,seaweeds
127,2013,0.5,0.335,0.335,6.584425,0.05087763927753752,seaweeds
127,2014,1.4,0.6365,0.938,6.584425,0.09666751462732127,seaweeds
127,2015,1.4,0.737,0.938,6.584425,0.11193080641058253,seaweeds
127,2016,1.4,0.78725,0.938,6.584425,0.11956245230221317,seaweeds
127,2017,1.1,0.88775,0.7370000000000001,6.584425,0.13482574408547443,seaweeds
127,2018,1,0.82075,0.67,6.584425,0.12465021622996691,seaweeds
127,2019,0.24,0.6264500000000001,0.1608,6.584425,0.09514118544899516,seaweeds
127,2020,13.07,2.581175,8.7569,6.584425,0.39201221063342656,seaweeds
127,2021,13,4.574425000000001,8.71,6.584425,0.694734164334775,seaweeds
127,2022,13,6.584425,8.71,6.584425,1,seaweeds
137,2014,35,23.450000000000003,23.450000000000003,53.6,0.43750000000000006,seaweeds
137,2015,40,25.125,26.8,53.6,0.46875,seaweeds
137,2016,60,30.150000000000002,40.2,53.6,0.5625,seaweeds
137,2017,60,32.6625,40.2,53.6,0.609375,seaweeds
137,2018,60,36.85,40.2,53.6,0.6875,seaweeds
137,2019,60,40.2,40.2,53.6,0.75,seaweeds
137,2020,60,40.2,40.2,53.6,0.75,seaweeds
137,2021,100,46.900000000000006,67,53.6,0.8750000000000001,seaweeds
137,2022,100,53.6,67,53.6,1,seaweeds
138,2004,0,0,0,2.8441500000000004,0,seaweeds
138,2005,0,0,0,2.8441500000000004,0,seaweeds
138,2006,0,0,0,2.8441500000000004,0,seaweeds
138,2007,0,0,0,2.8441500000000004,0,seaweeds
138,2008,0,0,0,2.8441500000000004,0,seaweeds
138,2009,0,0,0,2.8441500000000004,0,seaweeds
138,2010,0,0,0,2.8441500000000004,0,seaweeds
138,2011,0,0,0,2.8441500000000004,0,seaweeds
138,2012,15.4,2.5795000000000003,10.318000000000001,2.8441500000000004,0.9069493521790342,seaweeds
138,2013,0,2.5795000000000003,0,2.8441500000000004,0.9069493521790342,seaweeds
138,2014,0,2.5795000000000003,0,2.8441500000000004,0.9069493521790342,seaweeds
138,2015,1.58,2.8441500000000004,1.0586000000000002,2.8441500000000004,1,seaweeds
138,2016,1.27,0.4773750000000001,0.8509000000000001,2.8441500000000004,0.1678445229681979,seaweeds
138,2017,1.55,0.7370000000000001,1.0385000000000002,2.8441500000000004,0.2591283863368669,seaweeds
138,2018,1,0.9045000000000001,0.67,2.8441500000000004,0.31802120141342755,seaweeds
138,2019,0,0.63985,0,2.8441500000000004,0.2249705535924617,seaweeds
138,2020,0,0.4271250000000001,0,2.8441500000000004,0.1501766784452297,seaweeds
138,2021,0,0.1675,0,2.8441500000000004,0.058892815076560655,seaweeds
138,2022,0,0,0,2.8441500000000004,0,seaweeds
139,2004,0,0,0,2845.3225,0,seaweeds
139,2005,0,0,0,2845.3225,0,seaweeds
139,2006,0,0,0,2845.3225,0,seaweeds
139,2007,0,0,0,2845.3225,0,seaweeds
139,2008,0,0,0,2845.3225,0,seaweeds
139,2009,0,0,0,2845.3225,0,seaweeds
139,2010,0,0,0,2845.3225,0,seaweeds
139,2011,0,0,0,2845.3225,0,seaweeds
139,2012,0,0,0,2845.3225,0,seaweeds
139,2013,0,0,0,2845.3225,0,seaweeds
139,2014,0,0,0,2845.3225,0,seaweeds
139,2015,0,0,0,2845.3225,0,seaweeds
139,2016,0,0,0,2845.3225,0,seaweeds
139,2017,0,0,0,2845.3225,0,seaweeds
139,2018,101,16.9175,67.67,2845.3225,0.0059457232000941895,seaweeds
139,2019,4276,733.1475,2864.92,2845.3225,0.2576676281862601,seaweeds
139,2020,4501,1487.065,3015.67,2845.3225,0.5226349561429328,seaweeds
139,2021,4005,2157.9025,2683.3500000000004,2845.3225,0.7584034850179548,seaweeds
139,2022,4205,2845.3225,2817.3500000000004,2845.3225,1,seaweeds
141,2015,20,13.4,13.4,56.95,0.23529411764705882,seaweeds
141,2016,30,16.75,20.1,56.95,0.29411764705882354,seaweeds
141,2017,58,24.12,38.86,56.95,0.4235294117647059,seaweeds
141,2018,60,28.14,40.2,56.95,0.4941176470588235,seaweeds
141,2019,70,36.515,46.900000000000006,56.95,0.6411764705882352,seaweeds
141,2020,85,45.727500000000006,56.95,56.95,0.8029411764705883,seaweeds
141,2021,90,51.087500000000006,60.300000000000004,56.95,0.8970588235294118,seaweeds
141,2022,95,56.95,63.650000000000006,56.95,1,seaweeds
152,2016,2,1.34,1.34,1.675,0.8,seaweeds
152,2017,2,1.34,1.34,1.675,0.8,seaweeds
152,2018,2,1.34,1.34,1.675,0.8,seaweeds
152,2019,2,1.34,1.34,1.675,0.8,seaweeds
152,2020,2,1.34,1.34,1.675,0.8,seaweeds
152,2021,2,1.34,1.34,1.675,0.8,seaweeds
152,2022,4,1.675,2.68,1.675,1,seaweeds
155,2004,30,20.1,20.1,201,0.1,seaweeds
155,2005,80,36.85,53.6,201,0.18333333333333335,seaweeds
155,2006,0.1,24.589000000000002,0.067,201,0.12233333333333335,seaweeds
155,2007,0,18.44175,0,201,0.09175,seaweeds
155,2008,300.1,63.68350000000001,201.06700000000004,201,0.31683333333333336,seaweeds
155,2009,300,100.5335,201,201,0.5001666666666666,seaweeds
155,2010,300,150.76675,201,201,0.7500833333333333,seaweeds
155,2011,300,201.01675,201,201,1,seaweeds
155,2012,300,201,201,201,1,seaweeds
155,2013,132,172.86,88.44000000000001,201,0.8600000000000001,seaweeds
155,2014,87,137.1825,58.290000000000006,201,0.6825,seaweeds
155,2015,54,95.9775,36.18,201,0.47750000000000004,seaweeds
155,2016,21,49.245000000000005,14.07,201,0.24500000000000002,seaweeds
155,2017,70,38.86,46.900000000000006,201,0.19333333333333333,seaweeds
155,2018,80,37.6875,53.6,201,0.1875,seaweeds
155,2019,90,43.7175,60.300000000000004,201,0.2175,seaweeds
155,2020,105,57.78750000000001,70.35000000000001,201,0.28750000000000003,seaweeds
155,2021,100,62.8125,67,201,0.3125,seaweeds
155,2022,100,66.16250000000001,67,201,0.3291666666666667,seaweeds
163,2015,12.5,8.375,8.375,296.9775,0.028200789622109416,seaweeds
163,2016,18.5,10.385000000000002,12.395000000000001,296.9775,0.03496897913141568,seaweeds
163,2017,33,14.293333333333335,22.110000000000003,296.9775,0.04812934762173341,seaweeds
163,2018,52.5,19.51375,35.175000000000004,296.9775,0.06570783981951495,seaweeds
163,2019,263,61.472500000000004,176.21,296.9775,0.20699379582628313,seaweeds
163,2020,340,115.32375,227.8,296.9775,0.3883248730964467,seaweeds
163,2021,430,181.82125000000002,288.1,296.9775,0.6122391426959956,seaweeds
163,2022,740,296.9775,495.8,296.9775,1,seaweeds
164,2012,7.2,4.824000000000001,4.824000000000001,9.112,0.5294117647058825,seaweeds
164,2013,20,9.112,13.4,9.112,1,seaweeds
164,2014,4.4,7.057333333333334,2.9480000000000004,9.112,0.7745098039215687,seaweeds
164,2015,6,6.298,4.0200000000000005,9.112,0.6911764705882353,seaweeds
164,2016,6,6.097,4.0200000000000005,9.112,0.6691176470588236,seaweeds
164,2017,5,3.5845000000000002,3.35,9.112,0.3933823529411765,seaweeds
164,2018,6,3.8525000000000005,4.0200000000000005,9.112,0.4227941176470589,seaweeds
164,2019,9,4.355,6.03,9.112,0.47794117647058826,seaweeds
164,2020,9,4.8575,6.03,9.112,0.5330882352941176,seaweeds
164,2021,9,5.5275,6.03,9.112,0.6066176470588235,seaweeds
164,2022,10,6.1975,6.7,9.112,0.6801470588235293,seaweeds
171,2008,320,214.4,214.4,725.275,0.2956120092378753,seaweeds
171,2009,520,281.40000000000003,348.40000000000003,725.275,0.3879907621247114,seaweeds
171,2010,730,350.6333333333333,489.1,725.275,0.4834488067744419,seaweeds
171,2011,730,385.25,489.1,725.275,0.5311778290993072,seaweeds
171,2012,730,453.925,489.1,725.275,0.6258660508083141,seaweeds
171,2013,730,489.1,489.1,725.275,0.674364896073903,seaweeds
171,2014,730,489.1,489.1,725.275,0.674364896073903,seaweeds
171,2015,730,489.1,489.1,725.275,0.674364896073903,seaweeds
171,2016,730,489.1,489.1,725.275,0.674364896073903,seaweeds
171,2017,750,492.45000000000005,502.50000000000006,725.275,0.6789838337182449,seaweeds
171,2018,750,495.80000000000007,502.50000000000006,725.275,0.6836027713625867,seaweeds
171,2019,1050,549.4000000000001,703.5,725.275,0.7575057736720556,seaweeds
171,2020,1050,603,703.5,725.275,0.8314087759815243,seaweeds
171,2021,1130,666.65,757.1,725.275,0.9191685912240185,seaweeds
171,2022,1100,725.275,737,725.275,1,seaweeds
175,2008,1000,670,670,804,0.8333333333333334,seaweeds
175,2009,1001,670.335,670.6700000000001,804,0.83375,seaweeds
175,2010,1000,670.2233333333334,670,804,0.8336111111111112,seaweeds
175,2011,1000,670.1675,670,804,0.8335416666666667,seaweeds
175,2012,1000,670.1675,670,804,0.8335416666666667,seaweeds
175,2013,1800,804,1206,804,1,seaweeds
175,2014,100,653.25,67,804,0.8125,seaweeds
175,2015,100.5,502.58375,67.33500000000001,804,0.6251041666666667,seaweeds
175,2016,100,351.83375,67,804,0.4376041666666667,seaweeds
175,2017,10,52.00875,6.7,804,0.0646875,seaweeds
175,2018,12,37.268750000000004,8.040000000000001,804,0.04635416666666667,seaweeds
175,2019,0,20.435,0,804,0.025416666666666664,seaweeds
175,2020,22,7.37,14.74,804,0.009166666666666667,seaweeds
175,2021,9.4,7.269500000000001,6.298000000000001,804,0.009041666666666668,seaweeds
175,2022,7.5,6.515750000000001,5.025,804,0.008104166666666668,seaweeds
179,2004,37,24.790000000000003,24.790000000000003,119.31025,0.20777762178857226,seaweeds
179,2005,45,27.470000000000002,30.150000000000002,119.31025,0.23024006738733682,seaweeds
179,2006,32,25.46,21.44,119.31025,0.2133932331882634,seaweeds
179,2007,35,24.957500000000003,23.450000000000003,119.31025,0.20918152463849504,seaweeds
179,2008,52.6,27.570500000000003,35.242000000000004,119.31025,0.2310824090972905,seaweeds
179,2009,124.8,40.937000000000005,83.616,119.31025,0.3431138565211288,seaweeds
179,2010,440,109.277,294.8,119.31025,0.9159062192896252,seaweeds
179,2011,47.5,111.37075,31.825000000000003,119.31025,0.93345500491366,seaweeds
179,2012,100,119.31025,67,119.31025,1,seaweeds
179,2013,100,115.15625,67,119.31025,0.9651832093219149,seaweeds
179,2014,100,58.20625,67,119.31025,0.4878562403481679,seaweeds
179,2015,100,67,67,119.31025,0.5615611399691142,seaweeds
179,2016,100,67,67,119.31025,0.5615611399691142,seaweeds
179,2017,100,67,67,119.31025,0.5615611399691142,seaweeds
179,2018,67.8,61.6065,45.426,119.31025,0.5163554682016004,seaweeds
179,2019,176.09,74.351575,117.98030000000001,119.31025,0.6231784360522252,seaweeds
179,2020,97.625,73.95376250000001,65.40875,119.31025,0.6198441667836587,seaweeds
179,2021,126.568,78.4039025,84.80056,119.31025,0.6571430577004072,seaweeds
179,2022,181.738,97.4885175,121.76446000000001,119.31025,0.8171009406149095,seaweeds
181,2015,70,46.900000000000006,46.900000000000006,132.4925,0.3539823008849558,seaweeds
181,2016,50,40.2,33.5,132.4925,0.3034134007585335,seaweeds
181,2017,41,35.95666666666667,27.470000000000002,132.4925,0.2713864306784661,seaweeds
181,2018,40,33.667500000000004,26.8,132.4925,0.25410872313527183,seaweeds
181,2019,42,28.9775,28.14,132.4925,0.21871049304677623,seaweeds
181,2020,42,27.637500000000003,28.14,132.4925,0.2085967130214918,seaweeds
181,2021,214,56.615,143.38,132.4925,0.427307206068268,seaweeds
181,2022,493,132.4925,330.31,132.4925,1,seaweeds
182,2005,0.1,0.067,0.067,4.0801325,0.016421035346278583,seaweeds
182,2006,1.2,0.4355,0.804,4.0801325,0.10673672975081078,seaweeds
182,2007,22.5,5.315333333333334,15.075000000000001,4.0801325,1,seaweeds
182,2008,11.7,5.94625,7.839,4.0801325,1,seaweeds
182,2009,4.7,6.71675,3.1490000000000005,4.0801325,1,seaweeds
182,2010,1.25,6.725125,0.8375,4.0801325,1,seaweeds
182,2011,1.841,3.2647425,1.23347,4.0801325,0.8001559998357896,seaweeds
182,2012,2.281,1.6870600000000002,1.5282700000000002,4.0801325,0.41348167001929476,seaweeds
182,2013,1.8,1.20131,1.2060000000000002,4.0801325,0.294429163758775,seaweeds
182,2014,3.063,1.5049875000000001,2.05221,4.0801325,0.3688575064657827,seaweeds
182,2015,1.3419999999999999,1.421405,0.8991399999999999,4.0801325,0.34837226487130013,seaweeds
182,2016,1.82,1.3441875,1.2194,4.0801325,0.32944702163471407,seaweeds
182,2017,5.421,1.9507050000000001,3.6320700000000006,4.0801325,0.47809844410690094,seaweeds
182,2018,7.27,2.6553775,4.8709,4.0801325,0.6508066833613859,seaweeds
182,2019,6.047,3.443465,4.05149,4.0801325,0.8439591116219878,seaweeds
182,2020,5.621,4.0801325,3.7660700000000005,4.0801325,1,seaweeds
182,2021,5,4.009615,3.35,4.0801325,0.9827168602980417,seaweeds
182,2022,4.665,3.5732775,3.12555,4.0801325,0.8757748676054025,seaweeds
183,2014,3.52,2.3584,2.3584,20.131825,0.11714784923870539,seaweeds
183,2015,1.98,1.8425,1.3266,20.131825,0.09152175721773859,seaweeds
183,2016,2,1.675,1.34,20.131825,0.08320159747067145,seaweeds
183,2017,33.47,6.862475,22.4249,20.131825,0.3408769448373409,seaweeds
183,2018,34.72,12.088475,23.2624,20.131825,0.6004659289458358,seaweeds
183,2019,35,17.619325,23.450000000000003,20.131825,0.8751976037939929,seaweeds
183,2020,17,20.131825,11.39,20.131825,1,seaweeds
183,2021,17,17.3731,11.39,20.131825,0.8629669689658043,seaweeds
183,2022,17,14.405000000000001,11.39,20.131825,0.7155337382477744,seaweeds
184,2004,0,0,0,0,NA,seaweeds
184,2005,0,0,0,0,NA,seaweeds
184,2006,0,0,0,0,NA,seaweeds
184,2007,0,0,0,0,NA,seaweeds
184,2008,0,0,0,0,NA,seaweeds
184,2009,0,0,0,0,NA,seaweeds
184,2010,0,0,0,0,NA,seaweeds
184,2011,0,0,0,0,NA,seaweeds
184,2012,0,0,0,0,NA,seaweeds
184,2013,0,0,0,0,NA,seaweeds
184,2014,0,0,0,0,NA,seaweeds
184,2015,0,0,0,0,NA,seaweeds
184,2016,0,0,0,0,NA,seaweeds
184,2017,0,0,0,0,NA,seaweeds
184,2018,0,0,0,0,NA,seaweeds
184,2019,0,0,0,0,NA,seaweeds
184,2020,0,0,0,0,NA,seaweeds
184,2021,0,0,0,0,NA,seaweeds
184,2022,0,0,0,0,NA,seaweeds
202,2004,74860,50156.200000000004,50156.200000000004,98527.0175,0.5090603701669951,seaweeds
202,2005,76620,50745.8,51335.4,98527.0175,0.5150445155817287,seaweeds
202,2006,79960,51688.26666666667,53573.200000000004,98527.0175,0.5246100813583103,seaweeds
202,2007,88850,53648.575000000004,59529.5,98527.0175,0.5445062315014255,seaweeds
202,2008,112925,60024.4625,75659.75,98527.0175,0.6092183040047873,seaweeds
202,2009,108201.95,65314.439125000004,72495.3065,98527.0175,0.6629089236868456,seaweeds
202,2010,132042,74038.174125,88468.14,98527.0175,0.7514504752465485,seaweeds
202,2011,137000.8,82103.433125,91790.536,98527.0175,0.833308824404433,seaweeds
202,2012,157386,89550.65062500001,105448.62000000001,98527.0175,0.9088943611329756,seaweeds
202,2013,117127,91045.5965,78475.09000000001,98527.0175,0.9240673148357504,seaweeds
202,2014,139725,92332.49900000001,93615.75,98527.0175,0.9371287322281933,seaweeds
202,2015,173983,98527.0175,116568.61,98527.0175,1,seaweeds
202,2016,118647,92038.235,79493.49,98527.0175,0.9341420996530215,seaweeds
202,2017,117610,92119.13750000001,78798.70000000001,98527.0175,0.9349632196062365,seaweeds
202,2018,105579.5,86399.76625,70738.265,98527.0175,0.8769144590213542,seaweeds
202,2019,98081,73686.18125000001,65714.27,98527.0175,0.7478779234335395,seaweeds
202,2020,89256,68763.18875,59801.520000000004,98527.0175,0.6979120092618251,seaweeds
202,2021,144846,73325.21875,97046.82,98527.0175,0.7442143344083261,seaweeds
202,2022,167378,83676.4675,112143.26000000001,98527.0175,0.849274337366398,seaweeds
203,2004,1008,675.36,675.36,3551.335,0.19017073860956513,seaweeds
203,2005,1080,699.48,723.6,3551.335,0.1969625507027639,seaweeds
203,2006,1952,902.2666666666668,1307.8400000000001,3551.335,0.2540640820048423,seaweeds
203,2007,2520,1098.8000000000002,1688.4,3551.335,0.30940477313461,seaweeds
203,2008,4704,1717.88,3151.6800000000003,3551.335,0.483727950193378,seaweeds
203,2009,6920,2696.0800000000004,4636.4000000000005,3551.335,0.7591736628619943,seaweeds
203,2010,4240,3079.32,2840.8,3551.335,0.867088010565041,seaweeds
203,2011,4500,3410.9700000000003,3015,3551.335,0.960475426846524,seaweeds
203,2012,4500,3376.8,3015,3551.335,0.9508536930478257,seaweeds
203,2013,4500,2971.45,3015,3551.335,0.8367135175926799,seaweeds
203,2014,3000,2763.75,2010.0000000000002,3551.335,0.7782284690123573,seaweeds
203,2015,3000,2512.5,2010.0000000000002,3551.335,0.7074804263748703,seaweeds
203,2016,2000,2093.75,1340,3551.335,0.5895670219790585,seaweeds
203,2017,4869,2155.5575,3262.23,3551.335,0.6069710404678803,seaweeds
203,2018,5302,2541.1425,3552.34,3551.335,0.7155457032355438,seaweeds
203,2019,5300,2926.3925,3551,3551.335,0.8240260352796905,seaweeds
203,2020,5300,3479.1425,3551,3551.335,0.979671729082162,seaweeds
203,2021,5300,3551.335,3551,3551.335,1,seaweeds
203,2022,5300,3551,3551,3551.335,0.9999056692764834,seaweeds
205,2008,288,192.96,192.96,1547.097,0.12472391840977004,seaweeds
205,2009,1200,498.48,804,1547.097,0.32220345589190597,seaweeds
205,2010,2094.1,800.0023333333334,1403.047,1547.097,0.5170990140458764,seaweeds
205,2011,2336.4,991.34875,1565.3880000000001,1547.097,0.6407799575592222,seaweeds
205,2012,3200,1479.10875,2144,1547.097,0.9560543068728077,seaweeds
205,2013,1600,1546.10875,1072,1547.097,0.9993612229873111,seaweeds
205,2014,2100,1547.097,1407,1547.097,1,seaweeds
205,2015,2324,1545.02,1557.0800000000002,1547.097,0.9986574856004504,seaweeds
205,2016,29.94,1014.0349500000001,20.059800000000003,1547.097,0.6554436793555931,seaweeds
205,2017,171.255,774.7201625,114.74085000000001,1547.097,0.5007573296955524,seaweeds
205,2018,1356.1,650.1169125,908.587,1547.097,0.42021729245160455,seaweeds
205,2019,11.422,262.7600975,7.6527400000000005,1547.097,0.1698407388159889,seaweeds
205,2020,0,257.7451475,0,1547.097,0.16659921614481832,seaweeds
205,2021,0,229.059935,0,1547.097,0.1480579013468451,seaweeds
205,2022,0,1.9131850000000001,0,1547.097,0.0012366289896496472,seaweeds
206,2004,30948,20735.16,20735.16,185424.76125,0.11182519454369796,seaweeds
206,2005,40000,23767.58,26800,185424.76125,0.1281791053135305,seaweeds
206,2006,60000,29245.053333333333,40200,185424.76125,0.1577192449173685,seaweeds
206,2007,90269,37053.8475,60480.23,185424.76125,0.19983225136820826,seaweeds
206,2008,111298,50512.4725,74569.66,185424.76125,0.2724149253825721,seaweeds
206,2009,138857,67071.02,93034.19,185424.76125,0.3617155527010285,seaweeds
206,2010,207892,91842.93000000001,139287.64,185424.76125,0.49531103279228306,seaweeds
206,2011,239450,116830.7475,160431.5,185424.76125,0.6300709069943591,seaweeds
206,2012,331490,153712.9075,222098.30000000002,185424.76125,0.8289772437282833,seaweeds
206,2013,269431.2,175584.086,180518.904,185424.76125,0.9469290121574849,seaweeds
206,2014,245332,181855.28600000002,164372.44,185424.76125,0.980749737920992,seaweeds
206,2015,260760.3,185424.76125,174709.401,185424.76125,1,seaweeds
206,2016,205989,164403.34375,138012.63,185424.76125,0.8866310121782616,seaweeds
206,2017,202965.58,153270.3524,135986.9386,185424.76125,0.8265905339004447,seaweeds
206,2018,174083.2,141336.1784,116635.74400000002,185424.76125,0.7622292591734428,seaweeds
206,2019,188110,129167.25315,126033.70000000001,185424.76125,0.6966019655586856,seaweeds
206,2020,182061,125159.31315,121980.87000000001,185424.76125,0.6749870530034187,seaweeds
206,2021,178873.3,121123.85625000001,119845.111,185424.76125,0.6532237411738882,seaweeds
206,2022,307964.96,143549.05105,206336.52320000003,185424.76125,0.774163332244819,seaweeds
207,2004,15000,10050,10050,11447.452500000001,0.8779245862780386,seaweeds
207,2005,15000,10050,10050,11447.452500000001,0.8779245862780386,seaweeds
207,2006,15000,10050,10050,11447.452500000001,0.8779245862780386,seaweeds
207,2007,15000,10050,10050,11447.452500000001,0.8779245862780386,seaweeds
207,2008,15000,10050,10050,11447.452500000001,0.8779245862780386,seaweeds
207,2009,15000,10050,10050,11447.452500000001,0.8779245862780386,seaweeds
207,2010,18221,10589.5175,12208.070000000002,11447.452500000001,0.9250545044847314,seaweeds
207,2011,15428,10661.2075,10336.76,11447.452500000001,0.9313170332001813,seaweeds
207,2012,19694,11447.452500000001,13194.980000000001,11447.452500000001,1,seaweeds
207,2013,14585,11377.94,9771.95,11447.452500000001,0.9939276882782435,seaweeds
207,2014,15219,10875.105000000001,10196.730000000001,11447.452500000001,0.95000219481146575,seaweeds
207,2015,13098,10484.830000000002,8775.66,11447.452500000001,0.9159094567110019,seaweeds
207,2016,11177.5,9058.31625,7488.925,11447.452500000001,0.7912953777270532,seaweeds
207,2017,10817.5,8427.26,7247.725,11447.452500000001,0.7361690297470114,seaweeds
207,2018,19322.5,9114.59625,12946.075,11447.452500000001,0.7962117554102103,seaweeds
207,2019,14592,9364.841250000001,9776.640000000001,11447.452500000001,0.8180720776085334,seaweeds
207,2020,13883.009999999998,9818.014175,9301.616699999999,11447.452500000001,0.8576593067322184,seaweeds
207,2021,14054.17,10360.1564,9416.2939,11447.452500000001,0.9050185095766939,seaweeds
207,2022,10514.84,8884.87335,7044.942800000001,11447.452500000001,0.7761441552170668,seaweeds
209,2004,10454081,7004234.2700000005,7004234.2700000005,14010873.7529,0.4999141662061047,seaweeds
209,2005,10688495,7082762.960000001,7161291.65,14010873.7529,0.5055190050894575,seaweeds
209,2006,10915116,7159551.213333334,7313127.720000001,14010873.7529,0.510999623549633,seaweeds
209,2007,10906574,7196514.555000001,7307404.58,14010873.7529,0.5136378131671089,seaweeds
209,2008,11188027,7319450.510000001,7495978.090000001,14010873.7529,0.5224121378215263,seaweeds
209,2009,11666344,7483240.2175,7816450.48,14010873.7529,0.5341023229155215,seaweeds
209,2010,12103766,7682339.0925,8109523.220000001,14010873.7529,0.5483126340289729,seaweeds
209,2011,12356850,7925260.322500001,8279089.500000001,14010873.7529,0.5656506840524214,seaweeds
209,2012,13763125,8356589.237500001,9221293.75,14010873.7529,0.5964359814298046,seaweeds
209,2013,14470604,8826302.7875,9695304.68,14010873.7529,0.6299609105872581,seaweeds
209,2014,14776119,9273921.915000001,9899999.73,14010873.7529,0.661908891519379,seaweeds
209,2015,15356840,9776420.24,10289082.8,14010873.7529,0.6977737728866806,seaweeds
209,2016,16243748.12,10191924.6126,10883311.2404,14010873.7529,0.7274296230447765,seaweeds
209,2017,17261680.2,10659429.8761,11565325.734000001,14010873.7529,0.7607969398691989,seaweeds
209,2018,18273230,11245195.968600001,12243064.100000001,14010873.7529,0.8026049029435046,seaweeds
209,2019,19851822,11998105.4536,13300720.74,14010873.7529,0.8563424141279274,seaweeds
209,2020,20534933.48,12716879.001400001,13758405.4316,14010873.7529,0.9076435364188358,seaweeds
209,2021,21189805,13374839.9054,14197169.350000001,14010873.7529,0.9546042696039315,seaweeds
209,2022,22070447,14010873.7529,14787199.49,14010873.7529,1,seaweeds
210,2004,484389,324540.63,324540.63,281351.9275,1,seaweeds
210,2005,507742,332363.885,340187.14,281351.9275,1,seaweeds
210,2006,490062,331023.10333333333,328341.54000000004,281351.9275,1,seaweeds
210,2007,513964,334356.2975,344355.88,281351.9275,1,seaweeds
210,2008,456337,329657.5875,305745.79000000004,281351.9275,1,seaweeds
210,2009,456426,321062.15750000003,305805.42000000004,281351.9275,1,seaweeds
210,2010,432796,311470.10250000004,289973.32,281351.9275,1,seaweeds
210,2011,349737,283962.08,234323.79,281351.9275,1,seaweeds
210,2012,440754,281351.9275,295305.18,281351.9275,1,seaweeds
210,2013,418365,274976.71,280304.55,281351.9275,0.9773407719056768,seaweeds
210,2014,373908,265112.97,250518.36000000002,281351.9275,0.942282401815072,seaweeds
210,2015,400180,273562.1725,268120.60000000003,281351.9275,0.9723131273021046,seaweeds
210,2016,391208,265263.2175,262109.36000000002,281351.9275,0.9428164216148831,seaweeds
210,2017,407834,263499.275,273248.78,281351.9275,0.9365468981903458,seaweeds
210,2018,390647,266303.0575,261733.49000000002,281351.9275,0.9465122910878228,seaweeds
210,2019,346389,257293.065,232080.63,281351.9275,0.9144883679533349,seaweeds
210,2020,398315,258483.48750000002,266871.05,281351.9275,0.9187194479056839,seaweeds
210,2021,335844,246425.1625,225015.48,281351.9275,0.8758609357670031,seaweeds
210,2022,325200,235462.79,217884,281351.9275,0.8368977319339673,seaweeds
212,2004,3904,2615.6800000000003,2615.6800000000003,3643.125,0.717977011494253,seaweeds
212,2005,5000,2982.84,3350,3643.125,0.8187586206896552,seaweeds
212,2006,8837,3962.1566666666668,5920.79,3643.125,1,seaweeds
212,2007,1112,3157.8775,745.0400000000001,3643.125,0.8668045977011495,seaweeds
212,2008,1082.5,2685.27625,725.2750000000001,3643.125,0.7370804597701149,seaweeds
212,2009,1787.8,2147.23275,1197.826,3643.125,0.5893931034482759,seaweeds
212,2010,4745,1461.82275,3179.15,3643.125,0.4012551724137931,seaweeds
212,2011,4290,1994.13775,2874.3,3643.125,0.5473701149425287,seaweeds
212,2012,8280,3199.719,5547.6,3643.125,0.8782896551724138,seaweeds
212,2013,2250,3277.1375000000003,1507.5,3643.125,0.8995402298850576,seaweeds
212,2014,6930,3643.125,4643.1,3643.125,1,seaweeds
212,2015,3510,3512.4750000000004,2351.7000000000003,3643.125,0.9641379310344829,seaweeds
212,2016,0,2125.5750000000003,0,3643.125,0.583448275862069,seaweeds
212,2017,150,1773.8250000000003,100.5,3643.125,0.486896551724138,seaweeds
212,2018,0,613.0500000000001,0,3643.125,0.16827586206896553,seaweeds
212,2019,0,25.125,0,3643.125,0.006896551724137931,seaweeds
212,2020,0,25.125,0,3643.125,0.006896551724137931,seaweeds
212,2021,0,0,0,3643.125,0,seaweeds
212,2022,0,0,0,3643.125,0,seaweeds
216,2004,410570,275081.9,275081.9,7233855.033525,0.03802701308294739,seaweeds
216,2005,910636,442604.01,610126.12,7233855.033525,0.061185081529664356,seaweeds
216,2006,1170000,556369.34,783900,7233855.033525,0.07691187304992005,seaweeds
216,2007,1728475,706796.5675,1158078.25,7233855.033525,0.09770676412844613,seaweeds
216,2008,2145061,997323.81,1437190.87,7233855.033525,0.13786892402155482,seaweeds
216,2009,2963556,1341187.9100000001,1985582.52,7233855.033525,0.185404311226078,seaweeds
216,2010,3915017,1800978.2575,2623061.39,7233855.033525,0.24896521276047712,seaweeds
216,2011,5170201,2377467.3625000003,3464034.6700000004,7233855.033525,0.32865841954002767,seaweeds
216,2012,6514854,3109407.6900000004,4364952.180000001,7233855.033525,0.42984102882758635,seaweeds
216,2013,9298474,4170506.455,6229977.58,7233855.033525,0.5765261310424333,seaweeds
216,2014,10076991.6,5202637.2005,6751584.372,7233855.033525,0.7192067267575303,seaweeds
216,2015,11269341,6224243.1505,7550458.470000001,7233855.033525,0.8604323865565462,seaweeds
216,2016,11050301.23,6983930.561525,7403701.824100001,7233855.033525,0.9654507215251432,seaweeds
216,2017,10547552,7193151.126525001,7066859.840000001,7233855.033525,0.9943731375855116,seaweeds
216,2018,10320000,7233855.033525,6914400,7233855.033525,1,seaweeds
216,2019,9775940,6983710.366025001,6549879.800000001,7233855.033525,0.9654202819463876,seaweeds
216,2020,9618188,6743831.4,6444185.96,7233855.033525,0.9322596829416673,seaweeds
216,2021,8366882.705,6378569.2930875,5605811.412350001,7233855.033525,0.8817662592803265,seaweeds
216,2022,9167775.620000001,6185571.709437501,6142409.665400001,7233855.033525,0.8550864899518619,seaweeds
223,2015,49,32.830000000000005,32.830000000000005,112.92833250000001,0.29071535258877573,seaweeds
223,2016,33.38,27.597300000000004,22.364600000000003,112.92833250000001,0.2443788851659525,seaweeds
223,2017,139.736,49.60590666666667,93.62312,112.92833250000001,0.4392689201061803,seaweeds
223,2018,173.589,66.2805875,116.30463,112.92833250000001,0.5869261152864361,seaweeds
223,2019,72.673,70.24581500000001,48.69091,112.92833250000001,0.6220388935610999,seaweeds
223,2020,247.538,106.11728000000001,165.85046000000003,112.92833250000001,0.9396869470289929,seaweeds
223,2021,180.399,112.92833250000001,120.86733000000001,112.92833250000001,1,seaweeds
223,2022,160.556,110.74530500000002,107.57252000000001,112.92833250000001,0.9806689122944413,seaweeds
224,2004,20266,13578.220000000001,13578.220000000001,19914.76175,0.6818168437289992,seaweeds
224,2005,15492,11978.93,10379.640000000001,19914.76175,0.6015100833430759,seaweeds
224,2006,33586,15486.826666666668,22502.620000000003,19914.76175,0.7776556335988637,seaweeds
224,2007,23668,15579.510000000002,15857.560000000001,19914.76175,0.7823096352131855,seaweeds
224,2008,21687,15817.527500000002,14530.29,19914.76175,0.7942614477926155,seaweeds
224,2009,88152,27988.077500000003,59061.840000000004,19914.76175,1,seaweeds
224,2010,12162,24399.557500000003,8148.540000000001,19914.76175,1,seaweeds
224,2011,14469.1,22858.74175,9694.297,19914.76175,1,seaweeds
224,2012,4111,19914.76175,2754.3700000000003,19914.76175,1,seaweeds
224,2013,12460,7236.351750000001,8348.2,19914.76175,0.36336622254594636,seaweeds
224,2014,12810,7344.891750000001,8582.7,19914.76175,0.3688164509424774,seaweeds
224,2015,11952,6923.2775,8007.84,19914.76175,0.34764550974354486,seaweeds
224,2016,14846.1,8721.40675,9946.887,19914.76175,0.4379367857614465,seaweeds
224,2017,16725.22,9435.831100000001,11205.897400000002,19914.76175,0.47381089557850226,seaweeds
224,2018,20705.199999999997,10758.2771,13872.483999999999,19914.76175,0.5402162092147549,seaweeds
224,2019,21674,12386.7121,14521.580000000002,19914.76175,0.6219864568553023,seaweeds
224,2020,18268,12959.880350000001,12239.560000000001,19914.76175,0.6507675317782801,seaweeds
224,2021,15567,12765.8785,10429.890000000001,19914.76175,0.6410259213871841,seaweeds
224,2022,13417,11545.105000000001,8989.390000000001,19914.76175,0.5797259914495337,seaweeds
231,2007,370,247.9,247.9,552.75,0.4484848484848485,seaweeds
231,2008,400,257.95,268,552.75,0.4666666666666666,seaweeds
231,2009,450,272.4666666666667,301.5,552.75,0.492929292929293,seaweeds
231,2010,1500,455.6,1005.0000000000001,552.75,0.8242424242424243,seaweeds
231,2011,300,443.875,201,552.75,0.803030303030303,seaweeds
231,2012,400,443.875,268,552.75,0.803030303030303,seaweeds
231,2013,1100,552.75,737,552.75,1,seaweeds
231,2014,800,435.5,536,552.75,0.7878787878787878,seaweeds
231,2015,550,477.375,368.5,552.75,0.8636363636363636,seaweeds
231,2016,600,510.875,402,552.75,0.9242424242424242,seaweeds
231,2017,750,452.25,502.50000000000006,552.75,0.8181818181818182,seaweeds
231,2018,700,435.5,469,552.75,0.7878787878787878,seaweeds
231,2019,700,460.625,469,552.75,0.8333333333333334,seaweeds
231,2020,700,477.375,469,552.75,0.8636363636363636,seaweeds
231,2021,700,469,469,552.75,0.8484848484848485,seaweeds
231,2022,700,469,469,552.75,0.8484848484848485,seaweeds
