rgn_id,year,taxa_code,sust_coeff
14,2024,Abalones_1,0.9090909090909091
163,2024,Abalones_2,0.9090909090909091
25,2024,Abalones_3,0.9090909090909091
102,2024,Abalones_4,0.9090909090909091
224,2024,Abalones_5,0.9090909090909091
216,2024,Akiami paste shrimp_6,0.7662337662337662
14,2024,Amberjacks nei_7,0.8831168831168832
207,2024,Aquatic invertebrates nei_8,0.8181818181818181
143,2024,Arctic char_9,0.8831168831168832
183,2024,Atlantic ditch shrimp_10,0.7662337662337662
182,2024,Atlantic ditch shrimp_11,0.7662337662337662
183,2024,Atlantic salmon_12,0.8831168831168832
143,2024,Atlantic salmon_13,0.8831168831168832
75,2024,Baltic prawn_14,0.7662337662337662
216,2024,Banana prawn_15,0.41558441558441556
207,2024,Banana prawn_16,0.4935064935064935
13,2024,Banana prawn_17,0.8831168831168832
208,2024,Banana prawn_18,0.8831168831168832
15,2024,Banana prawn_19,0.8831168831168832
25,2024,Banana prawn_20,0.7402597402597402
206,2024,Banana prawn_21,0.4935064935064935
216,2024,Banded grouper_22,0.7662337662337662
216,2024,Barramundi(=Giant seaperch)_23,0.8831168831168832
25,2024,Barramundi(=Giant seaperch)_24,0.8831168831168832
206,2024,Barramundi(=Giant seaperch)_25,0.8831168831168832
16,2024,Barramundi(=Giant seaperch)_26,0.8831168831168832
14,2024,Barramundi(=Giant seaperch)_27,0.8831168831168832
15,2024,Barramundi(=Giant seaperch)_28,0.8831168831168832
208,2024,Barramundi(=Giant seaperch)_29,0.8831168831168832
79,2024,Barramundi(=Giant seaperch)_30,0.8831168831168832
147,2024,Barramundi(=Giant seaperch)_31,0.8831168831168832
40,2024,Barramundi(=Giant seaperch)_32,0.8831168831168832
203,2024,Barramundi(=Giant seaperch)_33,0.8831168831168832
54,2024,Barramundi(=Giant seaperch)_34,0.8831168831168832
216,2024,Barred-chest grouper_35,0.7662337662337662
20,2024,Bastard halibut_36,0.7662337662337662
14,2024,Blackhead seabream_37,0.7012987012987013
216,2024,Blacktail snapper_38,0.7662337662337662
163,2024,Blue crab_39,0.8181818181818181
137,2024,Blue shrimp_40,0.5194805194805195
129,2024,Blue shrimp_41,0.8831168831168832
147,2024,Blue shrimp_42,0.8831168831168832
5,2024,Blue shrimp_43,0.8831168831168832
134,2024,Blue shrimp_44,0.8831168831168832
131,2024,Blue shrimp_45,0.2857142857142857
139,2024,Blue shrimp_46,0.8831168831168832
247,2024,Blue shrimp_47,0.8831168831168832
6,2024,Blue shrimp_48,0.8831168831168832
216,2024,Blue shrimp_49,0.41558441558441556
18,2024,Blue shrimp_50,0.8831168831168832
135,2024,Blue shrimp_51,0.33766233766233766
14,2024,Blue swimming crab_52,0.8181818181818181
208,2024,Blue swimming crab_53,0.8181818181818181
216,2024,Bluespot mullet_54,0.7662337662337662
16,2024,Brine shrimp_55,0.7662337662337662
191,2024,Brine shrimps nei_56,0.7662337662337662
16,2024,Brown tiger prawn_57,0.8831168831168832
208,2024,Brown-marbled grouper_58,0.7662337662337662
216,2024,Brown-marbled grouper_59,0.7662337662337662
84,2024,Caramote prawn_60,0.8831168831168832
182,2024,Caramote prawn_61,0.8831168831168832
14,2024,Clams_62,0.8831168831168832
62,2024,Clams_63,0.8831168831168832
14,2024,Cobia_64,0.8831168831168832
182,2024,Cockles_65,0.8831168831168832
182,2024,Common prawn_66,0.7662337662337662
184,2024,Common prawn_67,0.7662337662337662
115,2024,Common snook_68,0.7662337662337662
84,2024,Common sole_69,0.8831168831168832
183,2024,Common sole_70,0.8831168831168832
80,2024,Common sole_71,0.8831168831168832
184,2024,Common two-banded seabream_72,0.5714285714285714
182,2024,Corrugated venus_73,0.8701298701298702
224,2024,Corvina drum_74,0.5974025974025974
208,2024,Crimson snapper_75,0.7662337662337662
216,2024,Deepwater longtail red snapper_76,0.7662337662337662
14,2024,Diphos sanguin_77,0.8701298701298702
16,2024,Eastern king prawn_78,0.8831168831168832
16,2024,Eastern school shrimp_79,0.8831168831168832
184,2024,European eel_80,0.6883116883116883
84,2024,European eel_81,0.6883116883116883
179,2024,European eel_82,0.6883116883116883
62,2024,European eel_83,0.6883116883116883
183,2024,European eel_84,0.6883116883116883
186,2024,European eel_85,0.6883116883116883
80,2024,European eel_86,0.6883116883116883
175,2024,European eel_87,0.6883116883116883
182,2024,European eel_88,0.6883116883116883
75,2024,European flounder_89,0.8831168831168832
184,2024,European seabass_90,0.5714285714285714
61,2024,European seabass_91,0.8831168831168832
179,2024,European seabass_92,0.5714285714285714
80,2024,European seabass_93,0.5714285714285714
214,2024,European seabass_94,0.09090909090909091
183,2024,European seabass_95,0.5714285714285714
176,2024,European seabass_96,0.8831168831168832
79,2024,European seabass_97,0.8831168831168832
182,2024,European seabass_98,0.5714285714285714
78,2024,European seabass_99,0.8831168831168832
175,2024,European whitefish_100,0.8831168831168832
138,2024,Fine flounder_101,0.7662337662337662
14,2024,Flathead grey mullet_102,0.7662337662337662
184,2024,Flathead grey mullet_103,0.7662337662337662
18,2024,Flathead grey mullet_104,0.7662337662337662
61,2024,Flathead grey mullet_105,0.7662337662337662
80,2024,Flathead grey mullet_106,0.7662337662337662
167,2024,Flathead grey mullet_107,0.7662337662337662
216,2024,Flathead grey mullet_108,0.7662337662337662
20,2024,Fleshy prawn_109,0.8831168831168832
209,2024,Fleshy prawn_110,0.5974025974025974
25,2024,Fourfinger threadfin_111,0.7662337662337662
14,2024,Fourfinger threadfin_112,0.7662337662337662
216,2024,Foursaddle grouper_113,0.7662337662337662
208,2024,Giant grouper_114,0.7662337662337662
14,2024,Giant tiger prawn_115,0.8831168831168832
207,2024,Giant tiger prawn_116,0.4805194805194805
216,2024,Giant tiger prawn_117,0.40259740259740256
15,2024,Giant tiger prawn_118,0.8831168831168832
203,2024,Giant tiger prawn_119,0
206,2024,Giant tiger prawn_120,0.4935064935064935
25,2024,Giant tiger prawn_121,0.8831168831168832
40,2024,Giant tiger prawn_122,0.8831168831168832
18,2024,Giant tiger prawn_123,0.8831168831168832
16,2024,Giant tiger prawn_124,0.8831168831168832
50,2024,Giant tiger prawn_125,0.8831168831168832
7,2024,Giant tiger prawn_126,0.8831168831168832
31,2024,Giant tiger prawn_127,0.8831168831168832
37,2024,Giant tiger prawn_128,0.8831168831168832
42,2024,Giant tiger prawn_129,0.8831168831168832
153,2024,Giant tiger prawn_130,0.8831168831168832
184,2024,Giant tiger prawn_131,0.8831168831168832
205,2024,Giant tiger prawn_132,1
102,2024,Giant tiger prawn_133,0.8831168831168832
247,2024,Giant tiger prawn_134,0.8831168831168832
208,2024,Giant tiger prawn_135,0.8831168831168832
41,2024,Giant tiger prawn_136,0.8831168831168832
209,2024,Giant tiger prawn_137,0.8831168831168832
54,2024,Giant tiger prawn_138,0.8831168831168832
202,2024,Giant tiger prawn_139,0.8831168831168832
17,2024,Giant tiger prawn_140,0.8831168831168832
204,2024,Giant tiger prawn_141,0.6493506493506493
106,2024,Giant tiger prawn_142,0.8831168831168832
182,2024,Giant tiger prawn_143,0.8831168831168832
80,2024,Giant tiger prawn_144,0.8831168831168832
184,2024,Gilthead seabream_145,0.5714285714285714
61,2024,Gilthead seabream_146,0.8831168831168832
80,2024,Gilthead seabream_147,0.5714285714285714
214,2024,Gilthead seabream_148,0.07792207792207792
183,2024,Gilthead seabream_149,0.5714285714285714
79,2024,Gilthead seabream_150,0.8831168831168832
182,2024,Gilthead seabream_151,0.5714285714285714
78,2024,Gilthead seabream_152,0.8831168831168832
75,2024,Gobies nei_153,0.7662337662337662
8,2024,Golden-lined spinefoot_154,0.7662337662337662
206,2024,Greasy grouper_155,0.7662337662337662
14,2024,Greasyback shrimp_156,0.8831168831168832
209,2024,Green mud crab_157,0.8181818181818181
54,2024,Green tiger prawn_158,0.8831168831168832
184,2024,Green tiger prawn_159,0.8831168831168832
48,2024,Green tiger prawn_160,0.8831168831168832
216,2024,Greenback mullet_161,0.7662337662337662
182,2024,Grooved carpet shell_162,0.8701298701298702
184,2024,Grooved carpet shell_163,0.8701298701298702
62,2024,Grooved carpet shell_164,0.8701298701298702
25,2024,Groupers nei_165,0.7662337662337662
14,2024,Groupers nei_166,0.7662337662337662
216,2024,Groupers nei_167,0.7662337662337662
208,2024,Groupers nei_168,0.7662337662337662
15,2024,"Groupers, seabasses nei_169",0.7662337662337662
216,2024,"Groupers, seabasses nei_170",0.7662337662337662
115,2024,"Gudgeons, sleepers nei_171",0.7662337662337662
208,2024,Humpback grouper_172,0.7662337662337662
216,2024,Humpback grouper_173,0.7662337662337662
207,2024,Indian white prawn_174,0.4935064935064935
203,2024,Indian white prawn_175,0.06493506493506494
191,2024,Indian white prawn_176,0.8831168831168832
81,2024,Indian white prawn_177,0.8831168831168832
102,2024,Indian white prawn_178,0.8831168831168832
50,2024,Indian white prawn_179,0.8831168831168832
54,2024,Indian white prawn_180,0.8831168831168832
48,2024,Indian white prawn_181,0.8831168831168832
41,2024,Indian white prawn_182,0.8831168831168832
47,2024,Indian white prawn_183,0.8831168831168832
204,2024,Indian white prawn_184,0.6493506493506493
14,2024,Indo-Pacific swamp crab_185,0.8181818181818181
216,2024,Indo-Pacific swamp crab_186,0.8181818181818181
15,2024,Indo-Pacific swamp crab_187,0.8181818181818181
25,2024,Indo-Pacific swamp crab_188,0.8181818181818181
206,2024,Indo-Pacific swamp crab_189,0.8181818181818181
37,2024,Indo-Pacific swamp crab_190,0.8181818181818181
16,2024,Indo-Pacific swamp crab_191,0.8181818181818181
40,2024,Indo-Pacific swamp crab_192,0.8181818181818181
247,2024,Indo-Pacific swamp crab_193,0.8181818181818181
202,2024,Indo-Pacific swamp crab_194,0.8181818181818181
42,2024,Indo-Pacific swamp crab_195,0.8181818181818181
24,2024,Indo-Pacific swamp crab_196,0.8181818181818181
17,2024,Indo-Pacific swamp crab_197,0.8181818181818181
207,2024,Indo-Pacific swamp crab_198,0.8181818181818181
18,2024,Indo-Pacific swamp crab_199,0.8181818181818181
43,2024,Indo-Pacific swamp crab_200,0.8181818181818181
208,2024,Indo-Pacific swamp crab_201,0.8181818181818181
231,2024,Indo-Pacific swamp crab_202,0.8181818181818181
184,2024,Japanese carpet shell_203,0.8701298701298702
14,2024,Japanese carpet shell_204,0.8701298701298702
182,2024,Japanese carpet shell_205,0.8701298701298702
14,2024,Japanese eel_206,0.09090909090909091
102,2024,Japanese meagre_207,0.5974025974025974
209,2024,Japanese seabass_208,0.7662337662337662
14,2024,Japanese seabass_209,0.7662337662337662
14,2024,Japanese spiny lobster_210,0.8181818181818181
208,2024,John's snapper_211,0.7662337662337662
210,2024,Kuruma prawn_212,0.8051948051948051
14,2024,Kuruma prawn_213,0.8831168831168832
20,2024,Kuruma prawn_214,0.8831168831168832
179,2024,Kuruma prawn_215,0.8831168831168832
182,2024,Kuruma prawn_216,0.8831168831168832
16,2024,Kuruma prawn_217,0.8831168831168832
183,2024,Kuruma prawn_218,0.8831168831168832
184,2024,Kuruma prawn_219,0.8831168831168832
80,2024,Kuruma prawn_220,0.8831168831168832
102,2024,Kuruma prawn_221,0.8831168831168832
82,2024,Kuruma prawn_222,0.8831168831168832
209,2024,Kuruma prawn_223,0.5974025974025974
167,2024,Lebranche mullet_224,0.7662337662337662
209,2024,Lefteye flounders nei_225,0.7662337662337662
216,2024,Longspine grouper_226,0.7662337662337662
208,2024,Malabar grouper_227,0.7662337662337662
208,2024,Mangrove red snapper_228,0.7662337662337662
216,2024,Mangrove red snapper_229,0.7662337662337662
14,2024,Marine crabs nei_230,0.8181818181818181
209,2024,Marine crabs nei_231,0.8181818181818181
20,2024,Marine crustaceans nei_232,0.8181818181818181
14,2024,Marine fishes nei_233,0.7662337662337662
204,2024,Marine fishes nei_234,0.7662337662337662
32,2024,Marine fishes nei_235,0.7662337662337662
134,2024,Marine fishes nei_236,0.7662337662337662
214,2024,Marine fishes nei_237,0.7662337662337662
203,2024,Marine fishes nei_238,0.7662337662337662
25,2024,Marine fishes nei_239,0.7662337662337662
15,2024,Marine fishes nei_240,0.7662337662337662
79,2024,Marine fishes nei_241,0.7662337662337662
80,2024,Marine fishes nei_242,0.7662337662337662
207,2024,Marine fishes nei_243,0.7662337662337662
180,2024,Marine fishes nei_244,0.7662337662337662
45,2024,Marine fishes nei_245,0.7662337662337662
14,2024,Marine molluscs nei_246,0.9090909090909091
24,2024,Marine molluscs nei_247,0.9090909090909091
216,2024,Masked grouper_248,0.7662337662337662
184,2024,Meagre_249,0.5584415584415584
182,2024,Meagre_250,0.5584415584415584
214,2024,Meagre_251,0.03896103896103896
80,2024,Mediterranean shore crab_252,0.8181818181818181
216,2024,Metapenaeus shrimps nei_253,0.41558441558441556
15,2024,Metapenaeus shrimps nei_254,0.8831168831168832
25,2024,Metapenaeus shrimps nei_255,0.7402597402597402
207,2024,Metapenaeus shrimps nei_256,0.4935064935064935
14,2024,Milkfish_257,0.7662337662337662
15,2024,Milkfish_258,0.7662337662337662
216,2024,Milkfish_259,0.7662337662337662
9,2024,Milkfish_260,0.7662337662337662
212,2024,Milkfish_261,0.7662337662337662
153,2024,Milkfish_262,0.7662337662337662
155,2024,Milkfish_263,0.7662337662337662
10,2024,Milkfish_264,0.7662337662337662
13,2024,Milkfish_265,0.7662337662337662
202,2024,Milkfish_266,0.7662337662337662
231,2024,Milkfish_267,0.7662337662337662
8,2024,Milkfish_268,0.7662337662337662
40,2024,Milkfish_269,0.7662337662337662
17,2024,Milkfish_270,0.7662337662337662
43,2024,Milkfish_271,0.7662337662337662
206,2024,Milkfish_272,0.7662337662337662
7,2024,Milkfish_273,0.7662337662337662
8,2024,Mottled spinefoot_274,0.7662337662337662
208,2024,Mud spiny lobster_275,0.8181818181818181
216,2024,Mullets nei_276,0.7662337662337662
196,2024,Mullets nei_277,0.7662337662337662
183,2024,Mullets nei_278,0.7662337662337662
84,2024,Mullets nei_279,0.7662337662337662
214,2024,Mullets nei_280,0.7662337662337662
13,2024,Mullets nei_281,0.7662337662337662
75,2024,Mullets nei_282,0.7662337662337662
115,2024,Mullets nei_283,0.7662337662337662
182,2024,Mullets nei_284,0.7662337662337662
184,2024,Mullets nei_285,0.7662337662337662
184,2024,Mussels_286,0.8701298701298702
61,2024,Mussels_287,0.8701298701298702
136,2024,Mussels_288,0.8701298701298702
14,2024,Natantian decapods nei_289,0.8181818181818181
130,2024,Natantian decapods nei_290,0.8181818181818181
76,2024,Natantian decapods nei_291,0.8181818181818181
135,2024,Northern brown shrimp_292,0.33766233766233766
216,2024,Northern velvet shrimp_293,0.41558441558441556
163,2024,Northern white shrimp_294,0.9090909090909091
135,2024,Northern white shrimp_295,0.33766233766233766
205,2024,Orange mud crab_296,0.8181818181818181
203,2024,Orange mud crab_297,0.8181818181818181
204,2024,Orange mud crab_298,0.8181818181818181
216,2024,Orange mud crab_299,0.8181818181818181
54,2024,Orange-spotted grouper_300,0.7662337662337662
208,2024,Orange-spotted grouper_301,0.7662337662337662
66,2024,Oysters_302,0.8701298701298702
184,2024,Oysters_303,0.8701298701298702
61,2024,Oysters_304,0.8701298701298702
16,2024,Oysters_305,0.8701298701298702
183,2024,Oysters_306,0.8701298701298702
17,2024,Oysters_307,0.8701298701298702
135,2024,Oysters_308,0.8701298701298702
182,2024,Oysters_309,0.8701298701298702
40,2024,Oysters_310,0.8701298701298702
65,2024,Oysters_311,0.8701298701298702
182,2024,Palaemonid shrimps nei_312,0.7662337662337662
25,2024,Penaeus shrimps nei_313,0.7402597402597402
204,2024,Penaeus shrimps nei_314,0.6493506493506493
209,2024,Penaeus shrimps nei_315,0.5974025974025974
43,2024,Penaeus shrimps nei_316,0.8831168831168832
115,2024,Penaeus shrimps nei_317,0.8831168831168832
136,2024,Penaeus shrimps nei_318,0.8831168831168832
167,2024,Penaeus shrimps nei_319,0.8051948051948051
53,2024,Penaeus shrimps nei_320,0.4805194805194805
62,2024,Penaeus shrimps nei_321,0.8831168831168832
173,2024,Penaeus shrimps nei_322,0.8051948051948051
24,2024,Penaeus shrimps nei_323,0.7142857142857143
116,2024,Penaeus shrimps nei_324,0.6753246753246753
15,2024,Penaeus shrimps nei_325,0.8831168831168832
45,2024,Penaeus shrimps nei_326,0.8831168831168832
214,2024,Penaeus shrimps nei_327,0.8831168831168832
16,2024,Penaeus shrimps nei_328,0.8831168831168832
231,2024,Penaeus shrimps nei_329,0.8831168831168832
208,2024,Penaeus shrimps nei_330,0.8831168831168832
8,2024,Penaeus shrimps nei_331,0.7662337662337662
84,2024,Penaeus shrimps nei_332,0.8831168831168832
196,2024,Penaeus shrimps nei_333,0.8831168831168832
205,2024,Penaeus shrimps nei_334,1
182,2024,Pod razor shell_335,0.8701298701298702
14,2024,"Porgies, seabreams nei_336",0.7012987012987013
184,2024,"Porgies, seabreams nei_337",0.5714285714285714
216,2024,Portunus swimcrabs nei_338,0.8181818181818181
209,2024,Portunus swimcrabs nei_339,0.8181818181818181
176,2024,Rainbow trout_340,0.8831168831168832
143,2024,Rainbow trout_341,0.8831168831168832
180,2024,Rainbow trout_342,0.8831168831168832
175,2024,Rainbow trout_343,0.8831168831168832
191,2024,Rainbow trout_344,0.8831168831168832
79,2024,Red drum_345,0.5974025974025974
163,2024,Red drum_346,0.8701298701298702
14,2024,Red seabream_347,0.7012987012987013
14,2024,Redtail prawn_348,0.8831168831168832
209,2024,Righteye flounders nei_349,0.8831168831168832
20,2024,Righteye flounders nei_350,0.8831168831168832
15,2024,Scats_351,0.7662337662337662
175,2024,Sea trout_352,0.5974025974025974
183,2024,Seabasses nei_353,0.7662337662337662
14,2024,Seaweed_354,0.8701298701298702
184,2024,Seaweed_355,0.8701298701298702
155,2024,Seaweed_356,0.8701298701298702
216,2024,Seaweed_357,0.8701298701298702
102,2024,Seaweed_358,0.8701298701298702
40,2024,Seaweed_359,0.8701298701298702
183,2024,Seaweed_360,0.8701298701298702
182,2024,Seaweed_361,0.8701298701298702
207,2024,Seaweed_362,0.8701298701298702
182,2024,Senegalese sole_363,0.8831168831168832
143,2024,Senegalese sole_364,0.8831168831168832
183,2024,Senegalese sole_365,0.8831168831168832
80,2024,Sharpsnout seabream_366,0.5714285714285714
206,2024,Snappers nei_367,0.7662337662337662
208,2024,Snappers nei_368,0.7662337662337662
216,2024,Snappers nei_369,0.7662337662337662
14,2024,"Snappers, jobfishes nei_370",0.7662337662337662
208,2024,Snubnose pompano_371,0.8831168831168832
75,2024,So-iuy mullet_372,0.7662337662337662
182,2024,Soles nei_373,0.7662337662337662
112,2024,Southern white shrimp_374,0.8831168831168832
204,2024,Speckled shrimp_375,0.6493506493506493
18,2024,Spinefeet(=Rabbitfishes) nei_376,0.7662337662337662
15,2024,Spinefeet(=Rabbitfishes) nei_377,0.7662337662337662
8,2024,Spinefeet(=Rabbitfishes) nei_378,0.7662337662337662
208,2024,Spotted coralgrouper_379,0.7662337662337662
182,2024,Spotted seabass_380,0.7662337662337662
25,2024,Squaretail mullet_381,0.7662337662337662
61,2024,Thinlip grey mullet_382,0.7662337662337662
21,2024,Tiger pufferfish_383,0.7662337662337662
206,2024,Tropical spiny lobsters nei_384,0.8181818181818181
40,2024,Tropical spiny lobsters nei_385,0.8181818181818181
182,2024,Turbot_386,0.8831168831168832
224,2024,Turbot_387,0.8831168831168832
177,2024,Turbot_388,0.8831168831168832
183,2024,Turbot_389,0.8831168831168832
209,2024,Turbot_390,0.8831168831168832
227,2024,Turbot_391,0.8831168831168832
228,2024,Turbot_392,0.8831168831168832
14,2024,Two-spot red snapper_393,0.7662337662337662
14,2024,Waigieu seaperch_394,0.8831168831168832
80,2024,White seabream_395,0.5714285714285714
182,2024,White seabream_396,0.5714285714285714
184,2024,White seabream_397,0.5714285714285714
190,2024,White-spotted spinefoot_398,0.7662337662337662
137,2024,Whiteleg shrimp_399,0.5194805194805195
129,2024,Whiteleg shrimp_400,0.8831168831168832
133,2024,Whiteleg shrimp_401,0.6493506493506493
138,2024,Whiteleg shrimp_402,0.8831168831168832
171,2024,Whiteleg shrimp_403,0.8831168831168832
132,2024,Whiteleg shrimp_404,0.8831168831168832
131,2024,Whiteleg shrimp_405,0.2857142857142857
110,2024,Whiteleg shrimp_406,0.8831168831168832
163,2024,Whiteleg shrimp_407,0.9090909090909091
164,2024,Whiteleg shrimp_408,0.8831168831168832
135,2024,Whiteleg shrimp_409,0.33766233766233766
130,2024,Whiteleg shrimp_410,0.8831168831168832
139,2024,Whiteleg shrimp_411,0.8831168831168832
134,2024,Whiteleg shrimp_412,0.8831168831168832
168,2024,Whiteleg shrimp_413,0.8831168831168832
14,2024,Whiteleg shrimp_414,0.8831168831168832
209,2024,Whiteleg shrimp_415,0.33766233766233766
25,2024,Whiteleg shrimp_416,0.45454545454545453
166,2024,Whiteleg shrimp_417,0.8831168831168832
207,2024,Whiteleg shrimp_418,0.5064935064935066
13,2024,Whiteleg shrimp_419,0.8831168831168832
78,2024,Whiteleg shrimp_420,0.8831168831168832
136,2024,Whiteleg shrimp_421,0.8831168831168832
112,2024,Whiteleg shrimp_422,0.8831168831168832
216,2024,Whiteleg shrimp_423,0.4415584415584416
208,2024,Whiteleg shrimp_424,0.8831168831168832
20,2024,Whiteleg shrimp_425,0.8831168831168832
15,2024,Whiteleg shrimp_426,0.8831168831168832
102,2024,Whiteleg shrimp_427,0.8831168831168832
191,2024,Whiteleg shrimp_428,0.8831168831168832
203,2024,Whiteleg shrimp_429,0.3116883116883117
206,2024,Whiteleg shrimp_430,0.5064935064935066
6,2024,Whiteleg shrimp_431,0.8831168831168832
115,2024,Whiteleg shrimp_432,0.8831168831168832
50,2024,Whiteleg shrimp_433,0.8831168831168832
182,2024,Whiteleg shrimp_434,0.8831168831168832
61,2024,Whiteleg shrimp_435,0.8831168831168832
214,2024,Whiteleg shrimp_436,0.8831168831168832
231,2024,Whiteleg shrimp_437,0.8831168831168832
56,2024,Whiteleg shrimp_438,0.8831168831168832
40,2024,Whiteleg shrimp_439,0.8831168831168832
247,2024,Whiteleg shrimp_440,0.8831168831168832
205,2024,Whiteleg shrimp_441,0.8831168831168832
54,2024,Whiteleg shrimp_442,0.8831168831168832
167,2024,Whitemouth croaker_443,0.5974025974025974
224,2024,Yellowtail amberjack_444,0.8831168831168832
177,2024,Yellowtail amberjack_445,0.8831168831168832
54,2024,Yellowtail amberjack_446,0.8831168831168832
175,2024,Yellowtail amberjack_447,0.8831168831168832
184,2024,[Mugil spp]_448,0.7662337662337662
209,2024,[Rhopilema esculentum]_449,0.8181818181818181
25,2024,[Scylla spp]_450,0.9090909090909091
20,2024,Abalones_451,0.9090909090909091
14,2024,Abalones_452,0.9090909090909091
16,2024,Abalones_453,0.9090909090909091
102,2024,Abalones_454,0.9090909090909091
135,2024,Abalones_455,0.9090909090909091
224,2024,Abalones_456,0.9090909090909091
143,2024,Abalones_457,0.9090909090909091
227,2024,Abalones_458,0.9090909090909091
228,2024,Abalones_459,0.9090909090909091
138,2024,Abalones_460,0.9090909090909091
162,2024,Abalones_461,0.9090909090909091
209,2024,Abalones_462,0.9090909090909091
101,2024,Abalones_463,0.9090909090909091
181,2024,Abalones_464,0.9090909090909091
179,2024,Abalones_465,0.9090909090909091
182,2024,Abalones_466,0.9090909090909091
14,2024,Amberjacks nei_467,0.8831168831168832
209,2024,Amberjacks nei_468,0.8831168831168832
20,2024,Amberjacks nei_469,0.4285714285714286
209,2024,Aquatic invertebrates nei_470,0.8181818181818181
20,2024,Aquatic invertebrates nei_471,0.8181818181818181
210,2024,Aquatic invertebrates nei_472,0.8181818181818181
16,2024,Aquatic invertebrates nei_473,0.8181818181818181
205,2024,Aquatic invertebrates nei_474,0.8181818181818181
73,2024,Aquatic invertebrates nei_475,0.8181818181818181
181,2024,Aquatic invertebrates nei_476,0.8181818181818181
182,2024,Aquatic invertebrates nei_477,0.8181818181818181
209,2024,Areolate grouper_478,0.7662337662337662
20,2024,Ascidiaceans_479,0.8181818181818181
218,2024,Atlantic bluefin tuna_480,0.5584415584415584
182,2024,Atlantic bluefin tuna_481,0.5714285714285714
187,2024,Atlantic bluefin tuna_482,0.5714285714285714
184,2024,Atlantic bluefin tuna_483,0.5714285714285714
61,2024,Atlantic bluefin tuna_484,0.5714285714285714
76,2024,Atlantic bluefin tuna_485,0.5714285714285714
81,2024,Atlantic bluefin tuna_486,0.5714285714285714
183,2024,Atlantic bluefin tuna_487,0.5714285714285714
68,2024,Atlantic bluefin tuna_488,0.5714285714285714
80,2024,Atlantic bluefin tuna_489,0.5714285714285714
218,2024,Atlantic cod_490,0.8831168831168832
223,2024,Atlantic cod_491,0.8831168831168832
143,2024,Atlantic cod_492,0.8831168831168832
180,2024,Atlantic cod_493,0.8831168831168832
143,2024,Atlantic halibut_494,0.8831168831168832
180,2024,Atlantic halibut_495,0.8831168831168832
223,2024,Atlantic halibut_496,0.8831168831168832
223,2024,Atlantic salmon_497,0.4675324675324675
180,2024,Atlantic salmon_498,0.3896103896103896
181,2024,Atlantic salmon_499,0.8831168831168832
143,2024,Atlantic salmon_500,0.8831168831168832
141,2024,Atlantic salmon_501,0.5454545454545454
222,2024,Atlantic salmon_502,0.8831168831168832
218,2024,Atlantic salmon_503,0.5194805194805195
174,2024,Atlantic salmon_504,0.8831168831168832
182,2024,Atlantic salmon_505,0.8831168831168832
16,2024,Atlantic salmon_506,0.8831168831168832
163,2024,Atlantic salmon_507,0.6493506493506493
224,2024,Atlantic salmon_508,0.4935064935064935
76,2024,Atlantic salmon_509,0.8831168831168832
179,2024,Atlantic salmon_510,0.8831168831168832
73,2024,Atlantic salmon_511,0.8831168831168832
175,2024,Atlantic salmon_512,0.8831168831168832
21,2024,Atlantic salmon_513,0.8831168831168832
208,2024,Banana prawn_514,0.8831168831168832
15,2024,Banana prawn_515,0.8831168831168832
182,2024,Banded carpet shell_516,0.8701298701298702
216,2024,Banded grouper_517,0.7662337662337662
209,2024,Barramundi(=Giant seaperch)_518,0.8831168831168832
208,2024,Barramundi(=Giant seaperch)_519,0.8831168831168832
206,2024,Barramundi(=Giant seaperch)_520,0.8831168831168832
247,2024,Barramundi(=Giant seaperch)_521,0.8831168831168832
147,2024,Barramundi(=Giant seaperch)_522,0.8831168831168832
14,2024,Barramundi(=Giant seaperch)_523,0.8831168831168832
50,2024,Barramundi(=Giant seaperch)_524,0.8831168831168832
216,2024,Barramundi(=Giant seaperch)_525,0.8831168831168832
24,2024,Barramundi(=Giant seaperch)_526,0.8831168831168832
205,2024,Barramundi(=Giant seaperch)_527,0.8831168831168832
40,2024,Barramundi(=Giant seaperch)_528,0.8831168831168832
216,2024,Barred-chest grouper_529,0.7662337662337662
210,2024,Bastard halibut_530,0.7662337662337662
135,2024,Bastard halibuts nei_531,0.7662337662337662
182,2024,Big-scale sand smelt_532,0.7662337662337662
208,2024,Bigeye trevally_533,0.8831168831168832
216,2024,Bigeye trevally_534,0.8831168831168832
134,2024,Black ark_535,0.8701298701298702
208,2024,Black grouper_536,0.7662337662337662
216,2024,Black jack_537,0.8831168831168832
216,2024,Blackbanded trevally_538,0.8831168831168832
210,2024,Blackhead seabream_539,0.7012987012987013
14,2024,Blackhead seabream_540,0.7012987012987013
20,2024,Blackhead seabream_541,0.7012987012987013
216,2024,Blacksaddled coralgrouper_542,0.7662337662337662
182,2024,Blackspot seabream_543,0.5714285714285714
183,2024,Blackspot seabream_544,0.5714285714285714
216,2024,Blacktail snapper_545,0.7662337662337662
206,2024,Blacktip grouper_546,0.7662337662337662
20,2024,Blood cockle_547,0.8701298701298702
25,2024,Blood cockle_548,0.8701298701298702
206,2024,Blood cockle_549,0.8701298701298702
14,2024,Blood cockle_550,0.8701298701298702
209,2024,Blood cockle_551,0.8701298701298702
24,2024,Blood cockle_552,0.8701298701298702
216,2024,Blood cockle_553,0.8701298701298702
216,2024,Bludger_554,0.8831168831168832
147,2024,Blue shrimp_555,0.8831168831168832
208,2024,Blue swimming crab_556,0.8181818181818181
216,2024,Bluefin trevally_557,0.8831168831168832
76,2024,Bluespotted seabream_558,0.5324675324675324
216,2024,Brassy trevally_559,0.8831168831168832
110,2024,Brine shrimp_560,0.7662337662337662
206,2024,Broad geloina_561,0.8701298701298702
208,2024,Brown-marbled grouper_562,0.7662337662337662
206,2024,Brown-marbled grouper_563,0.7662337662337662
216,2024,Brown-marbled grouper_564,0.7662337662337662
110,2024,Caribbean spiny lobster_565,0.8181818181818181
117,2024,Caribbean spiny lobster_566,0.8181818181818181
102,2024,Carpet shells nei_567,0.8701298701298702
61,2024,Carpet shells nei_568,0.8701298701298702
223,2024,Chars nei_569,0.7662337662337662
162,2024,Chinook(=Spring=King) salmon_570,0.8831168831168832
163,2024,Chinook(=Spring=King) salmon_571,0.8831168831168832
218,2024,Chinook(=Spring=King) salmon_572,0.8441558441558442
224,2024,Chinook(=Spring=King) salmon_573,0.8831168831168832
16,2024,Chinook(=Spring=King) salmon_574,0.8831168831168832
73,2024,Chum(=Keta=Dog) salmon_575,0.8831168831168832
14,2024,Clams_576,0.8831168831168832
20,2024,Clams_577,0.8831168831168832
210,2024,Clams_578,0.8831168831168832
21,2024,Clams_579,0.8831168831168832
9,2024,Clams_580,0.8831168831168832
163,2024,Clams_581,0.8831168831168832
218,2024,Clams_582,0.8831168831168832
80,2024,Clams_583,0.8831168831168832
175,2024,Clams_584,0.8831168831168832
182,2024,Clams_585,0.8831168831168832
18,2024,Clams_586,0.8831168831168832
183,2024,Clams_587,0.8831168831168832
135,2024,Clams_588,0.8831168831168832
8,2024,Clams_589,0.8831168831168832
179,2024,Clams_590,0.8831168831168832
180,2024,Clams_591,0.8831168831168832
184,2024,Clams_592,0.8831168831168832
188,2024,Clams_593,0.8831168831168832
14,2024,Cobia_594,0.8831168831168832
32,2024,Cobia_595,0.8831168831168832
116,2024,Cobia_596,0.8831168831168832
110,2024,Cobia_597,0.8831168831168832
209,2024,Cobia_598,0.8831168831168832
140,2024,Cobia_599,0.8831168831168832
29,2024,Cobia_600,0.8831168831168832
115,2024,Cobia_601,0.8831168831168832
129,2024,Cobia_602,0.6883116883116883
164,2024,Cobia_603,0.8831168831168832
207,2024,Cobia_604,0.8831168831168832
208,2024,Cobia_605,0.8831168831168832
132,2024,Cobia_606,0.8831168831168832
171,2024,Cobia_607,0.8831168831168832
20,2024,Cockles_608,0.8831168831168832
183,2024,Cockles_609,0.8831168831168832
163,2024,Cockles_610,0.8831168831168832
8,2024,Cockles_611,0.8831168831168832
179,2024,Cockles_612,0.8831168831168832
180,2024,Cockles_613,0.8831168831168832
152,2024,Cockles_614,0.8831168831168832
182,2024,Cockles_615,0.8831168831168832
155,2024,Cockles_616,0.8831168831168832
153,2024,Cockles_617,0.8831168831168832
17,2024,Cockles_618,0.8831168831168832
11,2024,Cockles_619,0.8831168831168832
163,2024,Coho(=Silver) salmon_620,0.8831168831168832
224,2024,Coho(=Silver) salmon_621,0.5194805194805195
210,2024,Coho(=Silver) salmon_622,0.8831168831168832
218,2024,Coho(=Silver) salmon_623,0.8831168831168832
179,2024,Coho(=Silver) salmon_624,0.8831168831168832
175,2024,Coho(=Silver) salmon_625,0.8831168831168832
61,2024,Common cuttlefish_626,0.8181818181818181
183,2024,Common cuttlefish_627,0.8181818181818181
182,2024,Common dentex_628,0.5714285714285714
232,2024,Common dentex_629,0.8831168831168832
187,2024,Common dentex_630,0.5714285714285714
80,2024,Common dentex_631,0.5714285714285714
76,2024,Common dentex_632,0.5324675324675324
80,2024,Common pandora_633,0.5714285714285714
81,2024,Common pandora_634,0.5714285714285714
183,2024,Common sole_635,0.8831168831168832
182,2024,Common sole_636,0.8831168831168832
61,2024,Common sole_637,0.8831168831168832
184,2024,Common sole_638,0.8831168831168832
76,2024,Common two-banded seabream_639,0.5324675324675324
20,2024,Convict grouper_640,0.7662337662337662
183,2024,Corrugated venus_641,0.8701298701298702
182,2024,Corrugated venus_642,0.8701298701298702
135,2024,Crevalle jack_643,0.8831168831168832
210,2024,Crimson seabream_644,0.7012987012987013
208,2024,Crimson snapper_645,0.7662337662337662
14,2024,"Croakers, drums nei_646",0.5974025974025974
50,2024,"Croakers, drums nei_647",0.8831168831168832
183,2024,"Croakers, drums nei_648",0.8831168831168832
14,2024,Diphos sanguin_649,0.8701298701298702
20,2024,Dotted gizzard shad_650,0.7662337662337662
32,2024,Drums nei_651,0.5974025974025974
216,2024,Duskytail grouper_652,0.7662337662337662
16,2024,Eastern king prawn_653,0.8831168831168832
5,2024,Emperor red snapper_654,0.7662337662337662
61,2024,European eel_655,0.6883116883116883
182,2024,European eel_656,0.6883116883116883
184,2024,European eel_657,0.6883116883116883
80,2024,European eel_658,0.6883116883116883
175,2024,European flounder_659,0.8831168831168832
80,2024,European seabass_660,0.5714285714285714
183,2024,European seabass_661,0.5714285714285714
81,2024,European seabass_662,0.5714285714285714
84,2024,European seabass_663,0.8831168831168832
179,2024,European seabass_664,0.5714285714285714
182,2024,European seabass_665,0.5714285714285714
184,2024,European seabass_666,0.5714285714285714
76,2024,European seabass_667,0.5324675324675324
62,2024,European seabass_668,0.8831168831168832
68,2024,European seabass_669,0.5714285714285714
187,2024,European seabass_670,0.5714285714285714
188,2024,European seabass_671,0.5714285714285714
79,2024,European seabass_672,0.8831168831168832
143,2024,European seabass_673,0.8831168831168832
67,2024,European seabass_674,0.8831168831168832
232,2024,European seabass_675,0.8831168831168832
54,2024,European seabass_676,0.8831168831168832
115,2024,European seabass_677,0.8831168831168832
180,2024,European seabass_678,0.8831168831168832
82,2024,European seabass_679,0.8831168831168832
186,2024,European seabass_680,0.8831168831168832
61,2024,European seabass_681,0.8831168831168832
37,2024,European seabass_682,0.8831168831168832
191,2024,European seabass_683,0.8831168831168832
174,2024,European whitefish_684,0.8831168831168832
210,2024,Filefishes nei_685,0.7662337662337662
20,2024,"Filefishes, leatherjackets nei_686",0.7662337662337662
223,2024,Finfishes nei_687,0.7662337662337662
16,2024,Finfishes nei_688,0.7662337662337662
179,2024,Finfishes nei_689,0.7662337662337662
73,2024,Flatfishes nei_690,0.7662337662337662
210,2024,Flathead grey mullet_691,0.7662337662337662
14,2024,Flathead grey mullet_692,0.7662337662337662
135,2024,Flathead grey mullet_693,0.7662337662337662
80,2024,Flathead grey mullet_694,0.7662337662337662
50,2024,Flathead grey mullet_695,0.7662337662337662
184,2024,Flathead grey mullet_696,0.7662337662337662
208,2024,Flathead grey mullet_697,0.7662337662337662
15,2024,Flathead lobster_698,0.8181818181818181
129,2024,Florida pompano_699,0.8831168831168832
115,2024,Florida pompano_700,0.8831168831168832
208,2024,Fourfinger threadfin_701,0.7662337662337662
206,2024,Fourfinger threadfin_702,0.7662337662337662
216,2024,Foursaddle grouper_703,0.7662337662337662
182,2024,Gastropods nei_704,0.9090909090909091
210,2024,Gazami crab_705,0.8181818181818181
208,2024,Giant grouper_706,0.7662337662337662
206,2024,Giant grouper_707,0.7662337662337662
15,2024,Giant tiger prawn_708,0.8831168831168832
208,2024,Giant tiger prawn_709,0.8831168831168832
208,2024,Giant trevally_710,0.8831168831168832
183,2024,Gilthead seabream_711,0.5714285714285714
79,2024,Gilthead seabream_712,0.8831168831168832
80,2024,Gilthead seabream_713,0.5714285714285714
84,2024,Gilthead seabream_714,0.8831168831168832
179,2024,Gilthead seabream_715,0.5714285714285714
182,2024,Gilthead seabream_716,0.5714285714285714
76,2024,Gilthead seabream_717,0.5324675324675324
81,2024,Gilthead seabream_718,0.5714285714285714
62,2024,Gilthead seabream_719,0.8831168831168832
184,2024,Gilthead seabream_720,0.5714285714285714
68,2024,Gilthead seabream_721,0.5714285714285714
187,2024,Gilthead seabream_722,0.5714285714285714
188,2024,Gilthead seabream_723,0.8831168831168832
67,2024,Gilthead seabream_724,0.8831168831168832
48,2024,Gilthead seabream_725,0.8831168831168832
51,2024,Gilthead seabream_726,0.8831168831168832
82,2024,Gilthead seabream_727,0.8831168831168832
232,2024,Gilthead seabream_728,0.8831168831168832
54,2024,Gilthead seabream_729,0.8831168831168832
115,2024,Gilthead seabream_730,0.8831168831168832
52,2024,Gilthead seabream_731,0.8831168831168832
186,2024,Gilthead seabream_732,0.8831168831168832
50,2024,Gilthead seabream_733,0.8831168831168832
61,2024,Gilthead seabream_734,0.8831168831168832
183,2024,Golden carpet shell_735,0.8701298701298702
208,2024,Golden trevally_736,0.8831168831168832
206,2024,Golden trevally_737,0.8831168831168832
5,2024,Golden-lined spinefoot_738,0.7662337662337662
209,2024,Goldlined seabream_739,0.7012987012987013
50,2024,Goldlined seabream_740,0.8831168831168832
54,2024,Goldlined seabream_741,0.8831168831168832
37,2024,Goldlined seabream_742,0.7012987012987013
51,2024,Goldsilk seabream_743,0.8831168831168832
134,2024,Grand ark_744,0.8701298701298702
209,2024,Greasy grouper_745,0.7662337662337662
54,2024,Greasy grouper_746,0.7662337662337662
182,2024,Greater amberjack_747,0.8831168831168832
14,2024,Greater amberjack_748,0.8831168831168832
80,2024,Greater amberjack_749,0.8831168831168832
182,2024,Green crab_750,0.8181818181818181
208,2024,Green humphead parrotfish_751,0.7662337662337662
179,2024,Grooved carpet shell_752,0.8701298701298702
183,2024,Grooved carpet shell_753,0.8701298701298702
182,2024,Grooved carpet shell_754,0.8701298701298702
180,2024,Grooved carpet shell_755,0.8701298701298702
84,2024,Grooved carpet shell_756,0.8701298701298702
227,2024,Grooved carpet shell_757,0.8701298701298702
228,2024,Grooved carpet shell_758,0.8701298701298702
184,2024,Grooved carpet shell_759,0.8701298701298702
182,2024,Groundfishes nei_760,0.7662337662337662
208,2024,Groupers nei_761,0.7662337662337662
14,2024,Groupers nei_762,0.7662337662337662
61,2024,Groupers nei_763,0.7662337662337662
50,2024,Groupers nei_764,0.7662337662337662
171,2024,Groupers nei_765,0.7662337662337662
216,2024,Groupers nei_766,0.7662337662337662
209,2024,Groupers nei_767,0.7662337662337662
205,2024,Groupers nei_768,0.7662337662337662
206,2024,Groupers nei_769,0.7662337662337662
247,2024,Groupers nei_770,0.7662337662337662
15,2024,"Groupers, seabasses nei_771",0.7662337662337662
216,2024,"Groupers, seabasses nei_772",0.7662337662337662
143,2024,Haddock_773,0.7662337662337662
20,2024,Half-crenated ark_774,0.8701298701298702
216,2024,Highfin coralgrouper_775,0.7662337662337662
216,2024,Highfin grouper_776,0.7662337662337662
209,2024,Hong Kong grouper_777,0.7662337662337662
20,2024,Horned turban_778,0.9090909090909091
208,2024,Humpback grouper_779,0.7662337662337662
206,2024,Humpback grouper_780,0.7662337662337662
216,2024,Humpback grouper_781,0.7662337662337662
216,2024,Humphead snapper_782,0.7662337662337662
208,2024,Indo-Pacific swamp crab_783,0.8181818181818181
15,2024,Indo-Pacific swamp crab_784,0.8181818181818181
205,2024,Indo-Pacific swamp crab_785,0.8181818181818181
20,2024,Inflated ark_786,0.8701298701298702
20,2024,Jack and horse mackerels nei_787,0.4285714285714286
247,2024,"Jacks, crevalles nei_788",0.8831168831168832
15,2024,"Jacks, crevalles nei_789",0.8831168831168832
135,2024,"Jacks, crevalles nei_790",0.8831168831168832
206,2024,"Jacks, crevalles nei_791",0.8831168831168832
210,2024,Japanese amberjack_792,0.14285714285714285
20,2024,Japanese carpet shell_793,0.8701298701298702
209,2024,Japanese carpet shell_794,0.8701298701298702
14,2024,Japanese carpet shell_795,0.8701298701298702
163,2024,Japanese carpet shell_796,0.8701298701298702
218,2024,Japanese carpet shell_797,0.8701298701298702
180,2024,Japanese carpet shell_798,0.8701298701298702
181,2024,Japanese carpet shell_799,0.8701298701298702
182,2024,Japanese carpet shell_800,0.8701298701298702
179,2024,Japanese carpet shell_801,0.8701298701298702
184,2024,Japanese carpet shell_802,0.8701298701298702
183,2024,Japanese carpet shell_803,0.8701298701298702
210,2024,Japanese jack mackerel_804,0.14285714285714285
41,2024,Japanese meagre_805,0.5974025974025974
37,2024,Japanese meagre_806,0.5974025974025974
209,2024,Japanese sea cucumber_807,0.8181818181818181
21,2024,Japanese sea cucumber_808,0.8181818181818181
73,2024,Japanese sea cucumber_809,0.8181818181818181
20,2024,Japanese sea cucumber_810,0.8181818181818181
20,2024,Japanese seabass_811,0.7662337662337662
208,2024,Japanese seabass_812,0.7662337662337662
14,2024,Japanese spiny lobster_813,0.8181818181818181
208,2024,John's snapper_814,0.7662337662337662
206,2024,John's snapper_815,0.7662337662337662
20,2024,Korean rockfish_816,0.7662337662337662
14,2024,Kuruma prawn_817,0.8831168831168832
184,2024,Kuruma prawn_818,0.8831168831168832
208,2024,Kuruma prawn_819,0.8831168831168832
209,2024,Large yellow croaker_820,0.5974025974025974
206,2024,Leopard coralgrouper_821,0.7662337662337662
216,2024,Leopard coralgrouper_822,0.7662337662337662
216,2024,Longfin trevally_823,0.8831168831168832
163,2024,Longfin yellowtail_824,0.8831168831168832
129,2024,Longfin yellowtail_825,0.8831168831168832
216,2024,Longlegged spiny lobster_826,0.8181818181818181
216,2024,Longnose trevally_827,0.8831168831168832
216,2024,Longspine grouper_828,0.7662337662337662
182,2024,Mackerels nei_829,0.5714285714285714
208,2024,Malabar grouper_830,0.7662337662337662
14,2024,Malabar trevally_831,0.8831168831168832
216,2024,Malabar trevally_832,0.8831168831168832
206,2024,Mangrove red snapper_833,0.7662337662337662
209,2024,Mangrove red snapper_834,0.7662337662337662
208,2024,Mangrove red snapper_835,0.7662337662337662
216,2024,Mangrove red snapper_836,0.7662337662337662
81,2024,Marbled spinefoot_837,0.7662337662337662
14,2024,Marine crabs nei_838,0.8181818181818181
111,2024,Marine crabs nei_839,0.8181818181818181
210,2024,Marine crustaceans nei_840,0.8181818181818181
61,2024,Marine crustaceans nei_841,0.8181818181818181
223,2024,Marine crustaceans nei_842,0.8181818181818181
210,2024,Marine fishes nei_843,0.7662337662337662
209,2024,Marine fishes nei_844,0.7662337662337662
37,2024,Marine fishes nei_845,0.7662337662337662
206,2024,Marine fishes nei_846,0.7662337662337662
20,2024,Marine fishes nei_847,0.7662337662337662
51,2024,Marine fishes nei_848,0.7662337662337662
140,2024,Marine fishes nei_849,0.7662337662337662
208,2024,Marine fishes nei_850,0.7662337662337662
61,2024,Marine fishes nei_851,0.7662337662337662
15,2024,Marine fishes nei_852,0.7662337662337662
62,2024,Marine fishes nei_853,0.7662337662337662
247,2024,Marine fishes nei_854,0.7662337662337662
14,2024,Marine fishes nei_855,0.7662337662337662
80,2024,Marine fishes nei_856,0.7662337662337662
179,2024,Marine fishes nei_857,0.7662337662337662
16,2024,Marine fishes nei_858,0.7662337662337662
171,2024,Marine fishes nei_859,0.7662337662337662
79,2024,Marine fishes nei_860,0.7662337662337662
147,2024,Marine fishes nei_861,0.7662337662337662
187,2024,Marine fishes nei_862,0.7662337662337662
135,2024,Marine fishes nei_863,0.7662337662337662
183,2024,Marine fishes nei_864,0.7662337662337662
216,2024,Marine fishes nei_865,0.7662337662337662
182,2024,Marine fishes nei_866,0.7662337662337662
184,2024,Marine fishes nei_867,0.7662337662337662
76,2024,Marine fishes nei_868,0.7662337662337662
68,2024,Marine fishes nei_869,0.7662337662337662
24,2024,Marine fishes nei_870,0.7662337662337662
207,2024,Marine fishes nei_871,0.7662337662337662
163,2024,Marine fishes nei_872,0.7662337662337662
21,2024,Marine fishes nei_873,0.7662337662337662
191,2024,Marine fishes nei_874,0.7662337662337662
218,2024,Marine fishes nei_875,0.7662337662337662
207,2024,Marine molluscs nei_876,0.9090909090909091
209,2024,Marine molluscs nei_877,0.9090909090909091
171,2024,Marine molluscs nei_878,0.9090909090909091
20,2024,Marine molluscs nei_879,0.9090909090909091
218,2024,Marine molluscs nei_880,0.9090909090909091
179,2024,Marine molluscs nei_881,0.9090909090909091
182,2024,Marine molluscs nei_882,0.9090909090909091
183,2024,Marine molluscs nei_883,0.9090909090909091
14,2024,Marine molluscs nei_884,0.9090909090909091
80,2024,Marine molluscs nei_885,0.9090909090909091
224,2024,Masu(=Cherry) salmon_886,0.5974025974025974
179,2024,Meagre_887,0.5584415584415584
184,2024,Meagre_888,0.5584415584415584
182,2024,Meagre_889,0.5584415584415584
183,2024,Meagre_890,0.8831168831168832
81,2024,Meagre_891,0.5584415584415584
187,2024,Meagre_892,0.5584415584415584
80,2024,Meagre_893,0.5584415584415584
76,2024,Meagre_894,0.5194805194805195
61,2024,Meagre_895,0.8831168831168832
50,2024,Meagre_896,0.8831168831168832
115,2024,Meagre_897,0.8831168831168832
20,2024,Mi-iuy (brown) croaker_898,0.5974025974025974
14,2024,Mi-iuy (brown) croaker_899,0.5974025974025974
15,2024,Milkfish_900,0.7662337662337662
208,2024,Milkfish_901,0.7662337662337662
19,2024,Milkfish_902,0.7662337662337662
216,2024,Milkfish_903,0.7662337662337662
247,2024,Milkfish_904,0.7662337662337662
208,2024,Mud spiny lobster_905,0.8181818181818181
73,2024,Mullets nei_906,0.7662337662337662
20,2024,Mullets nei_907,0.7662337662337662
102,2024,Mullets nei_908,0.7662337662337662
182,2024,Mullets nei_909,0.7662337662337662
54,2024,Mullets nei_910,0.7662337662337662
75,2024,Mullets nei_911,0.7662337662337662
171,2024,Mullets nei_912,0.7662337662337662
20,2024,Mussels_913,0.8701298701298702
25,2024,Mussels_914,0.8701298701298702
162,2024,Mussels_915,0.8701298701298702
163,2024,Mussels_916,0.8701298701298702
176,2024,Mussels_917,0.8701298701298702
177,2024,Mussels_918,0.8701298701298702
179,2024,Mussels_919,0.8701298701298702
181,2024,Mussels_920,0.8701298701298702
182,2024,Mussels_921,0.8701298701298702
209,2024,Mussels_922,0.8701298701298702
222,2024,Mussels_923,0.8701298701298702
224,2024,Mussels_924,0.8701298701298702
184,2024,Mussels_925,0.8701298701298702
102,2024,Mussels_926,0.8701298701298702
218,2024,Mussels_927,0.8701298701298702
15,2024,Mussels_928,0.8701298701298702
80,2024,Mussels_929,0.8701298701298702
82,2024,Mussels_930,0.8701298701298702
147,2024,Mussels_931,0.8701298701298702
208,2024,Mussels_932,0.8701298701298702
71,2024,Mussels_933,0.8701298701298702
84,2024,Mussels_934,0.8701298701298702
16,2024,Mussels_935,0.8701298701298702
18,2024,Mussels_936,0.8701298701298702
73,2024,Mussels_937,0.8701298701298702
139,2024,Mussels_938,0.8701298701298702
180,2024,Mussels_939,0.8701298701298702
206,2024,Mussels_940,0.8701298701298702
223,2024,Mussels_941,0.8701298701298702
183,2024,Mussels_942,0.8701298701298702
75,2024,Mussels_943,0.8701298701298702
101,2024,Mussels_944,0.8701298701298702
186,2024,Mussels_945,0.8701298701298702
187,2024,Mussels_946,0.8701298701298702
188,2024,Mussels_947,0.8701298701298702
76,2024,Mussels_948,0.8701298701298702
135,2024,Mussels_949,0.8701298701298702
171,2024,Mussels_950,0.8701298701298702
203,2024,Mussels_951,0.8701298701298702
62,2024,Mussels_952,0.8701298701298702
227,2024,Mussels_953,0.8701298701298702
228,2024,Mussels_954,0.8701298701298702
172,2024,Mussels_955,0.8701298701298702
232,2024,Mussels_956,0.8701298701298702
143,2024,Mussels_957,0.8701298701298702
175,2024,Mussels_958,0.8701298701298702
95,2024,Mussels_959,0.8701298701298702
24,2024,Mussels_960,0.8701298701298702
72,2024,Mussels_961,0.8701298701298702
219,2024,Mussels_962,0.8701298701298702
66,2024,Mussels_963,0.8701298701298702
216,2024,Mussels_964,0.8701298701298702
61,2024,Octopuses nei_965,0.8181818181818181
182,2024,Octopuses nei_966,0.8181818181818181
210,2024,"Octopuses, etc. nei_967",0.8181818181818181
20,2024,Okhotsk atka mackerel_968,0.7662337662337662
51,2024,Orange-spotted grouper_969,0.7662337662337662
208,2024,Orange-spotted grouper_970,0.7662337662337662
247,2024,Orange-spotted grouper_971,0.7662337662337662
24,2024,Orange-spotted grouper_972,0.7662337662337662
52,2024,Orange-spotted grouper_973,0.7662337662337662
209,2024,Orange-spotted grouper_974,0.7662337662337662
14,2024,Oysters_975,0.8701298701298702
16,2024,Oysters_976,0.8701298701298702
20,2024,Oysters_977,0.8701298701298702
25,2024,Oysters_978,0.8701298701298702
162,2024,Oysters_979,0.8701298701298702
163,2024,Oysters_980,0.8701298701298702
179,2024,Oysters_981,0.8701298701298702
181,2024,Oysters_982,0.8701298701298702
209,2024,Oysters_983,0.8701298701298702
210,2024,Oysters_984,0.8701298701298702
218,2024,Oysters_985,0.8701298701298702
224,2024,Oysters_986,0.8701298701298702
180,2024,Oysters_987,0.8701298701298702
182,2024,Oysters_988,0.8701298701298702
62,2024,Oysters_989,0.8701298701298702
112,2024,Oysters_990,0.8701298701298702
15,2024,Oysters_991,0.8701298701298702
166,2024,Oysters_992,0.8701298701298702
37,2024,Oysters_993,0.8701298701298702
84,2024,Oysters_994,0.8701298701298702
222,2024,Oysters_995,0.8701298701298702
102,2024,Oysters_996,0.8701298701298702
147,2024,Oysters_997,0.8701298701298702
176,2024,Oysters_998,0.8701298701298702
223,2024,Oysters_999,0.8701298701298702
227,2024,Oysters_1000,0.8701298701298702
228,2024,Oysters_1001,0.8701298701298702
18,2024,Oysters_1002,0.8701298701298702
177,2024,Oysters_1003,0.8701298701298702
5,2024,Oysters_1004,0.8701298701298702
101,2024,Oysters_1005,0.8701298701298702
135,2024,Oysters_1006,0.8701298701298702
115,2024,Oysters_1007,0.8701298701298702
206,2024,Oysters_1008,0.8701298701298702
187,2024,Oysters_1009,0.8701298701298702
80,2024,Oysters_1010,0.8701298701298702
171,2024,Oysters_1011,0.8701298701298702
203,2024,Oysters_1012,0.8701298701298702
138,2024,Oysters_1013,0.8701298701298702
172,2024,Oysters_1014,0.8701298701298702
66,2024,Oysters_1015,0.8701298701298702
183,2024,Oysters_1016,0.8701298701298702
17,2024,Oysters_1017,0.8701298701298702
184,2024,Oysters_1018,0.8701298701298702
232,2024,Oysters_1019,0.8701298701298702
216,2024,Oysters_1020,0.8701298701298702
95,2024,Oysters_1021,0.8701298701298702
208,2024,Oysters_1022,0.8701298701298702
130,2024,Oysters_1023,0.8701298701298702
134,2024,Oysters_1024,0.8701298701298702
73,2024,Oysters_1025,0.8701298701298702
137,2024,Oysters_1026,0.8701298701298702
186,2024,Oysters_1027,0.8701298701298702
54,2024,Oysters_1028,0.8701298701298702
153,2024,Pacific asaphis_1029,0.8701298701298702
135,2024,Pacific bluefin tuna_1030,0.3766233766233766
210,2024,Pacific bluefin tuna_1031,0.2987012987012987
20,2024,Pacific chub mackerel_1032,0.2987012987012987
163,2024,Pacific geoduck_1033,0.8181818181818181
208,2024,Papuan black snapper_1034,0.7662337662337662
32,2024,Pargo breams nei_1035,0.7012987012987013
187,2024,Pargo breams nei_1036,0.5714285714285714
209,2024,Pen shells nei_1037,0.8701298701298702
208,2024,Penaeus shrimps nei_1038,0.8831168831168832
183,2024,Peppery furrow_1039,0.8701298701298702
179,2024,Periwinkles nei_1040,0.9090909090909091
76,2024,Pink dentex_1041,0.5324675324675324
73,2024,Pink(=Humpback) salmon_1042,0.8831168831168832
182,2024,Pollack_1043,0.8831168831168832
209,2024,Pompano_1044,0.8831168831168832
14,2024,"Porgies, seabreams nei_1045",0.7012987012987013
20,2024,"Porgies, seabreams nei_1046",0.7012987012987013
48,2024,"Porgies, seabreams nei_1047",0.8831168831168832
184,2024,"Porgies, seabreams nei_1048",0.5714285714285714
209,2024,"Porgies, seabreams nei_1049",0.7012987012987013
76,2024,"Porgies, seabreams nei_1050",0.5324675324675324
208,2024,Potato grouper_1051,0.7662337662337662
20,2024,Pufferfishes nei_1052,0.7662337662337662
183,2024,Purple dye murex_1053,0.9090909090909091
111,2024,Queen conch_1054,0.9090909090909091
218,2024,Rainbow trout_1055,0.8181818181818181
223,2024,Rainbow trout_1056,0.8831168831168832
141,2024,Rainbow trout_1057,0.8831168831168832
179,2024,Rainbow trout_1058,0.8831168831168832
181,2024,Rainbow trout_1059,0.8831168831168832
174,2024,Rainbow trout_1060,0.8831168831168832
175,2024,Rainbow trout_1061,0.8831168831168832
180,2024,Rainbow trout_1062,0.8831168831168832
163,2024,Rainbow trout_1063,0.8701298701298702
222,2024,Rainbow trout_1064,0.8831168831168832
16,2024,Rainbow trout_1065,0.8831168831168832
224,2024,Rainbow trout_1066,0.5064935064935066
70,2024,Rainbow trout_1067,0.8831168831168832
76,2024,Rainbow trout_1068,0.8831168831168832
143,2024,Rainbow trout_1069,0.8831168831168832
182,2024,Rainbow trout_1070,0.8831168831168832
172,2024,Rainbow trout_1071,0.8831168831168832
20,2024,Rainbow trout_1072,0.8831168831168832
102,2024,Red bait_1073,0.8181818181818181
140,2024,Red drum_1074,0.5974025974025974
110,2024,Red drum_1075,0.8831168831168832
79,2024,Red drum_1076,0.5974025974025974
137,2024,Red drum_1077,0.5974025974025974
32,2024,Red drum_1078,0.5974025974025974
29,2024,Red drum_1079,0.5974025974025974
209,2024,Red drum_1080,0.5974025974025974
37,2024,Red drum_1081,0.5974025974025974
135,2024,Red drum_1082,0.5974025974025974
210,2024,Red oyas_1083,0.8181818181818181
20,2024,Red oyas_1084,0.8181818181818181
80,2024,Red porgy_1085,0.5714285714285714
81,2024,Red porgy_1086,0.5714285714285714
76,2024,Red porgy_1087,0.5324675324675324
20,2024,Red seabream_1088,0.7012987012987013
81,2024,Red seabream_1089,0.5714285714285714
14,2024,Red seabream_1090,0.7012987012987013
76,2024,Redbanded seabream_1091,0.5324675324675324
153,2024,Rough turban_1092,0.9090909090909091
209,2024,Russell's snapper_1093,0.7662337662337662
218,2024,Salmonids nei_1094,0.7662337662337662
73,2024,Salmonoids nei_1095,0.8831168831168832
174,2024,Salmonoids nei_1096,0.8831168831168832
163,2024,Sand gaper_1097,0.8701298701298702
183,2024,Sargo breams nei_1098,0.5714285714285714
61,2024,Sargo breams nei_1099,0.8831168831168832
216,2024,Scalloped spiny lobster_1100,0.8181818181818181
210,2024,Scallops_1101,0.8701298701298702
138,2024,Scallops_1102,0.8701298701298702
209,2024,Scallops_1103,0.8701298701298702
224,2024,Scallops_1104,0.8701298701298702
73,2024,Scallops_1105,0.8701298701298702
182,2024,Scallops_1106,0.8701298701298702
180,2024,Scallops_1107,0.8701298701298702
135,2024,Scallops_1108,0.8701298701298702
137,2024,Scallops_1109,0.8701298701298702
218,2024,Scallops_1110,0.8701298701298702
16,2024,Scallops_1111,0.8701298701298702
20,2024,Scallops_1112,0.8701298701298702
179,2024,Scallops_1113,0.8701298701298702
227,2024,Scallops_1114,0.8701298701298702
228,2024,Scallops_1115,0.8701298701298702
181,2024,Scallops_1116,0.8701298701298702
62,2024,Scallops_1117,0.8701298701298702
171,2024,Scallops_1118,0.8701298701298702
223,2024,Scallops_1119,0.8701298701298702
21,2024,Scallops_1120,0.8701298701298702
187,2024,Scallops_1121,0.8701298701298702
80,2024,Sciaenas nei_1122,0.5584415584415584
76,2024,Sciaenas nei_1123,0.5194805194805195
20,2024,"Scorpionfishes, redfishes nei_1124",0.7662337662337662
216,2024,Sea cucumbers nei_1125,0.8181818181818181
42,2024,Sea cucumbers nei_1126,0.8181818181818181
209,2024,Sea snails_1127,0.9090909090909091
73,2024,Sea trout_1128,0.5974025974025974
179,2024,Sea trout_1129,0.5584415584415584
180,2024,Sea trout_1130,0.5974025974025974
174,2024,Sea trout_1131,0.5974025974025974
73,2024,Sea urchins nei_1132,0.8181818181818181
209,2024,Sea urchins nei_1133,0.8181818181818181
15,2024,Seaweed_1134,0.8701298701298702
20,2024,Seaweed_1135,0.8701298701298702
21,2024,Seaweed_1136,0.8701298701298702
207,2024,Seaweed_1137,0.8701298701298702
209,2024,Seaweed_1138,0.8701298701298702
210,2024,Seaweed_1139,0.8701298701298702
216,2024,Seaweed_1140,0.8701298701298702
73,2024,Seaweed_1141,0.8701298701298702
224,2024,Seaweed_1142,0.8701298701298702
14,2024,Seaweed_1143,0.8701298701298702
9,2024,Seaweed_1144,0.8701298701298702
18,2024,Seaweed_1145,0.8701298701298702
122,2024,Seaweed_1146,0.8701298701298702
179,2024,Seaweed_1147,0.8701298701298702
212,2024,Seaweed_1148,0.8701298701298702
202,2024,Seaweed_1149,0.8701298701298702
139,2024,Seaweed_1150,0.8701298701298702
42,2024,Seaweed_1151,0.8701298701298702
101,2024,Seaweed_1152,0.8701298701298702
120,2024,Seaweed_1153,0.8701298701298702
102,2024,Seaweed_1154,0.8701298701298702
138,2024,Seaweed_1155,0.8701298701298702
206,2024,Seaweed_1156,0.8701298701298702
24,2024,Seaweed_1157,0.8701298701298702
203,2024,Seaweed_1158,0.8701298701298702
7,2024,Seaweed_1159,0.8701298701298702
41,2024,Seaweed_1160,0.8701298701298702
182,2024,Seaweed_1161,0.8701298701298702
181,2024,Seaweed_1162,0.8701298701298702
231,2024,Seaweed_1163,0.8701298701298702
155,2024,Seaweed_1164,0.8701298701298702
171,2024,Seaweed_1165,0.8701298701298702
175,2024,Seaweed_1166,0.8701298701298702
205,2024,Seaweed_1167,0.8701298701298702
17,2024,Seaweed_1168,0.8701298701298702
43,2024,Seaweed_1169,0.8701298701298702
164,2024,Seaweed_1170,0.8701298701298702
127,2024,Seaweed_1171,0.8701298701298702
119,2024,Seaweed_1172,0.8701298701298702
137,2024,Seaweed_1173,0.8701298701298702
125,2024,Seaweed_1174,0.8701298701298702
135,2024,Seaweed_1175,0.8701298701298702
141,2024,Seaweed_1176,0.8701298701298702
163,2024,Seaweed_1177,0.8701298701298702
223,2024,Seaweed_1178,0.8701298701298702
62,2024,Seaweed_1179,0.8701298701298702
152,2024,Seaweed_1180,0.8701298701298702
61,2024,Seaweed_1181,0.8701298701298702
182,2024,Senegalese sole_1182,0.8831168831168832
81,2024,Sharpsnout seabream_1183,0.5714285714285714
184,2024,Sharpsnout seabream_1184,0.5714285714285714
187,2024,Sharpsnout seabream_1185,0.5714285714285714
188,2024,Sharpsnout seabream_1186,0.8831168831168832
80,2024,Sharpsnout seabream_1187,0.5714285714285714
76,2024,Sharpsnout seabream_1188,0.5324675324675324
81,2024,Shi drum_1189,0.5584415584415584
184,2024,Shi drum_1190,0.5584415584415584
80,2024,Shi drum_1191,0.5584415584415584
76,2024,Shi drum_1192,0.5194805194805195
147,2024,Sixfinger threadfin_1193,0.7662337662337662
11,2024,Sixfinger threadfin_1194,0.7662337662337662
102,2024,Smooth mactra_1195,0.8701298701298702
208,2024,Snappers nei_1196,0.7662337662337662
196,2024,Snappers nei_1197,0.7662337662337662
247,2024,Snappers nei_1198,0.7662337662337662
15,2024,Snappers nei_1199,0.7662337662337662
135,2024,Snappers nei_1200,0.7662337662337662
24,2024,Snappers nei_1201,0.7662337662337662
209,2024,Snappers nei_1202,0.7662337662337662
216,2024,Snappers nei_1203,0.7662337662337662
14,2024,"Snappers, jobfishes nei_1204",0.7662337662337662
171,2024,Snooks(=Robalos) nei_1205,0.7662337662337662
209,2024,Snubnose pompano_1206,0.8831168831168832
208,2024,Snubnose pompano_1207,0.8831168831168832
15,2024,Snubnose pompano_1208,0.8831168831168832
206,2024,Snubnose pompano_1209,0.8831168831168832
247,2024,Snubnose pompano_1210,0.8831168831168832
216,2024,Snubnose pompano_1211,0.8831168831168832
52,2024,Sobaity seabream_1212,0.8831168831168832
51,2024,Sobaity seabream_1213,0.8831168831168832
54,2024,Sobaity seabream_1214,0.8831168831168832
50,2024,Sobaity seabream_1215,0.8831168831168832
73,2024,Sockeye(=Red) salmon_1216,0.8831168831168832
182,2024,Soles nei_1217,0.7662337662337662
177,2024,Soles nei_1218,0.7662337662337662
16,2024,Southern bluefin tuna_1219,0.6493506493506493
208,2024,Southern red snapper_1220,0.7662337662337662
216,2024,Speckled blue grouper_1221,0.7662337662337662
50,2024,Spinefeet(=Rabbitfishes) nei_1222,0.7662337662337662
208,2024,Spinefeet(=Rabbitfishes) nei_1223,0.7662337662337662
15,2024,Spinefeet(=Rabbitfishes) nei_1224,0.7662337662337662
37,2024,Spinefeet(=Rabbitfishes) nei_1225,0.7662337662337662
182,2024,Spinous spider crab_1226,0.8181818181818181
210,2024,Spiny lobsters nei_1227,0.8181818181818181
208,2024,Spotted coralgrouper_1228,0.7662337662337662
130,2024,Spotted rose snapper_1229,0.7662337662337662
131,2024,Spotted rose snapper_1230,0.7662337662337662
182,2024,Spotted seabass_1231,0.7662337662337662
216,2024,Squaretail coralgrouper_1232,0.7662337662337662
181,2024,Stony sea urchin_1233,0.8181818181818181
208,2024,Streaked spinefoot_1234,0.7662337662337662
135,2024,Striped bass_1235,0.7922077922077921
79,2024,"Striped bass, hybrid_1236",0.8831168831168832
182,2024,"Striped bass, hybrid_1237",0.8831168831168832
182,2024,Striped venus_1238,0.8701298701298702
244,2024,Stromboid conchs nei_1239,0.9090909090909091
245,2024,Stromboid conchs nei_1240,0.9090909090909091
250,2024,Stromboid conchs nei_1241,0.9090909090909091
210,2024,Tiger pufferfish_1242,0.7662337662337662
209,2024,Tiger pufferfish_1243,0.7662337662337662
206,2024,"Tiger-dragon grouper, hybrid_1244",0.7662337662337662
15,2024,Tropical spiny lobsters nei_1245,0.8181818181818181
112,2024,Tropical spiny lobsters nei_1246,0.8181818181818181
207,2024,Tropical spiny lobsters nei_1247,0.8181818181818181
216,2024,Tropical spiny lobsters nei_1248,0.8181818181818181
76,2024,Trouts nei_1249,0.5194805194805195
14,2024,Trumpet emperor_1250,0.7662337662337662
179,2024,Turbot_1251,0.8831168831168832
176,2024,Turbot_1252,0.8831168831168832
181,2024,Turbot_1253,0.8831168831168832
183,2024,Turbot_1254,0.8831168831168832
102,2024,Turbot_1255,0.8831168831168832
180,2024,Turbot_1256,0.8831168831168832
143,2024,Turbot_1257,0.8831168831168832
175,2024,Turbot_1258,0.8831168831168832
182,2024,Warty venus_1259,0.8701298701298702
188,2024,Warty venus_1260,0.8701298701298702
80,2024,White seabream_1261,0.5714285714285714
179,2024,White seabream_1262,0.5714285714285714
182,2024,White seabream_1263,0.5714285714285714
183,2024,White seabream_1264,0.5714285714285714
184,2024,White seabream_1265,0.5714285714285714
210,2024,White trevally_1266,0.14285714285714285
216,2024,White-edged lyretail_1267,0.7662337662337662
54,2024,White-spotted spinefoot_1268,0.7662337662337662
52,2024,White-spotted spinefoot_1269,0.7662337662337662
208,2024,White-spotted spinefoot_1270,0.7662337662337662
5,2024,White-spotted spinefoot_1271,0.7662337662337662
182,2024,Whiteleg shrimp_1272,0.8831168831168832
208,2024,Whiteleg shrimp_1273,0.8831168831168832
176,2024,Whiteleg shrimp_1274,0.8831168831168832
14,2024,Yellowback seabream_1275,0.7012987012987013
190,2024,Yellowfin seabream_1276,0.7792207792207791
48,2024,Yellowfin seabream_1277,0.8831168831168832
135,2024,Yellowfin tuna_1278,0.3766233766233766
48,2024,Yellowfin tuna_1279,0.5714285714285714
216,2024,Yellowspotted trevally_1280,0.8831168831168832
20,2024,[Oplegnathus fasciatus]_1281,0.7662337662337662
