"rgn_id","taxa_code","sust_coeff"
14,"Abalones_1","global_species"
163,"Abalones_2","global_species"
25,"Abalones_3","global_species"
102,"Abalones_4","global_species"
224,"Abalones_5","global_species"
216,"Akiami paste shrimp_6","taxon_group_avg"
14,"Amberjacks nei_7","region_family_avg"
207,"Aquatic invertebrates nei_8","global_avg"
143,"Arctic char_9","none"
183,"Atlantic ditch shrimp_10","taxon_group_avg"
182,"Atlantic ditch shrimp_11","taxon_group_avg"
183,"Atlantic salmon_12","global_species"
143,"Atlantic salmon_13","global_species"
75,"Baltic prawn_14","taxon_group_avg"
216,"Banana prawn_15","region_family_avg"
207,"Banana prawn_16","region_family_avg"
13,"Banana prawn_17","region_family_avg"
208,"Banana prawn_18","region_family_avg"
15,"Banana prawn_19","region_family_avg"
25,"Banana prawn_20","region_family_avg"
206,"Banana prawn_21","region_family_avg"
216,"Banded grouper_22","taxon_group_avg"
216,"Barramundi(=Giant seaperch)_23","global_species"
25,"Barramundi(=Giant seaperch)_24","global_species"
206,"Barramundi(=Giant seaperch)_25","global_species"
16,"Barramundi(=Giant seaperch)_26","global_species"
14,"Barramundi(=Giant seaperch)_27","global_species"
15,"Barramundi(=Giant seaperch)_28","global_species"
208,"Barramundi(=Giant seaperch)_29","global_species"
79,"Barramundi(=Giant seaperch)_30","global_species"
147,"Barramundi(=Giant seaperch)_31","global_species"
40,"Barramundi(=Giant seaperch)_32","global_species"
203,"Barramundi(=Giant seaperch)_33","global_species"
54,"Barramundi(=Giant seaperch)_34","global_species"
216,"Barred-chest grouper_35","taxon_group_avg"
20,"Bastard halibut_36","taxon_group_avg"
14,"Blackhead seabream_37","family_avg"
216,"Blacktail snapper_38","taxon_group_avg"
163,"Blue crab_39","global_avg"
137,"Blue shrimp_40","region_family_avg"
129,"Blue shrimp_41","region_family_avg"
147,"Blue shrimp_42","georegion_family_avg"
5,"Blue shrimp_43","georegion_family_avg"
134,"Blue shrimp_44","region_family_avg"
131,"Blue shrimp_45","region_family_avg"
139,"Blue shrimp_46","region_family_avg"
247,"Blue shrimp_47","region_family_avg"
6,"Blue shrimp_48","region_family_avg"
216,"Blue shrimp_49","region_family_avg"
18,"Blue shrimp_50","region_family_avg"
135,"Blue shrimp_51","region_family_avg"
14,"Blue swimming crab_52","global_avg"
208,"Blue swimming crab_53","global_avg"
216,"Bluespot mullet_54","taxon_group_avg"
16,"Brine shrimp_55","taxon_group_avg"
191,"Brine shrimps nei_56","taxon_group_avg"
16,"Brown tiger prawn_57","region_family_avg"
208,"Brown-marbled grouper_58","taxon_group_avg"
216,"Brown-marbled grouper_59","taxon_group_avg"
84,"Caramote prawn_60","georegion_family_avg"
182,"Caramote prawn_61","region_family_avg"
14,"Clams_62","global_species"
62,"Clams_63","global_species"
14,"Cobia_64","global_species"
182,"Cockles_65","global_species"
182,"Common prawn_66","taxon_group_avg"
184,"Common prawn_67","taxon_group_avg"
115,"Common snook_68","taxon_group_avg"
84,"Common sole_69","global_species"
183,"Common sole_70","global_species"
80,"Common sole_71","global_species"
184,"Common two-banded seabream_72","region_family_avg"
182,"Corrugated venus_73","taxon_group_avg"
224,"Corvina drum_74","family_avg"
208,"Crimson snapper_75","taxon_group_avg"
216,"Deepwater longtail red snapper_76","taxon_group_avg"
14,"Diphos sanguin_77","taxon_group_avg"
16,"Eastern king prawn_78","region_family_avg"
16,"Eastern school shrimp_79","region_family_avg"
184,"European eel_80","global_species"
84,"European eel_81","global_species"
179,"European eel_82","global_species"
62,"European eel_83","global_species"
183,"European eel_84","global_species"
186,"European eel_85","global_species"
80,"European eel_86","global_species"
175,"European eel_87","global_species"
182,"European eel_88","global_species"
75,"European flounder_89","family_avg"
184,"European seabass_90","none"
61,"European seabass_91","global_species"
179,"European seabass_92","none"
80,"European seabass_93","none"
214,"European seabass_94","none"
183,"European seabass_95","none"
176,"European seabass_96","global_species"
79,"European seabass_97","global_species"
182,"European seabass_98","none"
78,"European seabass_99","global_species"
175,"European whitefish_100","region_family_avg"
138,"Fine flounder_101","taxon_group_avg"
14,"Flathead grey mullet_102","taxon_group_avg"
184,"Flathead grey mullet_103","taxon_group_avg"
18,"Flathead grey mullet_104","taxon_group_avg"
61,"Flathead grey mullet_105","taxon_group_avg"
80,"Flathead grey mullet_106","taxon_group_avg"
167,"Flathead grey mullet_107","taxon_group_avg"
216,"Flathead grey mullet_108","taxon_group_avg"
20,"Fleshy prawn_109","region_family_avg"
209,"Fleshy prawn_110","region_family_avg"
25,"Fourfinger threadfin_111","taxon_group_avg"
14,"Fourfinger threadfin_112","taxon_group_avg"
216,"Foursaddle grouper_113","taxon_group_avg"
208,"Giant grouper_114","taxon_group_avg"
14,"Giant tiger prawn_115","global_species"
207,"Giant tiger prawn_116","none"
216,"Giant tiger prawn_117","none"
15,"Giant tiger prawn_118","global_species"
203,"Giant tiger prawn_119","none"
206,"Giant tiger prawn_120","none"
25,"Giant tiger prawn_121","global_species"
40,"Giant tiger prawn_122","global_species"
18,"Giant tiger prawn_123","global_species"
16,"Giant tiger prawn_124","global_species"
50,"Giant tiger prawn_125","global_species"
7,"Giant tiger prawn_126","global_species"
31,"Giant tiger prawn_127","global_species"
37,"Giant tiger prawn_128","global_species"
42,"Giant tiger prawn_129","global_species"
153,"Giant tiger prawn_130","global_species"
184,"Giant tiger prawn_131","global_species"
205,"Giant tiger prawn_132","none"
102,"Giant tiger prawn_133","global_species"
247,"Giant tiger prawn_134","global_species"
208,"Giant tiger prawn_135","global_species"
41,"Giant tiger prawn_136","global_species"
209,"Giant tiger prawn_137","global_species"
54,"Giant tiger prawn_138","global_species"
202,"Giant tiger prawn_139","global_species"
17,"Giant tiger prawn_140","global_species"
204,"Giant tiger prawn_141","none"
106,"Giant tiger prawn_142","global_species"
182,"Giant tiger prawn_143","global_species"
80,"Giant tiger prawn_144","global_species"
184,"Gilthead seabream_145","none"
61,"Gilthead seabream_146","global_species"
80,"Gilthead seabream_147","none"
214,"Gilthead seabream_148","none"
183,"Gilthead seabream_149","none"
79,"Gilthead seabream_150","global_species"
182,"Gilthead seabream_151","none"
78,"Gilthead seabream_152","global_species"
75,"Gobies nei_153","taxon_group_avg"
8,"Golden-lined spinefoot_154","taxon_group_avg"
206,"Greasy grouper_155","taxon_group_avg"
14,"Greasyback shrimp_156","region_family_avg"
209,"Green mud crab_157","global_avg"
54,"Green tiger prawn_158","region_family_avg"
184,"Green tiger prawn_159","region_family_avg"
48,"Green tiger prawn_160","georegion_family_avg"
216,"Greenback mullet_161","taxon_group_avg"
182,"Grooved carpet shell_162","taxon_group_avg"
184,"Grooved carpet shell_163","taxon_group_avg"
62,"Grooved carpet shell_164","taxon_group_avg"
25,"Groupers nei_165","taxon_group_avg"
14,"Groupers nei_166","taxon_group_avg"
216,"Groupers nei_167","taxon_group_avg"
208,"Groupers nei_168","taxon_group_avg"
15,"Groupers, seabasses nei_169","taxon_group_avg"
216,"Groupers, seabasses nei_170","taxon_group_avg"
115,"Gudgeons, sleepers nei_171","taxon_group_avg"
208,"Humpback grouper_172","taxon_group_avg"
216,"Humpback grouper_173","taxon_group_avg"
207,"Indian white prawn_174","region_family_avg"
203,"Indian white prawn_175","region_family_avg"
191,"Indian white prawn_176","region_family_avg"
81,"Indian white prawn_177","georegion_family_avg"
102,"Indian white prawn_178","region_family_avg"
50,"Indian white prawn_179","region_family_avg"
54,"Indian white prawn_180","region_family_avg"
48,"Indian white prawn_181","georegion_family_avg"
41,"Indian white prawn_182","region_family_avg"
47,"Indian white prawn_183","georegion_family_avg"
204,"Indian white prawn_184","region_family_avg"
14,"Indo-Pacific swamp crab_185","global_avg"
216,"Indo-Pacific swamp crab_186","global_avg"
15,"Indo-Pacific swamp crab_187","global_avg"
25,"Indo-Pacific swamp crab_188","global_avg"
206,"Indo-Pacific swamp crab_189","global_avg"
37,"Indo-Pacific swamp crab_190","global_avg"
16,"Indo-Pacific swamp crab_191","global_avg"
40,"Indo-Pacific swamp crab_192","global_avg"
247,"Indo-Pacific swamp crab_193","global_avg"
202,"Indo-Pacific swamp crab_194","global_avg"
42,"Indo-Pacific swamp crab_195","global_avg"
24,"Indo-Pacific swamp crab_196","global_avg"
17,"Indo-Pacific swamp crab_197","global_avg"
207,"Indo-Pacific swamp crab_198","global_avg"
18,"Indo-Pacific swamp crab_199","global_avg"
43,"Indo-Pacific swamp crab_200","global_avg"
208,"Indo-Pacific swamp crab_201","global_avg"
231,"Indo-Pacific swamp crab_202","global_avg"
184,"Japanese carpet shell_203","taxon_group_avg"
14,"Japanese carpet shell_204","taxon_group_avg"
182,"Japanese carpet shell_205","taxon_group_avg"
14,"Japanese eel_206","none"
102,"Japanese meagre_207","family_avg"
209,"Japanese seabass_208","taxon_group_avg"
14,"Japanese seabass_209","taxon_group_avg"
14,"Japanese spiny lobster_210","global_avg"
208,"John's snapper_211","taxon_group_avg"
210,"Kuruma prawn_212","georegion_family_avg"
14,"Kuruma prawn_213","region_family_avg"
20,"Kuruma prawn_214","region_family_avg"
179,"Kuruma prawn_215","georegion_family_avg"
182,"Kuruma prawn_216","region_family_avg"
16,"Kuruma prawn_217","region_family_avg"
183,"Kuruma prawn_218","georegion_family_avg"
184,"Kuruma prawn_219","region_family_avg"
80,"Kuruma prawn_220","region_family_avg"
102,"Kuruma prawn_221","region_family_avg"
82,"Kuruma prawn_222","georegion_family_avg"
209,"Kuruma prawn_223","region_family_avg"
167,"Lebranche mullet_224","taxon_group_avg"
209,"Lefteye flounders nei_225","taxon_group_avg"
216,"Longspine grouper_226","taxon_group_avg"
208,"Malabar grouper_227","taxon_group_avg"
208,"Mangrove red snapper_228","taxon_group_avg"
216,"Mangrove red snapper_229","taxon_group_avg"
14,"Marine crabs nei_230","global_avg"
209,"Marine crabs nei_231","global_avg"
20,"Marine crustaceans nei_232","global_avg"
14,"Marine fishes nei_233","taxon_group_avg"
204,"Marine fishes nei_234","taxon_group_avg"
32,"Marine fishes nei_235","taxon_group_avg"
134,"Marine fishes nei_236","taxon_group_avg"
214,"Marine fishes nei_237","taxon_group_avg"
203,"Marine fishes nei_238","taxon_group_avg"
25,"Marine fishes nei_239","taxon_group_avg"
15,"Marine fishes nei_240","taxon_group_avg"
79,"Marine fishes nei_241","taxon_group_avg"
80,"Marine fishes nei_242","taxon_group_avg"
207,"Marine fishes nei_243","taxon_group_avg"
180,"Marine fishes nei_244","taxon_group_avg"
45,"Marine fishes nei_245","taxon_group_avg"
14,"Marine molluscs nei_246","taxon_group_avg"
24,"Marine molluscs nei_247","taxon_group_avg"
216,"Masked grouper_248","taxon_group_avg"
184,"Meagre_249","none"
182,"Meagre_250","none"
214,"Meagre_251","none"
80,"Mediterranean shore crab_252","global_avg"
216,"Metapenaeus shrimps nei_253","region_family_avg"
15,"Metapenaeus shrimps nei_254","region_family_avg"
25,"Metapenaeus shrimps nei_255","region_family_avg"
207,"Metapenaeus shrimps nei_256","region_family_avg"
14,"Milkfish_257","taxon_group_avg"
15,"Milkfish_258","taxon_group_avg"
216,"Milkfish_259","taxon_group_avg"
9,"Milkfish_260","taxon_group_avg"
212,"Milkfish_261","taxon_group_avg"
153,"Milkfish_262","taxon_group_avg"
155,"Milkfish_263","taxon_group_avg"
10,"Milkfish_264","taxon_group_avg"
13,"Milkfish_265","taxon_group_avg"
202,"Milkfish_266","taxon_group_avg"
231,"Milkfish_267","taxon_group_avg"
8,"Milkfish_268","taxon_group_avg"
40,"Milkfish_269","taxon_group_avg"
17,"Milkfish_270","taxon_group_avg"
43,"Milkfish_271","taxon_group_avg"
206,"Milkfish_272","taxon_group_avg"
7,"Milkfish_273","taxon_group_avg"
8,"Mottled spinefoot_274","taxon_group_avg"
208,"Mud spiny lobster_275","global_avg"
216,"Mullets nei_276","taxon_group_avg"
196,"Mullets nei_277","taxon_group_avg"
183,"Mullets nei_278","taxon_group_avg"
84,"Mullets nei_279","taxon_group_avg"
214,"Mullets nei_280","taxon_group_avg"
13,"Mullets nei_281","taxon_group_avg"
75,"Mullets nei_282","taxon_group_avg"
115,"Mullets nei_283","taxon_group_avg"
182,"Mullets nei_284","taxon_group_avg"
184,"Mullets nei_285","taxon_group_avg"
184,"Mussels_286","global_species"
61,"Mussels_287","global_species"
136,"Mussels_288","global_species"
14,"Natantian decapods nei_289","global_avg"
130,"Natantian decapods nei_290","global_avg"
76,"Natantian decapods nei_291","global_avg"
135,"Northern brown shrimp_292","region_family_avg"
216,"Northern velvet shrimp_293","region_family_avg"
163,"Northern white shrimp_294","region_family_avg"
135,"Northern white shrimp_295","region_family_avg"
205,"Orange mud crab_296","global_avg"
203,"Orange mud crab_297","global_avg"
204,"Orange mud crab_298","global_avg"
216,"Orange mud crab_299","global_avg"
54,"Orange-spotted grouper_300","taxon_group_avg"
208,"Orange-spotted grouper_301","taxon_group_avg"
66,"Oysters_302","global_species"
184,"Oysters_303","global_species"
61,"Oysters_304","global_species"
16,"Oysters_305","global_species"
183,"Oysters_306","global_species"
17,"Oysters_307","global_species"
135,"Oysters_308","global_species"
182,"Oysters_309","global_species"
40,"Oysters_310","global_species"
65,"Oysters_311","global_species"
182,"Palaemonid shrimps nei_312","taxon_group_avg"
25,"Penaeus shrimps nei_313","region_family_avg"
204,"Penaeus shrimps nei_314","region_family_avg"
209,"Penaeus shrimps nei_315","region_family_avg"
43,"Penaeus shrimps nei_316","georegion_family_avg"
115,"Penaeus shrimps nei_317","region_family_avg"
136,"Penaeus shrimps nei_318","region_family_avg"
167,"Penaeus shrimps nei_319","georegion_family_avg"
53,"Penaeus shrimps nei_320","georegion_family_avg"
62,"Penaeus shrimps nei_321","georegion_family_avg"
173,"Penaeus shrimps nei_322","georegion_family_avg"
24,"Penaeus shrimps nei_323","georegion_family_avg"
116,"Penaeus shrimps nei_324","georegion_family_avg"
15,"Penaeus shrimps nei_325","region_family_avg"
45,"Penaeus shrimps nei_326","georegion_family_avg"
214,"Penaeus shrimps nei_327","region_family_avg"
16,"Penaeus shrimps nei_328","region_family_avg"
231,"Penaeus shrimps nei_329","region_family_avg"
208,"Penaeus shrimps nei_330","region_family_avg"
8,"Penaeus shrimps nei_331","family_avg"
84,"Penaeus shrimps nei_332","georegion_family_avg"
196,"Penaeus shrimps nei_333","georegion_family_avg"
205,"Penaeus shrimps nei_334","region_family_avg"
182,"Pod razor shell_335","taxon_group_avg"
14,"Porgies, seabreams nei_336","family_avg"
184,"Porgies, seabreams nei_337","region_family_avg"
216,"Portunus swimcrabs nei_338","global_avg"
209,"Portunus swimcrabs nei_339","global_avg"
176,"Rainbow trout_340","global_species"
143,"Rainbow trout_341","global_species"
180,"Rainbow trout_342","global_species"
175,"Rainbow trout_343","global_species"
191,"Rainbow trout_344","global_species"
79,"Red drum_345","georegion_family_avg"
163,"Red drum_346","none"
14,"Red seabream_347","family_avg"
14,"Redtail prawn_348","region_family_avg"
209,"Righteye flounders nei_349","family_avg"
20,"Righteye flounders nei_350","family_avg"
15,"Scats_351","taxon_group_avg"
175,"Sea trout_352","family_avg"
183,"Seabasses nei_353","taxon_group_avg"
14,"Seaweed_354","global_species"
184,"Seaweed_355","global_species"
155,"Seaweed_356","global_species"
216,"Seaweed_357","global_species"
102,"Seaweed_358","global_species"
40,"Seaweed_359","global_species"
183,"Seaweed_360","global_species"
182,"Seaweed_361","global_species"
207,"Seaweed_362","global_species"
182,"Senegalese sole_363","region_family_avg"
143,"Senegalese sole_364","family_avg"
183,"Senegalese sole_365","region_family_avg"
80,"Sharpsnout seabream_366","region_family_avg"
206,"Snappers nei_367","taxon_group_avg"
208,"Snappers nei_368","taxon_group_avg"
216,"Snappers nei_369","taxon_group_avg"
14,"Snappers, jobfishes nei_370","taxon_group_avg"
208,"Snubnose pompano_371","global_species"
75,"So-iuy mullet_372","taxon_group_avg"
182,"Soles nei_373","taxon_group_avg"
112,"Southern white shrimp_374","region_family_avg"
204,"Speckled shrimp_375","region_family_avg"
18,"Spinefeet(=Rabbitfishes) nei_376","taxon_group_avg"
15,"Spinefeet(=Rabbitfishes) nei_377","taxon_group_avg"
8,"Spinefeet(=Rabbitfishes) nei_378","taxon_group_avg"
208,"Spotted coralgrouper_379","taxon_group_avg"
182,"Spotted seabass_380","taxon_group_avg"
25,"Squaretail mullet_381","taxon_group_avg"
61,"Thinlip grey mullet_382","taxon_group_avg"
21,"Tiger pufferfish_383","taxon_group_avg"
206,"Tropical spiny lobsters nei_384","global_avg"
40,"Tropical spiny lobsters nei_385","global_avg"
182,"Turbot_386","global_species"
224,"Turbot_387","global_species"
177,"Turbot_388","global_species"
183,"Turbot_389","global_species"
209,"Turbot_390","global_species"
227,"Turbot_391","global_species"
228,"Turbot_392","global_species"
14,"Two-spot red snapper_393","taxon_group_avg"
14,"Waigieu seaperch_394","region_family_avg"
80,"White seabream_395","region_family_avg"
182,"White seabream_396","region_family_avg"
184,"White seabream_397","region_family_avg"
190,"White-spotted spinefoot_398","taxon_group_avg"
137,"Whiteleg shrimp_399","none"
129,"Whiteleg shrimp_400","global_species"
133,"Whiteleg shrimp_401","none"
138,"Whiteleg shrimp_402","global_species"
171,"Whiteleg shrimp_403","global_species"
132,"Whiteleg shrimp_404","global_species"
131,"Whiteleg shrimp_405","none"
110,"Whiteleg shrimp_406","global_species"
163,"Whiteleg shrimp_407","none"
164,"Whiteleg shrimp_408","global_species"
135,"Whiteleg shrimp_409","none"
130,"Whiteleg shrimp_410","global_species"
139,"Whiteleg shrimp_411","global_species"
134,"Whiteleg shrimp_412","global_species"
168,"Whiteleg shrimp_413","global_species"
14,"Whiteleg shrimp_414","global_species"
209,"Whiteleg shrimp_415","none"
25,"Whiteleg shrimp_416","none"
166,"Whiteleg shrimp_417","global_species"
207,"Whiteleg shrimp_418","none"
13,"Whiteleg shrimp_419","global_species"
78,"Whiteleg shrimp_420","global_species"
136,"Whiteleg shrimp_421","global_species"
112,"Whiteleg shrimp_422","global_species"
216,"Whiteleg shrimp_423","none"
208,"Whiteleg shrimp_424","global_species"
20,"Whiteleg shrimp_425","global_species"
15,"Whiteleg shrimp_426","global_species"
102,"Whiteleg shrimp_427","global_species"
191,"Whiteleg shrimp_428","global_species"
203,"Whiteleg shrimp_429","none"
206,"Whiteleg shrimp_430","none"
6,"Whiteleg shrimp_431","global_species"
115,"Whiteleg shrimp_432","global_species"
50,"Whiteleg shrimp_433","global_species"
182,"Whiteleg shrimp_434","global_species"
61,"Whiteleg shrimp_435","global_species"
214,"Whiteleg shrimp_436","global_species"
231,"Whiteleg shrimp_437","global_species"
56,"Whiteleg shrimp_438","global_species"
40,"Whiteleg shrimp_439","global_species"
247,"Whiteleg shrimp_440","global_species"
205,"Whiteleg shrimp_441","global_species"
54,"Whiteleg shrimp_442","global_species"
167,"Whitemouth croaker_443","family_avg"
224,"Yellowtail amberjack_444","global_species"
177,"Yellowtail amberjack_445","global_species"
54,"Yellowtail amberjack_446","global_species"
175,"Yellowtail amberjack_447","global_species"
184,"[Mugil spp]_448","taxon_group_avg"
209,"[Rhopilema esculentum]_449","global_avg"
25,"[Scylla spp]_450","taxon_group_avg"
20,"Abalones_451","global_species"
14,"Abalones_452","global_species"
16,"Abalones_453","global_species"
102,"Abalones_454","global_species"
135,"Abalones_455","global_species"
224,"Abalones_456","global_species"
143,"Abalones_457","global_species"
227,"Abalones_458","global_species"
228,"Abalones_459","global_species"
138,"Abalones_460","global_species"
162,"Abalones_461","global_species"
209,"Abalones_462","global_species"
101,"Abalones_463","global_species"
181,"Abalones_464","global_species"
179,"Abalones_465","global_species"
182,"Abalones_466","global_species"
14,"Amberjacks nei_467","region_family_avg"
209,"Amberjacks nei_468","region_family_avg"
20,"Amberjacks nei_469","georegion_family_avg"
209,"Aquatic invertebrates nei_470","global_avg"
20,"Aquatic invertebrates nei_471","global_avg"
210,"Aquatic invertebrates nei_472","global_avg"
16,"Aquatic invertebrates nei_473","global_avg"
205,"Aquatic invertebrates nei_474","global_avg"
73,"Aquatic invertebrates nei_475","global_avg"
181,"Aquatic invertebrates nei_476","global_avg"
182,"Aquatic invertebrates nei_477","global_avg"
209,"Areolate grouper_478","taxon_group_avg"
20,"Ascidiaceans_479","global_avg"
218,"Atlantic bluefin tuna_480","family_avg"
182,"Atlantic bluefin tuna_481","water_body"
187,"Atlantic bluefin tuna_482","water_body"
184,"Atlantic bluefin tuna_483","water_body"
61,"Atlantic bluefin tuna_484","water_body"
76,"Atlantic bluefin tuna_485","water_body"
81,"Atlantic bluefin tuna_486","water_body"
183,"Atlantic bluefin tuna_487","georegion_family_avg"
68,"Atlantic bluefin tuna_488","water_body"
80,"Atlantic bluefin tuna_489","water_body"
218,"Atlantic cod_490","global_species"
223,"Atlantic cod_491","global_species"
143,"Atlantic cod_492","global_species"
180,"Atlantic cod_493","global_species"
143,"Atlantic halibut_494","global_species"
180,"Atlantic halibut_495","global_species"
223,"Atlantic halibut_496","global_species"
223,"Atlantic salmon_497","none"
180,"Atlantic salmon_498","none"
181,"Atlantic salmon_499","global_species"
143,"Atlantic salmon_500","global_species"
141,"Atlantic salmon_501","none"
222,"Atlantic salmon_502","global_species"
218,"Atlantic salmon_503","none"
174,"Atlantic salmon_504","global_species"
182,"Atlantic salmon_505","global_species"
16,"Atlantic salmon_506","global_species"
163,"Atlantic salmon_507","none"
224,"Atlantic salmon_508","none"
76,"Atlantic salmon_509","global_species"
179,"Atlantic salmon_510","global_species"
73,"Atlantic salmon_511","global_species"
175,"Atlantic salmon_512","global_species"
21,"Atlantic salmon_513","global_species"
208,"Banana prawn_514","region_family_avg"
15,"Banana prawn_515","region_family_avg"
182,"Banded carpet shell_516","taxon_group_avg"
216,"Banded grouper_517","taxon_group_avg"
209,"Barramundi(=Giant seaperch)_518","global_species"
208,"Barramundi(=Giant seaperch)_519","global_species"
206,"Barramundi(=Giant seaperch)_520","global_species"
247,"Barramundi(=Giant seaperch)_521","global_species"
147,"Barramundi(=Giant seaperch)_522","global_species"
14,"Barramundi(=Giant seaperch)_523","global_species"
50,"Barramundi(=Giant seaperch)_524","global_species"
216,"Barramundi(=Giant seaperch)_525","global_species"
24,"Barramundi(=Giant seaperch)_526","global_species"
205,"Barramundi(=Giant seaperch)_527","global_species"
40,"Barramundi(=Giant seaperch)_528","global_species"
216,"Barred-chest grouper_529","taxon_group_avg"
210,"Bastard halibut_530","taxon_group_avg"
135,"Bastard halibuts nei_531","taxon_group_avg"
182,"Big-scale sand smelt_532","taxon_group_avg"
208,"Bigeye trevally_533","region_family_avg"
216,"Bigeye trevally_534","region_family_avg"
134,"Black ark_535","taxon_group_avg"
208,"Black grouper_536","taxon_group_avg"
216,"Black jack_537","region_family_avg"
216,"Blackbanded trevally_538","region_family_avg"
210,"Blackhead seabream_539","family_avg"
14,"Blackhead seabream_540","family_avg"
20,"Blackhead seabream_541","family_avg"
216,"Blacksaddled coralgrouper_542","taxon_group_avg"
182,"Blackspot seabream_543","region_family_avg"
183,"Blackspot seabream_544","region_family_avg"
216,"Blacktail snapper_545","taxon_group_avg"
206,"Blacktip grouper_546","taxon_group_avg"
20,"Blood cockle_547","taxon_group_avg"
25,"Blood cockle_548","taxon_group_avg"
206,"Blood cockle_549","taxon_group_avg"
14,"Blood cockle_550","taxon_group_avg"
209,"Blood cockle_551","taxon_group_avg"
24,"Blood cockle_552","taxon_group_avg"
216,"Blood cockle_553","taxon_group_avg"
216,"Bludger_554","region_family_avg"
147,"Blue shrimp_555","georegion_family_avg"
208,"Blue swimming crab_556","global_avg"
216,"Bluefin trevally_557","region_family_avg"
76,"Bluespotted seabream_558","region_family_avg"
216,"Brassy trevally_559","region_family_avg"
110,"Brine shrimp_560","taxon_group_avg"
206,"Broad geloina_561","taxon_group_avg"
208,"Brown-marbled grouper_562","taxon_group_avg"
206,"Brown-marbled grouper_563","taxon_group_avg"
216,"Brown-marbled grouper_564","taxon_group_avg"
110,"Caribbean spiny lobster_565","global_avg"
117,"Caribbean spiny lobster_566","global_avg"
102,"Carpet shells nei_567","taxon_group_avg"
61,"Carpet shells nei_568","taxon_group_avg"
223,"Chars nei_569","taxon_group_avg"
162,"Chinook(=Spring=King) salmon_570","none"
163,"Chinook(=Spring=King) salmon_571","global_species"
218,"Chinook(=Spring=King) salmon_572","none"
224,"Chinook(=Spring=King) salmon_573","global_species"
16,"Chinook(=Spring=King) salmon_574","global_species"
73,"Chum(=Keta=Dog) salmon_575","region_family_avg"
14,"Clams_576","global_species"
20,"Clams_577","global_species"
210,"Clams_578","global_species"
21,"Clams_579","global_species"
9,"Clams_580","global_species"
163,"Clams_581","global_species"
218,"Clams_582","global_species"
80,"Clams_583","global_species"
175,"Clams_584","global_species"
182,"Clams_585","global_species"
18,"Clams_586","global_species"
183,"Clams_587","global_species"
135,"Clams_588","global_species"
8,"Clams_589","global_species"
179,"Clams_590","global_species"
180,"Clams_591","global_species"
184,"Clams_592","global_species"
188,"Clams_593","global_species"
14,"Cobia_594","global_species"
32,"Cobia_595","global_species"
116,"Cobia_596","global_species"
110,"Cobia_597","global_species"
209,"Cobia_598","global_species"
140,"Cobia_599","global_species"
29,"Cobia_600","global_species"
115,"Cobia_601","global_species"
129,"Cobia_602","none"
164,"Cobia_603","global_species"
207,"Cobia_604","global_species"
208,"Cobia_605","global_species"
132,"Cobia_606","global_species"
171,"Cobia_607","global_species"
20,"Cockles_608","global_species"
183,"Cockles_609","global_species"
163,"Cockles_610","global_species"
8,"Cockles_611","global_species"
179,"Cockles_612","global_species"
180,"Cockles_613","global_species"
152,"Cockles_614","global_species"
182,"Cockles_615","global_species"
155,"Cockles_616","global_species"
153,"Cockles_617","global_species"
17,"Cockles_618","global_species"
11,"Cockles_619","global_species"
163,"Coho(=Silver) salmon_620","global_species"
224,"Coho(=Silver) salmon_621","none"
210,"Coho(=Silver) salmon_622","global_species"
218,"Coho(=Silver) salmon_623","global_species"
179,"Coho(=Silver) salmon_624","global_species"
175,"Coho(=Silver) salmon_625","global_species"
61,"Common cuttlefish_626","global_avg"
183,"Common cuttlefish_627","global_avg"
182,"Common dentex_628","region_family_avg"
232,"Common dentex_629","region_family_avg"
187,"Common dentex_630","region_family_avg"
80,"Common dentex_631","region_family_avg"
76,"Common dentex_632","region_family_avg"
80,"Common pandora_633","region_family_avg"
81,"Common pandora_634","region_family_avg"
183,"Common sole_635","global_species"
182,"Common sole_636","global_species"
61,"Common sole_637","global_species"
184,"Common sole_638","global_species"
76,"Common two-banded seabream_639","region_family_avg"
20,"Convict grouper_640","taxon_group_avg"
183,"Corrugated venus_641","taxon_group_avg"
182,"Corrugated venus_642","taxon_group_avg"
135,"Crevalle jack_643","georegion_family_avg"
210,"Crimson seabream_644","family_avg"
208,"Crimson snapper_645","taxon_group_avg"
14,"Croakers, drums nei_646","family_avg"
50,"Croakers, drums nei_647","region_family_avg"
183,"Croakers, drums nei_648","region_family_avg"
14,"Diphos sanguin_649","taxon_group_avg"
20,"Dotted gizzard shad_650","taxon_group_avg"
32,"Drums nei_651","family_avg"
216,"Duskytail grouper_652","taxon_group_avg"
16,"Eastern king prawn_653","region_family_avg"
5,"Emperor red snapper_654","taxon_group_avg"
61,"European eel_655","global_species"
182,"European eel_656","global_species"
184,"European eel_657","global_species"
80,"European eel_658","global_species"
175,"European flounder_659","georegion_family_avg"
80,"European seabass_660","none"
183,"European seabass_661","none"
81,"European seabass_662","none"
84,"European seabass_663","global_species"
179,"European seabass_664","none"
182,"European seabass_665","none"
184,"European seabass_666","none"
76,"European seabass_667","none"
62,"European seabass_668","global_species"
68,"European seabass_669","none"
187,"European seabass_670","none"
188,"European seabass_671","none"
79,"European seabass_672","global_species"
143,"European seabass_673","global_species"
67,"European seabass_674","global_species"
232,"European seabass_675","global_species"
54,"European seabass_676","global_species"
115,"European seabass_677","global_species"
180,"European seabass_678","global_species"
82,"European seabass_679","global_species"
186,"European seabass_680","global_species"
61,"European seabass_681","global_species"
37,"European seabass_682","global_species"
191,"European seabass_683","global_species"
174,"European whitefish_684","region_family_avg"
210,"Filefishes nei_685","taxon_group_avg"
20,"Filefishes, leatherjackets nei_686","taxon_group_avg"
223,"Finfishes nei_687","taxon_group_avg"
16,"Finfishes nei_688","taxon_group_avg"
179,"Finfishes nei_689","taxon_group_avg"
73,"Flatfishes nei_690","taxon_group_avg"
210,"Flathead grey mullet_691","taxon_group_avg"
14,"Flathead grey mullet_692","taxon_group_avg"
135,"Flathead grey mullet_693","taxon_group_avg"
80,"Flathead grey mullet_694","taxon_group_avg"
50,"Flathead grey mullet_695","taxon_group_avg"
184,"Flathead grey mullet_696","taxon_group_avg"
208,"Flathead grey mullet_697","taxon_group_avg"
15,"Flathead lobster_698","global_avg"
129,"Florida pompano_699","global_species"
115,"Florida pompano_700","global_species"
208,"Fourfinger threadfin_701","taxon_group_avg"
206,"Fourfinger threadfin_702","taxon_group_avg"
216,"Foursaddle grouper_703","taxon_group_avg"
182,"Gastropods nei_704","taxon_group_avg"
210,"Gazami crab_705","global_avg"
208,"Giant grouper_706","taxon_group_avg"
206,"Giant grouper_707","taxon_group_avg"
15,"Giant tiger prawn_708","global_species"
208,"Giant tiger prawn_709","global_species"
208,"Giant trevally_710","region_family_avg"
183,"Gilthead seabream_711","none"
79,"Gilthead seabream_712","global_species"
80,"Gilthead seabream_713","none"
84,"Gilthead seabream_714","global_species"
179,"Gilthead seabream_715","none"
182,"Gilthead seabream_716","none"
76,"Gilthead seabream_717","none"
81,"Gilthead seabream_718","none"
62,"Gilthead seabream_719","global_species"
184,"Gilthead seabream_720","none"
68,"Gilthead seabream_721","none"
187,"Gilthead seabream_722","none"
188,"Gilthead seabream_723","global_species"
67,"Gilthead seabream_724","global_species"
48,"Gilthead seabream_725","global_species"
51,"Gilthead seabream_726","global_species"
82,"Gilthead seabream_727","global_species"
232,"Gilthead seabream_728","global_species"
54,"Gilthead seabream_729","global_species"
115,"Gilthead seabream_730","global_species"
52,"Gilthead seabream_731","global_species"
186,"Gilthead seabream_732","global_species"
50,"Gilthead seabream_733","global_species"
61,"Gilthead seabream_734","global_species"
183,"Golden carpet shell_735","taxon_group_avg"
208,"Golden trevally_736","region_family_avg"
206,"Golden trevally_737","region_family_avg"
5,"Golden-lined spinefoot_738","taxon_group_avg"
209,"Goldlined seabream_739","family_avg"
50,"Goldlined seabream_740","region_family_avg"
54,"Goldlined seabream_741","region_family_avg"
37,"Goldlined seabream_742","family_avg"
51,"Goldsilk seabream_743","region_family_avg"
134,"Grand ark_744","taxon_group_avg"
209,"Greasy grouper_745","taxon_group_avg"
54,"Greasy grouper_746","taxon_group_avg"
182,"Greater amberjack_747","global_species"
14,"Greater amberjack_748","global_species"
80,"Greater amberjack_749","global_species"
182,"Green crab_750","global_avg"
208,"Green humphead parrotfish_751","taxon_group_avg"
179,"Grooved carpet shell_752","taxon_group_avg"
183,"Grooved carpet shell_753","taxon_group_avg"
182,"Grooved carpet shell_754","taxon_group_avg"
180,"Grooved carpet shell_755","taxon_group_avg"
84,"Grooved carpet shell_756","taxon_group_avg"
227,"Grooved carpet shell_757","taxon_group_avg"
228,"Grooved carpet shell_758","taxon_group_avg"
184,"Grooved carpet shell_759","taxon_group_avg"
182,"Groundfishes nei_760","taxon_group_avg"
208,"Groupers nei_761","taxon_group_avg"
14,"Groupers nei_762","taxon_group_avg"
61,"Groupers nei_763","taxon_group_avg"
50,"Groupers nei_764","taxon_group_avg"
171,"Groupers nei_765","taxon_group_avg"
216,"Groupers nei_766","taxon_group_avg"
209,"Groupers nei_767","taxon_group_avg"
205,"Groupers nei_768","taxon_group_avg"
206,"Groupers nei_769","taxon_group_avg"
247,"Groupers nei_770","taxon_group_avg"
15,"Groupers, seabasses nei_771","taxon_group_avg"
216,"Groupers, seabasses nei_772","taxon_group_avg"
143,"Haddock_773","taxon_group_avg"
20,"Half-crenated ark_774","taxon_group_avg"
216,"Highfin coralgrouper_775","taxon_group_avg"
216,"Highfin grouper_776","taxon_group_avg"
209,"Hong Kong grouper_777","taxon_group_avg"
20,"Horned turban_778","taxon_group_avg"
208,"Humpback grouper_779","taxon_group_avg"
206,"Humpback grouper_780","taxon_group_avg"
216,"Humpback grouper_781","taxon_group_avg"
216,"Humphead snapper_782","taxon_group_avg"
208,"Indo-Pacific swamp crab_783","global_avg"
15,"Indo-Pacific swamp crab_784","global_avg"
205,"Indo-Pacific swamp crab_785","global_avg"
20,"Inflated ark_786","taxon_group_avg"
20,"Jack and horse mackerels nei_787","georegion_family_avg"
247,"Jacks, crevalles nei_788","region_family_avg"
15,"Jacks, crevalles nei_789","region_family_avg"
135,"Jacks, crevalles nei_790","georegion_family_avg"
206,"Jacks, crevalles nei_791","region_family_avg"
210,"Japanese amberjack_792","none"
20,"Japanese carpet shell_793","taxon_group_avg"
209,"Japanese carpet shell_794","taxon_group_avg"
14,"Japanese carpet shell_795","taxon_group_avg"
163,"Japanese carpet shell_796","taxon_group_avg"
218,"Japanese carpet shell_797","taxon_group_avg"
180,"Japanese carpet shell_798","taxon_group_avg"
181,"Japanese carpet shell_799","taxon_group_avg"
182,"Japanese carpet shell_800","taxon_group_avg"
179,"Japanese carpet shell_801","taxon_group_avg"
184,"Japanese carpet shell_802","taxon_group_avg"
183,"Japanese carpet shell_803","taxon_group_avg"
210,"Japanese jack mackerel_804","region_family_avg"
41,"Japanese meagre_805","family_avg"
37,"Japanese meagre_806","family_avg"
209,"Japanese sea cucumber_807","global_avg"
21,"Japanese sea cucumber_808","global_avg"
73,"Japanese sea cucumber_809","global_avg"
20,"Japanese sea cucumber_810","global_avg"
20,"Japanese seabass_811","taxon_group_avg"
208,"Japanese seabass_812","taxon_group_avg"
14,"Japanese spiny lobster_813","global_avg"
208,"John's snapper_814","taxon_group_avg"
206,"John's snapper_815","taxon_group_avg"
20,"Korean rockfish_816","taxon_group_avg"
14,"Kuruma prawn_817","region_family_avg"
184,"Kuruma prawn_818","region_family_avg"
208,"Kuruma prawn_819","region_family_avg"
209,"Large yellow croaker_820","family_avg"
206,"Leopard coralgrouper_821","taxon_group_avg"
216,"Leopard coralgrouper_822","taxon_group_avg"
216,"Longfin trevally_823","region_family_avg"
163,"Longfin yellowtail_824","none"
129,"Longfin yellowtail_825","global_species"
216,"Longlegged spiny lobster_826","global_avg"
216,"Longnose trevally_827","region_family_avg"
216,"Longspine grouper_828","taxon_group_avg"
182,"Mackerels nei_829","region_family_avg"
208,"Malabar grouper_830","taxon_group_avg"
14,"Malabar trevally_831","region_family_avg"
216,"Malabar trevally_832","region_family_avg"
206,"Mangrove red snapper_833","taxon_group_avg"
209,"Mangrove red snapper_834","taxon_group_avg"
208,"Mangrove red snapper_835","taxon_group_avg"
216,"Mangrove red snapper_836","taxon_group_avg"
81,"Marbled spinefoot_837","taxon_group_avg"
14,"Marine crabs nei_838","global_avg"
111,"Marine crabs nei_839","global_avg"
210,"Marine crustaceans nei_840","global_avg"
61,"Marine crustaceans nei_841","global_avg"
223,"Marine crustaceans nei_842","global_avg"
210,"Marine fishes nei_843","taxon_group_avg"
209,"Marine fishes nei_844","taxon_group_avg"
37,"Marine fishes nei_845","taxon_group_avg"
206,"Marine fishes nei_846","taxon_group_avg"
20,"Marine fishes nei_847","taxon_group_avg"
51,"Marine fishes nei_848","taxon_group_avg"
140,"Marine fishes nei_849","taxon_group_avg"
208,"Marine fishes nei_850","taxon_group_avg"
61,"Marine fishes nei_851","taxon_group_avg"
15,"Marine fishes nei_852","taxon_group_avg"
62,"Marine fishes nei_853","taxon_group_avg"
247,"Marine fishes nei_854","taxon_group_avg"
14,"Marine fishes nei_855","taxon_group_avg"
80,"Marine fishes nei_856","taxon_group_avg"
179,"Marine fishes nei_857","taxon_group_avg"
16,"Marine fishes nei_858","taxon_group_avg"
171,"Marine fishes nei_859","taxon_group_avg"
79,"Marine fishes nei_860","taxon_group_avg"
147,"Marine fishes nei_861","taxon_group_avg"
187,"Marine fishes nei_862","taxon_group_avg"
135,"Marine fishes nei_863","taxon_group_avg"
183,"Marine fishes nei_864","taxon_group_avg"
216,"Marine fishes nei_865","taxon_group_avg"
182,"Marine fishes nei_866","taxon_group_avg"
184,"Marine fishes nei_867","taxon_group_avg"
76,"Marine fishes nei_868","taxon_group_avg"
68,"Marine fishes nei_869","taxon_group_avg"
24,"Marine fishes nei_870","taxon_group_avg"
207,"Marine fishes nei_871","taxon_group_avg"
163,"Marine fishes nei_872","taxon_group_avg"
21,"Marine fishes nei_873","taxon_group_avg"
191,"Marine fishes nei_874","taxon_group_avg"
218,"Marine fishes nei_875","taxon_group_avg"
207,"Marine molluscs nei_876","taxon_group_avg"
209,"Marine molluscs nei_877","taxon_group_avg"
171,"Marine molluscs nei_878","taxon_group_avg"
20,"Marine molluscs nei_879","taxon_group_avg"
218,"Marine molluscs nei_880","taxon_group_avg"
179,"Marine molluscs nei_881","taxon_group_avg"
182,"Marine molluscs nei_882","taxon_group_avg"
183,"Marine molluscs nei_883","taxon_group_avg"
14,"Marine molluscs nei_884","taxon_group_avg"
80,"Marine molluscs nei_885","taxon_group_avg"
224,"Masu(=Cherry) salmon_886","region_family_avg"
179,"Meagre_887","none"
184,"Meagre_888","none"
182,"Meagre_889","none"
183,"Meagre_890","global_species"
81,"Meagre_891","none"
187,"Meagre_892","none"
80,"Meagre_893","none"
76,"Meagre_894","none"
61,"Meagre_895","global_species"
50,"Meagre_896","global_species"
115,"Meagre_897","global_species"
20,"Mi-iuy (brown) croaker_898","family_avg"
14,"Mi-iuy (brown) croaker_899","family_avg"
15,"Milkfish_900","taxon_group_avg"
208,"Milkfish_901","taxon_group_avg"
19,"Milkfish_902","taxon_group_avg"
216,"Milkfish_903","taxon_group_avg"
247,"Milkfish_904","taxon_group_avg"
208,"Mud spiny lobster_905","global_avg"
73,"Mullets nei_906","taxon_group_avg"
20,"Mullets nei_907","taxon_group_avg"
102,"Mullets nei_908","taxon_group_avg"
182,"Mullets nei_909","taxon_group_avg"
54,"Mullets nei_910","taxon_group_avg"
75,"Mullets nei_911","taxon_group_avg"
171,"Mullets nei_912","taxon_group_avg"
20,"Mussels_913","global_species"
25,"Mussels_914","global_species"
162,"Mussels_915","global_species"
163,"Mussels_916","global_species"
176,"Mussels_917","global_species"
177,"Mussels_918","global_species"
179,"Mussels_919","global_species"
181,"Mussels_920","global_species"
182,"Mussels_921","global_species"
209,"Mussels_922","global_species"
222,"Mussels_923","global_species"
224,"Mussels_924","global_species"
184,"Mussels_925","global_species"
102,"Mussels_926","global_species"
218,"Mussels_927","global_species"
15,"Mussels_928","global_species"
80,"Mussels_929","global_species"
82,"Mussels_930","global_species"
147,"Mussels_931","global_species"
208,"Mussels_932","global_species"
71,"Mussels_933","global_species"
84,"Mussels_934","global_species"
16,"Mussels_935","global_species"
18,"Mussels_936","global_species"
73,"Mussels_937","global_species"
139,"Mussels_938","global_species"
180,"Mussels_939","global_species"
206,"Mussels_940","global_species"
223,"Mussels_941","global_species"
183,"Mussels_942","global_species"
75,"Mussels_943","global_species"
101,"Mussels_944","global_species"
186,"Mussels_945","global_species"
187,"Mussels_946","global_species"
188,"Mussels_947","global_species"
76,"Mussels_948","global_species"
135,"Mussels_949","global_species"
171,"Mussels_950","global_species"
203,"Mussels_951","global_species"
62,"Mussels_952","global_species"
227,"Mussels_953","global_species"
228,"Mussels_954","global_species"
172,"Mussels_955","global_species"
232,"Mussels_956","global_species"
143,"Mussels_957","global_species"
175,"Mussels_958","global_species"
95,"Mussels_959","global_species"
24,"Mussels_960","global_species"
72,"Mussels_961","global_species"
219,"Mussels_962","global_species"
66,"Mussels_963","global_species"
216,"Mussels_964","global_species"
61,"Octopuses nei_965","global_avg"
182,"Octopuses nei_966","global_avg"
210,"Octopuses, etc. nei_967","global_avg"
20,"Okhotsk atka mackerel_968","taxon_group_avg"
51,"Orange-spotted grouper_969","taxon_group_avg"
208,"Orange-spotted grouper_970","taxon_group_avg"
247,"Orange-spotted grouper_971","taxon_group_avg"
24,"Orange-spotted grouper_972","taxon_group_avg"
52,"Orange-spotted grouper_973","taxon_group_avg"
209,"Orange-spotted grouper_974","taxon_group_avg"
14,"Oysters_975","global_species"
16,"Oysters_976","global_species"
20,"Oysters_977","global_species"
25,"Oysters_978","global_species"
162,"Oysters_979","global_species"
163,"Oysters_980","global_species"
179,"Oysters_981","global_species"
181,"Oysters_982","global_species"
209,"Oysters_983","global_species"
210,"Oysters_984","global_species"
218,"Oysters_985","global_species"
224,"Oysters_986","global_species"
180,"Oysters_987","global_species"
182,"Oysters_988","global_species"
62,"Oysters_989","global_species"
112,"Oysters_990","global_species"
15,"Oysters_991","global_species"
166,"Oysters_992","global_species"
37,"Oysters_993","global_species"
84,"Oysters_994","global_species"
222,"Oysters_995","global_species"
102,"Oysters_996","global_species"
147,"Oysters_997","global_species"
176,"Oysters_998","global_species"
223,"Oysters_999","global_species"
227,"Oysters_1000","global_species"
228,"Oysters_1001","global_species"
18,"Oysters_1002","global_species"
177,"Oysters_1003","global_species"
5,"Oysters_1004","global_species"
101,"Oysters_1005","global_species"
135,"Oysters_1006","global_species"
115,"Oysters_1007","global_species"
206,"Oysters_1008","global_species"
187,"Oysters_1009","global_species"
80,"Oysters_1010","global_species"
171,"Oysters_1011","global_species"
203,"Oysters_1012","global_species"
138,"Oysters_1013","global_species"
172,"Oysters_1014","global_species"
66,"Oysters_1015","global_species"
183,"Oysters_1016","global_species"
17,"Oysters_1017","global_species"
184,"Oysters_1018","global_species"
232,"Oysters_1019","global_species"
216,"Oysters_1020","global_species"
95,"Oysters_1021","global_species"
208,"Oysters_1022","global_species"
130,"Oysters_1023","global_species"
134,"Oysters_1024","global_species"
73,"Oysters_1025","global_species"
137,"Oysters_1026","global_species"
186,"Oysters_1027","global_species"
54,"Oysters_1028","global_species"
153,"Pacific asaphis_1029","taxon_group_avg"
135,"Pacific bluefin tuna_1030","none"
210,"Pacific bluefin tuna_1031","none"
20,"Pacific chub mackerel_1032","georegion_family_avg"
163,"Pacific geoduck_1033","none"
208,"Papuan black snapper_1034","taxon_group_avg"
32,"Pargo breams nei_1035","family_avg"
187,"Pargo breams nei_1036","region_family_avg"
209,"Pen shells nei_1037","taxon_group_avg"
208,"Penaeus shrimps nei_1038","region_family_avg"
183,"Peppery furrow_1039","taxon_group_avg"
179,"Periwinkles nei_1040","taxon_group_avg"
76,"Pink dentex_1041","region_family_avg"
73,"Pink(=Humpback) salmon_1042","region_family_avg"
182,"Pollack_1043","family_avg"
209,"Pompano_1044","region_family_avg"
14,"Porgies, seabreams nei_1045","family_avg"
20,"Porgies, seabreams nei_1046","family_avg"
48,"Porgies, seabreams nei_1047","region_family_avg"
184,"Porgies, seabreams nei_1048","region_family_avg"
209,"Porgies, seabreams nei_1049","family_avg"
76,"Porgies, seabreams nei_1050","region_family_avg"
208,"Potato grouper_1051","taxon_group_avg"
20,"Pufferfishes nei_1052","taxon_group_avg"
183,"Purple dye murex_1053","taxon_group_avg"
111,"Queen conch_1054","taxon_group_avg"
218,"Rainbow trout_1055","none"
223,"Rainbow trout_1056","global_species"
141,"Rainbow trout_1057","global_species"
179,"Rainbow trout_1058","global_species"
181,"Rainbow trout_1059","global_species"
174,"Rainbow trout_1060","global_species"
175,"Rainbow trout_1061","global_species"
180,"Rainbow trout_1062","global_species"
163,"Rainbow trout_1063","none"
222,"Rainbow trout_1064","global_species"
16,"Rainbow trout_1065","global_species"
224,"Rainbow trout_1066","none"
70,"Rainbow trout_1067","global_species"
76,"Rainbow trout_1068","global_species"
143,"Rainbow trout_1069","global_species"
182,"Rainbow trout_1070","global_species"
172,"Rainbow trout_1071","global_species"
20,"Rainbow trout_1072","global_species"
102,"Red bait_1073","global_avg"
140,"Red drum_1074","family_avg"
110,"Red drum_1075","georegion_family_avg"
79,"Red drum_1076","georegion_family_avg"
137,"Red drum_1077","family_avg"
32,"Red drum_1078","family_avg"
29,"Red drum_1079","family_avg"
209,"Red drum_1080","family_avg"
37,"Red drum_1081","family_avg"
135,"Red drum_1082","family_avg"
210,"Red oyas_1083","global_avg"
20,"Red oyas_1084","global_avg"
80,"Red porgy_1085","region_family_avg"
81,"Red porgy_1086","region_family_avg"
76,"Red porgy_1087","region_family_avg"
20,"Red seabream_1088","family_avg"
81,"Red seabream_1089","region_family_avg"
14,"Red seabream_1090","family_avg"
76,"Redbanded seabream_1091","region_family_avg"
153,"Rough turban_1092","taxon_group_avg"
209,"Russell's snapper_1093","taxon_group_avg"
218,"Salmonids nei_1094","region_family_avg"
73,"Salmonoids nei_1095","region_family_avg"
174,"Salmonoids nei_1096","region_family_avg"
163,"Sand gaper_1097","taxon_group_avg"
183,"Sargo breams nei_1098","region_family_avg"
61,"Sargo breams nei_1099","region_family_avg"
216,"Scalloped spiny lobster_1100","global_avg"
210,"Scallops_1101","global_species"
138,"Scallops_1102","global_species"
209,"Scallops_1103","global_species"
224,"Scallops_1104","global_species"
73,"Scallops_1105","global_species"
182,"Scallops_1106","global_species"
180,"Scallops_1107","global_species"
135,"Scallops_1108","global_species"
137,"Scallops_1109","global_species"
218,"Scallops_1110","global_species"
16,"Scallops_1111","global_species"
20,"Scallops_1112","global_species"
179,"Scallops_1113","global_species"
227,"Scallops_1114","global_species"
228,"Scallops_1115","global_species"
181,"Scallops_1116","global_species"
62,"Scallops_1117","global_species"
171,"Scallops_1118","global_species"
223,"Scallops_1119","global_species"
21,"Scallops_1120","global_species"
187,"Scallops_1121","global_species"
80,"Sciaenas nei_1122","region_family_avg"
76,"Sciaenas nei_1123","region_family_avg"
20,"Scorpionfishes, redfishes nei_1124","taxon_group_avg"
216,"Sea cucumbers nei_1125","global_avg"
42,"Sea cucumbers nei_1126","global_avg"
209,"Sea snails_1127","taxon_group_avg"
73,"Sea trout_1128","family_avg"
179,"Sea trout_1129","region_family_avg"
180,"Sea trout_1130","family_avg"
174,"Sea trout_1131","family_avg"
73,"Sea urchins nei_1132","global_avg"
209,"Sea urchins nei_1133","global_avg"
15,"Seaweed_1134","global_species"
20,"Seaweed_1135","global_species"
21,"Seaweed_1136","global_species"
207,"Seaweed_1137","global_species"
209,"Seaweed_1138","global_species"
210,"Seaweed_1139","global_species"
216,"Seaweed_1140","global_species"
73,"Seaweed_1141","global_species"
224,"Seaweed_1142","global_species"
14,"Seaweed_1143","global_species"
9,"Seaweed_1144","global_species"
18,"Seaweed_1145","global_species"
122,"Seaweed_1146","global_species"
179,"Seaweed_1147","global_species"
212,"Seaweed_1148","global_species"
202,"Seaweed_1149","global_species"
139,"Seaweed_1150","global_species"
42,"Seaweed_1151","global_species"
101,"Seaweed_1152","global_species"
120,"Seaweed_1153","global_species"
102,"Seaweed_1154","global_species"
138,"Seaweed_1155","global_species"
206,"Seaweed_1156","global_species"
24,"Seaweed_1157","global_species"
203,"Seaweed_1158","global_species"
7,"Seaweed_1159","global_species"
41,"Seaweed_1160","global_species"
182,"Seaweed_1161","global_species"
181,"Seaweed_1162","global_species"
231,"Seaweed_1163","global_species"
155,"Seaweed_1164","global_species"
171,"Seaweed_1165","global_species"
175,"Seaweed_1166","global_species"
205,"Seaweed_1167","global_species"
17,"Seaweed_1168","global_species"
43,"Seaweed_1169","global_species"
164,"Seaweed_1170","global_species"
127,"Seaweed_1171","global_species"
119,"Seaweed_1172","global_species"
137,"Seaweed_1173","global_species"
125,"Seaweed_1174","global_species"
135,"Seaweed_1175","global_species"
141,"Seaweed_1176","global_species"
163,"Seaweed_1177","global_species"
223,"Seaweed_1178","global_species"
62,"Seaweed_1179","global_species"
152,"Seaweed_1180","global_species"
61,"Seaweed_1181","global_species"
182,"Senegalese sole_1182","region_family_avg"
81,"Sharpsnout seabream_1183","region_family_avg"
184,"Sharpsnout seabream_1184","region_family_avg"
187,"Sharpsnout seabream_1185","region_family_avg"
188,"Sharpsnout seabream_1186","region_family_avg"
80,"Sharpsnout seabream_1187","region_family_avg"
76,"Sharpsnout seabream_1188","region_family_avg"
81,"Shi drum_1189","region_family_avg"
184,"Shi drum_1190","region_family_avg"
80,"Shi drum_1191","region_family_avg"
76,"Shi drum_1192","region_family_avg"
147,"Sixfinger threadfin_1193","taxon_group_avg"
11,"Sixfinger threadfin_1194","taxon_group_avg"
102,"Smooth mactra_1195","taxon_group_avg"
208,"Snappers nei_1196","taxon_group_avg"
196,"Snappers nei_1197","taxon_group_avg"
247,"Snappers nei_1198","taxon_group_avg"
15,"Snappers nei_1199","taxon_group_avg"
135,"Snappers nei_1200","taxon_group_avg"
24,"Snappers nei_1201","taxon_group_avg"
209,"Snappers nei_1202","taxon_group_avg"
216,"Snappers nei_1203","taxon_group_avg"
14,"Snappers, jobfishes nei_1204","taxon_group_avg"
171,"Snooks(=Robalos) nei_1205","taxon_group_avg"
209,"Snubnose pompano_1206","global_species"
208,"Snubnose pompano_1207","global_species"
15,"Snubnose pompano_1208","global_species"
206,"Snubnose pompano_1209","global_species"
247,"Snubnose pompano_1210","global_species"
216,"Snubnose pompano_1211","global_species"
52,"Sobaity seabream_1212","region_family_avg"
51,"Sobaity seabream_1213","region_family_avg"
54,"Sobaity seabream_1214","region_family_avg"
50,"Sobaity seabream_1215","region_family_avg"
73,"Sockeye(=Red) salmon_1216","global_species"
182,"Soles nei_1217","taxon_group_avg"
177,"Soles nei_1218","taxon_group_avg"
16,"Southern bluefin tuna_1219","none"
208,"Southern red snapper_1220","taxon_group_avg"
216,"Speckled blue grouper_1221","taxon_group_avg"
50,"Spinefeet(=Rabbitfishes) nei_1222","taxon_group_avg"
208,"Spinefeet(=Rabbitfishes) nei_1223","taxon_group_avg"
15,"Spinefeet(=Rabbitfishes) nei_1224","taxon_group_avg"
37,"Spinefeet(=Rabbitfishes) nei_1225","taxon_group_avg"
182,"Spinous spider crab_1226","global_avg"
210,"Spiny lobsters nei_1227","global_avg"
208,"Spotted coralgrouper_1228","taxon_group_avg"
130,"Spotted rose snapper_1229","taxon_group_avg"
131,"Spotted rose snapper_1230","taxon_group_avg"
182,"Spotted seabass_1231","taxon_group_avg"
216,"Squaretail coralgrouper_1232","taxon_group_avg"
181,"Stony sea urchin_1233","global_avg"
208,"Streaked spinefoot_1234","taxon_group_avg"
135,"Striped bass_1235","none"
79,"Striped bass, hybrid_1236","global_species"
182,"Striped bass, hybrid_1237","global_species"
182,"Striped venus_1238","taxon_group_avg"
244,"Stromboid conchs nei_1239","taxon_group_avg"
245,"Stromboid conchs nei_1240","taxon_group_avg"
250,"Stromboid conchs nei_1241","taxon_group_avg"
210,"Tiger pufferfish_1242","taxon_group_avg"
209,"Tiger pufferfish_1243","taxon_group_avg"
206,"Tiger-dragon grouper, hybrid_1244","taxon_group_avg"
15,"Tropical spiny lobsters nei_1245","global_avg"
112,"Tropical spiny lobsters nei_1246","global_avg"
207,"Tropical spiny lobsters nei_1247","global_avg"
216,"Tropical spiny lobsters nei_1248","global_avg"
76,"Trouts nei_1249","region_family_avg"
14,"Trumpet emperor_1250","taxon_group_avg"
179,"Turbot_1251","global_species"
176,"Turbot_1252","global_species"
181,"Turbot_1253","global_species"
183,"Turbot_1254","global_species"
102,"Turbot_1255","global_species"
180,"Turbot_1256","global_species"
143,"Turbot_1257","global_species"
175,"Turbot_1258","global_species"
182,"Warty venus_1259","taxon_group_avg"
188,"Warty venus_1260","taxon_group_avg"
80,"White seabream_1261","region_family_avg"
179,"White seabream_1262","region_family_avg"
182,"White seabream_1263","region_family_avg"
183,"White seabream_1264","region_family_avg"
184,"White seabream_1265","region_family_avg"
210,"White trevally_1266","region_family_avg"
216,"White-edged lyretail_1267","taxon_group_avg"
54,"White-spotted spinefoot_1268","taxon_group_avg"
52,"White-spotted spinefoot_1269","taxon_group_avg"
208,"White-spotted spinefoot_1270","taxon_group_avg"
5,"White-spotted spinefoot_1271","taxon_group_avg"
182,"Whiteleg shrimp_1272","global_species"
208,"Whiteleg shrimp_1273","global_species"
176,"Whiteleg shrimp_1274","global_species"
14,"Yellowback seabream_1275","family_avg"
190,"Yellowfin seabream_1276","georegion_family_avg"
48,"Yellowfin seabream_1277","region_family_avg"
135,"Yellowfin tuna_1278","region_family_avg"
48,"Yellowfin tuna_1279","georegion_family_avg"
216,"Yellowspotted trevally_1280","region_family_avg"
20,"[Oplegnathus fasciatus]_1281","taxon_group_avg"
