product,rgn_id,year,pressure_score
corals,5,2001,0
corals,5,2002,0
corals,5,2003,0
corals,5,2004,0
corals,5,2005,0
corals,5,2006,0
corals,5,2007,0
corals,5,2008,0
corals,5,2009,0
corals,5,2010,0
corals,5,2011,5.9042697315011995e-6
corals,5,2012,1.77128091945036e-5
corals,5,2013,1.77128091945036e-5
corals,5,2014,1.77128091945036e-5
corals,5,2015,1.1808539463002399e-5
corals,5,2016,0
corals,5,2017,0
corals,5,2018,0
corals,5,2019,0
corals,5,2020,0
corals,5,2021,0
corals,5,2022,0
corals,6,1998,0.005100521118348963
corals,6,1999,0.007446760832789484
corals,6,2000,0.0049645072218596565
corals,6,2001,0.005814594074917817
corals,6,2002,0.007548771255156464
corals,6,2003,0.008313849422908809
corals,6,2004,0.010150037025514435
corals,6,2005,0.010303052659064903
corals,6,2006,0.007854802522257402
corals,6,2007,0.004743484640064534
corals,6,2008,0.003417349149293805
corals,6,2009,0.002499255347990991
corals,6,2010,0.0028052866150919294
corals,6,2011,0.0030093074598258876
corals,6,2012,0.003723380416394742
corals,6,2013,0.0029072970374589085
corals,6,2014,0.004284437739413128
corals,6,2015,0.005661578441367348
corals,6,2016,0.006273640975569223
corals,6,2017,0.0073957556216059945
corals,6,2018,0.005151526329532452
corals,6,2019,0.003468354360477294
corals,6,2020,0.0016321667578716678
corals,6,2021,0
corals,6,2022,0
corals,7,1998,0.014691536247959255
corals,7,1999,0.011817105242923748
corals,7,2000,0.009994753559992742
corals,7,2001,0.00883934501875298
corals,7,2002,0.007665149346761351
corals,7,2003,0.006800941332175512
corals,7,2004,0.0072236517740924995
corals,7,2005,0.00852935736134719
corals,7,2006,0.009581436683451688
corals,7,2007,0.011939221592810878
corals,7,2008,0.01274706821514112
corals,7,2009,0.012728281084389254
corals,7,2010,0.01141318193175863
corals,7,2011,0.01104683288209724
corals,7,2012,0.00949689459506829
corals,7,2013,0.008341486053828529
corals,7,2014,0.007655755781385418
corals,7,2015,0.004884653995485175
corals,7,2016,0.00400165885014747
corals,7,2017,0.0029683666587948373
corals,7,2018,0.002000829425073735
corals,7,2019,0.0014090348063899541
corals,7,2020,0.0010238986259767
corals,7,2021,5.824010533078477e-4
corals,7,2022,0
corals,8,1998,0.01443981669614523
corals,8,1999,0.012707038692607801
corals,8,2000,0.010396668021224565
corals,8,2001,0.007797501015918424
corals,8,2002,0.004187546841882116
corals,8,2003,0.0016605789200567014
corals,8,2004,2.1659725044217843e-4
corals,8,2005,0.004187546841882116
corals,8,2006,0.005631528511496639
corals,8,2007,0.0054871303445351875
corals,8,2008,0.012418242358684895
corals,8,2009,0.008447292767244959
corals,8,2010,0.007003311097630436
corals,8,2011,0.009241482685532945
corals,8,2012,0.0023103706713832363
corals,8,2013,0.0023103706713832363
corals,8,2014,0.0023103706713832363
corals,8,2015,0
corals,8,2016,0
corals,8,2017,0
corals,8,2018,0
corals,8,2019,0
corals,8,2020,0
corals,8,2021,0
corals,8,2022,0
corals,9,1998,0.0011720875920646202
corals,9,1999,0.0015778102200869888
corals,9,2000,0.001292301704071248
corals,9,2001,0.0011946277380658632
corals,9,2002,0.0012171678840671057
corals,9,2003,7.550948910416303e-4
corals,9,2004,5.747737230316888e-4
corals,9,2005,0.0010819270080596494
corals,9,2006,0.0024681459871360753
corals,9,2007,0.002704817520149124
corals,9,2008,0.0028738686151584436
corals,9,2009,0.002163854016119299
corals,9,2010,0.0022652846731248916
corals,9,2011,0.003110540148171492
corals,9,2012,0.002986569345164658
corals,9,2013,0.0035275328491944824
corals,9,2014,0.002997839418165279
corals,9,2015,0.0019384525561068722
corals,9,2016,0.001960992702108115
corals,9,2017,0.0014425693440795325
corals,9,2018,2.25401460012427e-4
corals,9,2019,1.6905109500932024e-4
corals,9,2020,1.0143065700559215e-4
corals,9,2021,5.635036500310675e-5
corals,9,2022,0
corals,11,1998,0.002336069759402634
corals,11,1999,0.001168034879701317
corals,11,2000,7.78689919800878e-4
corals,11,2001,5.840174398506585e-4
corals,11,2002,1.2388248724104877e-4
corals,11,2003,3.3625246536856095e-4
corals,11,2004,6.548074325598291e-4
corals,11,2005,0.0012565223705877804
corals,11,2006,0.002052909788565951
corals,11,2007,0.002424557250289097
corals,11,2008,0.0023006747630480487
corals,11,2009,0.0019821197958567803
corals,11,2010,0.0010618498906375608
corals,11,2011,5.132274471414878e-4
corals,11,2012,4.7783245078690236e-4
corals,11,2013,3.008574690139755e-4
corals,11,2014,3.539499635458536e-4
corals,11,2015,6.194124362052439e-4
corals,11,2016,5.309249453187804e-4
corals,11,2017,4.955299489641951e-4
corals,11,2018,5.132274471414878e-4
corals,11,2019,2.1236997812751219e-4
corals,11,2020,1.4157998541834143e-4
corals,11,2021,7.078999270917071e-5
corals,11,2022,0
corals,14,1976,0.02431440438831009
corals,14,1977,0.03145434853408369
corals,14,1978,0.050043932841548275
corals,14,1979,0.05808441048318521
corals,14,1980,0.05316363816650341
corals,14,1981,0.0475674657279241
corals,14,1982,0.02933166243669153
corals,14,1983,0.014955288413444697
corals,14,1984,0.02132334670562115
corals,14,1985,0.028945719509892963
corals,14,1986,0.032129748655981186
corals,14,1987,0.035989177923966914
corals,14,1988,0.038787264143256575
corals,14,1989,0.03984860719195264
corals,14,1990,0.03791889255795978
corals,14,1991,0.03077894841218618
corals,14,1992,0.02141983243732079
corals,14,1993,0.009166144511466105
corals,14,1994,0.0044383436581835875
corals,14,1995,0.0018332289022932207
corals,14,1996,0.001447285975494648
corals,14,1997,0.0011578287803957184
corals,14,1998,0.0012543145120953616
corals,14,1999,0.0013508002437950049
corals,14,2000,9.64857316996432e-4
corals,14,2001,0.0010613430486960751
corals,14,2002,0.003859429267985728
corals,14,2003,0.0050172580483814466
corals,14,2004,0.006271572560476809
corals,14,2005,0.007815344267671099
corals,14,2006,0.008394258657868959
corals,14,2007,0.009455601706565035
corals,14,2008,0.010323973291861821
corals,14,2009,0.008973173048066819
corals,14,2010,0.005596172438579306
corals,14,2011,0.003280514877787869
corals,14,2012,0.0012543145120953616
corals,14,2013,9.64857316996432e-4
corals,14,2014,8.683715852967888e-4
corals,14,2015,0.003955914999685371
corals,14,2016,0.0042453721947843005
corals,14,2017,0.0043418579264839444
corals,14,2018,0.00752588707257217
corals,14,2019,0.24689926856085098
corals,14,2020,0.36418828887225424
corals,14,2021,0.6062526574176361
corals,14,2022,0.9351937436426937
corals,15,1991,0.021823193878969877
corals,15,1992,0.03003281348799544
corals,15,1993,0.026755471534119956
corals,15,1994,0.026958780588330594
corals,15,1995,0.026946582045077955
corals,15,1996,0.023256522711154876
corals,15,1997,0.023793258614270958
corals,15,1998,0.02215865381841743
corals,15,1999,0.0205392972016297
corals,15,2000,0.018447247033802232
corals,15,2001,0.018364906866846928
corals,15,2002,0.019804334970658245
corals,15,2003,0.025760273713758882
corals,15,2004,0.03638825452261998
corals,15,2005,0.042289299821083745
corals,15,2006,0.0438324155425425
corals,15,2007,0.044863192447390426
corals,15,2008,0.037129316025217754
corals,15,2009,0.03045671286602462
corals,15,2010,0.03273479081845482
corals,15,2011,0.040200299289069444
corals,15,2012,0.048800272282179424
corals,15,2013,0.06118179368360728
corals,15,2014,0.07511253007812019
corals,15,2015,0.0782567046014877
corals,15,2016,0.0816600981689738
corals,15,2017,0.07126998895353914
corals,15,2018,0.062145478600565705
corals,15,2019,0.051737711993772854
corals,15,2020,0.03804545711984902
corals,15,2021,0.03378965984622671
corals,15,2022,0.021389840629919905
corals,16,1976,0.001559329803868109
corals,16,1977,0.001660148541187168
corals,16,1978,0.0018965124697907392
corals,16,1979,0.0022465775299263598
corals,16,1980,0.0031211800761691945
corals,16,1981,0.0032379617802304377
corals,16,1982,0.0032665270891375046
corals,16,1983,0.002957349628025724
corals,16,1984,0.002142398168029999
corals,16,1985,0.0019785677198865285
corals,16,1986,0.0013576923292299915
corals,16,1987,8.426766127584664e-4
corals,16,1988,3.931930755443292e-4
corals,16,1989,0
corals,16,1990,0.0013593726415186424
corals,16,1991,0.0025523943664608377
corals,16,1992,0.003644597354083975
corals,16,1993,0.004794771115665571
corals,16,1994,0.004930876411046299
corals,16,1995,0.004735960185562786
corals,16,1996,0.004394856790966637
corals,16,1997,0.004002503871566633
corals,16,1998,0.003663920945403461
corals,16,1999,0.003389189886209025
corals,16,2000,0.0034631236269096685
corals,16,2001,0.003401792228373908
corals,16,2002,0.0034311976934253002
corals,16,2003,0.0034984101849713394
corals,16,2004,0.0033303789561062416
corals,16,2005,0.0032278799064985315
corals,16,2006,0.0034496811286004615
corals,16,2007,0.003176630381694677
corals,16,2008,0.0028943379172013126
corals,16,2009,0.002547353429594885
corals,16,2010,0.001435826850652262
corals,16,2011,0.0012761971832304189
corals,16,2012,0.001840782112217148
corals,16,2013,0.002363359233987603
corals,16,2014,0.0026582540406458496
corals,16,2015,0.0030665699267880377
corals,16,2016,0.0029203827576754025
corals,16,2017,0.0029497882227267945
corals,16,2018,0.0033026538033435002
corals,16,2019,0.003700366918944301
corals,16,2020,0.003638069340842566
corals,16,2021,0.003490185056318393
corals,16,2022,0.003136916200752411
corals,17,1996,1.3340200038627683e-4
corals,17,1997,6.670100019313842e-5
corals,17,1998,0.001118436756526771
corals,17,1999,0.0201535314804653
corals,17,2000,0.020120180980368732
corals,17,2001,0.020467979052804383
corals,17,2002,0.019662501985505874
corals,17,2003,0.0019057428626610975
corals,17,2004,0.0019248002912877085
corals,17,2005,0.002801442008111813
corals,17,2006,0.004411794727060441
corals,17,2007,0.004111640226191318
corals,17,2008,0.005488539444463961
corals,17,2009,0.0042640996552042055
corals,17,2010,0.0036637906534659603
corals,17,2011,0.002510816221555996
corals,17,2012,0.001114859574656742
corals,17,2013,0.002096317148927207
corals,17,2014,0.001486479432875656
corals,17,2015,0.0016246457904185855
corals,17,2016,0.0020343805058907214
corals,17,2017,0.0015341230044421835
corals,17,2018,0.0015627091473821
corals,17,2019,0.001407867539790886
corals,17,2020,9.985616164628487e-4
corals,17,2021,5.173615436409215e-4
corals,17,2022,8.856939954217452e-5
corals,18,1990,0.025950628985753666
corals,18,1991,0.023042748657978215
corals,18,1992,0.02051671120152681
corals,18,1993,0.01658813550617361
corals,18,1994,0.013481990610595284
corals,18,1995,0.008448273528044593
corals,18,1996,0.010485992697129664
corals,18,1997,0.022282734481400536
corals,18,1998,0.03300003584096688
corals,18,1999,0.042142235356321535
corals,18,2000,0.04984150940599972
corals,18,2001,0.03684416551670035
corals,18,2002,0.0340464321710376
corals,18,2003,0.04045698652999712
corals,18,2004,0.04552374770718162
corals,18,2005,0.06592296879445488
corals,18,2006,0.07485588904379538
corals,18,2007,0.07928379772472618
corals,18,2008,0.07431616883144312
corals,18,2009,0.06253044174538351
corals,18,2010,0.0536415802888881
corals,18,2011,0.046074482617745154
corals,18,2012,0.04615158550522405
corals,18,2013,0.04952208315787287
corals,18,2014,0.04898236294552061
corals,18,2015,0.046482026451562165
corals,18,2016,0.03805578231994012
corals,18,2017,0.029827802756120937
corals,18,2018,0.020112838933780217
corals,18,2019,0.011357255325641172
corals,18,2020,0.006958866035916575
corals,18,2021,0.003911099040857985
corals,18,2022,0.003184679693824685
corals,25,1994,0.001729815989856167
corals,25,1995,8.649079949280835e-4
corals,25,1996,5.766053299520557e-4
corals,25,1997,4.3245399746404177e-4
corals,25,1998,2.1622699873202089e-4
corals,25,1999,2.1622699873202089e-4
corals,25,2000,2.1622699873202089e-4
corals,25,2001,2.1622699873202089e-4
corals,25,2002,0
corals,25,2003,0
corals,25,2004,0
corals,25,2005,0.004540766973372439
corals,25,2006,0.017081932899829653
corals,25,2007,0.05211070669441704
corals,25,2008,0.052326933693149065
corals,25,2009,0.04778616671977662
corals,25,2010,0.036974816783175574
corals,25,2011,0.0019460429885881883
corals,25,2012,0.00237849698605223
corals,25,2013,0.014270981916313381
corals,25,2014,0.01924420288714986
corals,25,2015,0.022055153870666134
corals,25,2016,0.027028374841502615
corals,25,2017,0.015135889911241464
corals,25,2018,0.008432852950548814
corals,25,2019,0.005621901967032544
corals,25,2020,0
corals,25,2021,0
corals,25,2022,0
corals,29,2001,4.1354641125132443e-4
corals,29,2002,2.0677320562566222e-4
corals,29,2003,1.3784880375044149e-4
corals,29,2004,1.0338660281283111e-4
corals,29,2005,0
corals,29,2006,0
corals,29,2007,0
corals,29,2008,0
corals,29,2009,0
corals,29,2010,0
corals,29,2011,0
corals,29,2012,0
corals,29,2013,0
corals,29,2014,0
corals,29,2015,0
corals,29,2016,0
corals,29,2017,0
corals,29,2018,0
corals,29,2019,0
corals,29,2020,0
corals,29,2021,0
corals,29,2022,0
corals,31,2008,0
corals,31,2009,0
corals,31,2010,0
corals,31,2011,0
corals,31,2012,0
corals,31,2013,0
corals,31,2014,0
corals,31,2015,0
corals,31,2016,0
corals,31,2017,0
corals,31,2018,0
corals,31,2019,0
corals,31,2020,0
corals,31,2021,0
corals,31,2022,5.067092950030872e-6
corals,37,1994,0
corals,37,1995,0.0019782699899370568
corals,37,1996,0.0013188466599580377
corals,37,1997,9.891349949685284e-4
corals,37,1998,9.891349949685284e-4
corals,37,1999,0
corals,37,2000,0
corals,37,2001,0
corals,37,2002,0
corals,37,2003,0
corals,37,2004,2.1502934673228879e-4
corals,37,2005,2.1502934673228879e-4
corals,37,2006,2.1502934673228879e-4
corals,37,2007,2.1502934673228879e-4
corals,37,2008,0
corals,37,2009,0
corals,37,2010,0
corals,37,2011,0
corals,37,2012,0.0010751467336614438
corals,37,2013,0.0010751467336614438
corals,37,2014,0.0010751467336614438
corals,37,2015,0.0010751467336614438
corals,37,2016,0
corals,37,2017,0
corals,37,2018,0
corals,37,2019,0
corals,37,2020,0
corals,37,2021,0
corals,37,2022,0
corals,39,1996,4.2860751972293825e-4
corals,39,1997,8.572150394458765e-4
corals,39,1998,7.143458662048972e-4
corals,39,1999,7.098812045411165e-4
corals,39,2000,9.643669193766111e-4
corals,39,2001,0.0010313368443333202
corals,39,2002,0.001419762409082233
corals,39,2003,0.0016340661689437021
corals,39,2004,0.0014599443640562586
corals,39,2005,0.0010715187993073456
corals,39,2006,5.759413546276983e-4
corals,39,2007,1.8751578987878548e-4
corals,39,2008,0
corals,39,2009,1.339398499134182e-5
corals,39,2010,1.339398499134182e-5
corals,39,2011,1.339398499134182e-5
corals,39,2012,1.339398499134182e-5
corals,39,2013,0
corals,39,2014,0
corals,39,2015,0
corals,39,2016,0
corals,39,2017,0
corals,39,2018,0
corals,39,2019,0
corals,39,2020,0
corals,39,2021,0
corals,39,2022,0
corals,40,1990,0.26032645695618833
corals,40,1991,0.26288519389681236
corals,40,1992,0.2652523073717263
corals,40,1993,0.27935635812137216
corals,40,1994,0.2604867780513324
corals,40,1995,0.3344484684391051
corals,40,1996,0.4939642362874898
corals,40,1997,0.5639892053327027
corals,40,1998,0.721177584330932
corals,40,1999,0.8011210303021344
corals,40,2000,0.8095538832526834
corals,40,2001,0.8270942173898247
corals,40,2002,0.7329835784617003
corals,40,2003,0.7431030020023589
corals,40,2004,0.70701039137401
corals,40,2005,0.7269119243373052
corals,40,2006,0.777509042040598
corals,40,2007,0.7407418031762052
corals,40,2008,0.7090342760821419
corals,40,2009,0.6844103454665393
corals,40,2010,0.7410791172942272
corals,40,2011,0.7086969619641198
corals,40,2012,0.65169087601841
corals,40,2013,0.589625078302371
corals,40,2014,0.5103562605672124
corals,40,2015,0.46245765580809534
corals,40,2016,0.4668427393423807
corals,40,2017,0.485395015833588
corals,40,2018,0.45908451462787586
corals,40,2019,0.4385488311226994
corals,40,2020,0.3979328381716763
corals,40,2021,0.3813977001062402
corals,40,2022,0.36187733209630984
corals,41,1994,0.006783589754676869
corals,41,1995,0.0033917948773384346
corals,41,1996,0.007283662076335741
corals,41,1997,0.008968688377577591
corals,41,1998,0.010860266289939411
corals,41,1999,0.016616533557730122
corals,41,2000,0.01660022685158907
corals,41,2001,0.013469339272507437
corals,41,2002,0.022307574000956627
corals,41,2003,0.017774309693744682
corals,41,2004,0.014757569057650403
corals,41,2005,0.018785325474489793
corals,41,2006,0.00688142999152317
corals,41,2007,0.006636829399407418
corals,41,2008,0.00785983235998618
corals,41,2009,0.005903027623060161
corals,41,2010,0.006767283048535819
corals,41,2011,0.011642988184709819
corals,41,2012,0.015002169649766153
corals,41,2013,0.022291267294815578
corals,41,2014,0.02509602075107621
corals,41,2015,0.02279677518518813
corals,41,2016,0.021883599641289324
corals,41,2017,0.014349901404124146
corals,41,2018,0.010468905342554208
corals,41,2019,0.007087383690084634
corals,41,2020,0.0045896855104599794
corals,41,2021,0.003487352175324989
corals,41,2022,0.0051891200282049845
corals,42,1990,0.002329432559006118
corals,42,1991,0.002306594984898215
corals,42,1992,0.0017204305827953682
corals,42,1993,0.0013131605112044295
corals,42,1994,8.56409029046367e-4
corals,42,1995,0.002021125308549426
corals,42,1996,0.0024207828554377304
corals,42,1997,0.0023979452813298273
corals,42,1998,0.004110763339422562
corals,42,1999,0.004110763339422562
corals,42,2000,0.0049214972202531225
corals,42,2001,0.0049214972202531225
corals,42,2002,0.0030830725045669217
corals,42,2003,0.0027633464670562776
corals,42,2004,0.003482730051455226
corals,42,2005,0.006086213499756182
corals,42,2006,0.0120696579160268
corals,42,2007,0.012834716648641555
corals,42,2008,0.0124464778888072
corals,42,2009,0.01163574400797664
corals,42,2010,0.009363405384240278
corals,42,2011,0.011966888832541236
corals,42,2012,0.012891810583911312
corals,42,2013,0.015152730420593721
corals,42,2014,0.01689980483984831
corals,42,2015,0.015883532792046618
corals,42,2016,0.016214677616611214
corals,42,2017,0.0161004897460717
corals,42,2018,0.014216389882169694
corals,42,2019,0.015569630335933494
corals,42,2020,0.016432091322118453
corals,42,2021,0.01729318205385694
corals,42,2022,0.017386016792605565
corals,43,2003,0.09222180503491095
corals,43,2004,0.11507322575152605
corals,43,2005,0.10187925069490898
corals,43,2006,0.09732256858772682
corals,43,2007,0.1013011641589232
corals,43,2008,0.10053604962600082
corals,43,2009,0.1179806609766311
corals,43,2010,0.1308345851297271
corals,43,2011,0.12869226443754442
corals,43,2012,0.11956189767800401
corals,43,2013,0.11543027920022317
corals,43,2014,0.1074730880578304
corals,43,2015,0.1032904619445214
corals,43,2016,0.09405807991392466
corals,43,2017,0.08003098014368101
corals,43,2018,0.06896232323407057
corals,43,2019,0.0630418669783172
corals,43,2020,0.06639612909064892
corals,43,2021,0.07031861626276431
corals,43,2022,0.07222426152609633
corals,44,2001,0
corals,44,2002,0
corals,44,2003,2.11521944306835e-4
corals,44,2004,1.5864145823012626e-4
corals,44,2005,0.0017676118282993678
corals,44,2006,0.002402177661219873
corals,44,2007,0.005733648284052525
corals,44,2008,0.008060389671427708
corals,44,2009,0.0064514193013584685
corals,44,2010,0.007614789995046061
corals,44,2011,0.0041246779139832825
corals,44,2012,0.0017979365266080976
corals,44,2013,0.0017979365266080976
corals,44,2014,0.00126913166584101
corals,44,2015,0.0017450560405313888
corals,44,2016,0.0019036974987615151
corals,44,2017,0.002485382845605311
corals,44,2018,0.0012162511797643013
corals,44,2019,7.403268050739225e-4
corals,44,2020,5.816853468437963e-4
corals,44,2021,0
corals,44,2022,0
corals,45,2003,0.013257987639608481
corals,45,2004,0.013443414040162445
corals,45,2005,0.008962276026774966
corals,45,2006,0.006721707020081223
corals,45,2007,0.0034072101101791027
corals,45,2008,0
corals,45,2009,0
corals,45,2010,0
corals,45,2011,0
corals,45,2012,0
corals,45,2013,0
corals,45,2014,0
corals,45,2015,0
corals,45,2016,0
corals,45,2017,0
corals,45,2018,0
corals,45,2019,0
corals,45,2020,0
corals,45,2021,0
corals,45,2022,0
corals,46,2006,0.0011945995805473098
corals,46,2007,5.972997902736549e-4
corals,46,2008,3.9819986018243663e-4
corals,46,2009,2.9864989513682746e-4
corals,46,2010,0
corals,46,2011,0
corals,46,2012,0
corals,46,2013,0
corals,46,2014,0
corals,46,2015,0
corals,46,2016,0
corals,46,2017,0
corals,46,2018,0
corals,46,2019,0
corals,46,2020,0
corals,46,2021,0
corals,46,2022,0
corals,47,2004,0.0011025852702262673
corals,47,2005,5.512926351131336e-4
corals,47,2006,0.0035282728647240556
corals,47,2007,0.004741116661972949
corals,47,2008,0.004851375188995577
corals,47,2009,0.004851375188995577
corals,47,2010,0.0024808168580091015
corals,47,2011,7.718096891583871e-4
corals,47,2012,4.4103410809050696e-4
corals,47,2013,0.0011025852702262673
corals,47,2014,0.0011025852702262673
corals,47,2015,0.0011577145337375806
corals,47,2016,0.0015436193783167742
corals,47,2017,0.0023705583309864744
corals,47,2018,0.0023705583309864744
corals,47,2019,0.001929524222895968
corals,47,2020,0.0014884901148054608
corals,47,2021,0
corals,47,2022,0
corals,48,1995,0.007077512924750782
corals,48,1996,0.008982997173722147
corals,48,1997,0.0059886647824814315
corals,48,1998,0.005716452746914093
corals,48,1999,0.003947074515726397
corals,48,2000,0.006941406906967114
corals,48,2001,0.01102458744047718
corals,48,2002,0.009799633280424162
corals,48,2003,0.011841223547179194
corals,48,2004,0.014155025849501564
corals,48,2005,0.0100718453159915
corals,48,2006,0.014155025849501564
corals,48,2007,0.01973537257863199
corals,48,2008,0.014291131867285234
corals,48,2009,0.014291131867285234
corals,48,2010,0.010207951333775167
corals,48,2011,0.004627604604644743
corals,48,2012,0.012385647618313868
corals,48,2013,0.012385647618313868
corals,48,2014,0.012385647618313868
corals,48,2015,0.010344057351558836
corals,48,2016,0
corals,48,2017,0
corals,48,2018,0
corals,48,2019,0.0020415902667550332
corals,48,2020,0.017421570276309622
corals,48,2021,0.01973537257863199
corals,48,2022,0.02204917488095436
corals,49,1995,0.014949040457402935
corals,49,1996,0.032312925911770964
corals,49,1997,0.05726632421374355
corals,49,1998,0.06663822265434616
corals,49,1999,0.07819498085410767
corals,49,2000,0.08911927964990211
corals,49,2001,0.08463456751268124
corals,49,2002,0.0807823147794274
corals,49,2003,0.08641695310567928
corals,49,2004,0.08405960441816573
corals,49,2005,0.08187474465900685
corals,49,2006,0.08055232954162121
corals,49,2007,0.07169789788608254
corals,49,2008,0.071640401576631
corals,49,2009,0.061981021588770634
corals,49,2010,0.052321641600910275
corals,49,2011,0.055311449692390866
corals,49,2012,0.03438279305202675
corals,49,2013,0.034267800433123656
corals,49,2014,0.0350152524559938
corals,49,2015,0.0344402893614783
corals,49,2016,0.03972994983102088
corals,49,2017,0.03329036317244731
corals,49,2018,0.02702326544222838
corals,49,2019,0.017133900216561828
corals,49,2020,0.011844239747019248
corals,49,2021,0.007934490704313865
corals,49,2022,0.00459970475612398
corals,50,2003,0.0028007300158295455
corals,50,2004,0.001421582659549845
corals,50,2005,9.4772177303323e-4
corals,50,2006,0.0010502737559360798
corals,50,2007,5.728765941469524e-4
corals,50,2008,6.259207232346333e-4
corals,50,2009,6.683560265047778e-4
corals,50,2010,3.288736003436209e-4
corals,50,2011,1.0608825817536159e-4
corals,50,2012,4.243530327014463e-5
corals,50,2013,0
corals,50,2014,0
corals,50,2015,0
corals,50,2016,0
corals,50,2017,0
corals,50,2018,0
corals,50,2019,0
corals,50,2020,0
corals,50,2021,2.7795123641944733e-5
corals,50,2022,3.161430093625775e-5
corals,51,2000,0.19308062987915792
corals,51,2001,0.09654031493957896
corals,51,2002,0.06436020995971932
corals,51,2003,0.04827015746978948
corals,51,2004,0
corals,51,2005,0
corals,51,2006,0.02172157086140527
corals,51,2007,0.02172157086140527
corals,51,2008,0.02172157086140527
corals,51,2009,0.02172157086140527
corals,51,2010,0
corals,51,2011,0
corals,51,2012,0
corals,51,2013,0
corals,51,2014,0
corals,51,2015,0
corals,51,2016,0
corals,51,2017,0
corals,51,2018,0
corals,51,2019,0
corals,51,2020,0
corals,51,2021,0
corals,51,2022,0
corals,52,2019,0
corals,52,2020,1.4183381269873124e-4
corals,52,2021,9.455587513248749e-5
corals,52,2022,7.091690634936562e-5
corals,54,2002,0
corals,54,2003,0
corals,54,2004,0.0030269411246680506
corals,54,2005,0.0022702058435010376
corals,54,2006,0.011026714097005041
corals,54,2007,0.01654007114550756
corals,54,2008,0.026269524760512006
corals,54,2009,0.043782541267520014
corals,54,2010,0.05480925536452506
corals,54,2011,0.04962021343652268
corals,54,2012,0.037620553978017196
corals,54,2013,0.06551165434102994
corals,54,2014,0.04572843199052091
corals,54,2015,0.04572843199052091
corals,54,2016,0.04572843199052091
corals,54,2017,3.243151205001482e-4
corals,54,2018,3.243151205001482e-4
corals,54,2019,0.06436033566325441
corals,54,2020,0.06436033566325441
corals,54,2021,0.06436033566325441
corals,54,2022,0.06436033566325441
corals,79,2021,0
corals,79,2022,0.5911356296155318
corals,102,1994,0.755307777337641
corals,102,1995,0.755307777337641
corals,102,1996,0.755307777337641
corals,102,1997,0.755307777337641
corals,102,1998,0.755307777337641
corals,102,1999,0.755307777337641
corals,102,2000,0.755307777337641
corals,102,2001,0.755307777337641
corals,102,2002,0.755307777337641
corals,102,2003,0.755307777337641
corals,102,2004,0.755307777337641
corals,102,2005,0.755307777337641
corals,102,2006,0.755307777337641
corals,102,2007,0.755307777337641
corals,102,2008,0.755307777337641
corals,102,2009,0.755307777337641
corals,102,2010,0.755307777337641
corals,102,2011,0.6687869389628894
corals,102,2012,0.5413989505890058
corals,102,2013,0.5732459476824767
corals,102,2014,0.5891694462292122
corals,102,2015,0.755307777337641
corals,102,2016,0.755307777337641
corals,102,2017,0.755307777337641
corals,102,2018,0.755307777337641
corals,102,2019,0.755307777337641
corals,102,2020,0.755307777337641
corals,102,2021,0.7449012620162848
corals,102,2022,0.7257930637602024
corals,110,2000,2.6024888179077147e-5
corals,110,2001,3.9037332268615724e-5
corals,110,2002,2.6024888179077147e-5
corals,110,2003,1.9518666134307862e-5
corals,110,2004,1.3012444089538573e-5
corals,110,2005,0
corals,110,2006,6.506222044769288e-5
corals,110,2007,7.807466453723145e-5
corals,110,2008,2.2121154952215577e-4
corals,110,2009,4.229044329100036e-4
corals,110,2010,4.4242309904431155e-4
corals,110,2011,6.11584872208313e-4
corals,110,2012,5.790537619844666e-4
corals,110,2013,5.920662060740051e-4
corals,110,2014,6.636346485664673e-4
corals,110,2015,7.807466453723145e-4
corals,110,2016,8.71313256235503e-4
corals,110,2017,8.121716978485501e-4
corals,110,2018,8.504933456922411e-4
corals,110,2019,9.529012806769097e-4
corals,110,2020,8.730699361875906e-4
corals,110,2021,7.175061670971569e-4
corals,110,2022,7.679293879441189e-4
corals,111,1999,0.003158215530454884
corals,111,2000,0.002368661647841163
corals,111,2001,0.0021054770203032557
corals,111,2002,0.002171273177187733
corals,111,2003,0.002960827059801454
corals,111,2004,0.011448531297898955
corals,111,2005,0.011547225533225671
corals,111,2006,0.011053754356592093
corals,111,2007,0.009672035062018082
corals,111,2008,7.89553882613721e-4
corals,111,2009,3.947769413068605e-4
corals,111,2010,5.921654119602907e-4
corals,111,2011,8.882481179404361e-4
corals,111,2012,8.882481179404361e-4
corals,111,2013,0.002269967412514448
corals,111,2014,0.003256909765781599
corals,111,2015,0.003256909765781599
corals,111,2016,0.004342546354375466
corals,111,2017,0.0037503809424151743
corals,111,2018,0.002862132824474739
corals,111,2019,0.002368661647841163
corals,111,2020,0.0012830250592472964
corals,111,2021,3.947769413068605e-4
corals,111,2022,0
corals,112,1999,0
corals,112,2000,0
corals,112,2001,0
corals,112,2002,0
corals,112,2003,0
corals,112,2004,0
corals,112,2005,0
corals,112,2006,0
corals,112,2007,0
corals,112,2008,0
corals,112,2009,0
corals,112,2010,0
corals,112,2011,0
corals,112,2012,0
corals,112,2013,0
corals,112,2014,0
corals,112,2015,0
corals,112,2016,0
corals,112,2017,0
corals,112,2018,0
corals,112,2019,0
corals,112,2020,0
corals,112,2021,0
corals,112,2022,0
corals,114,1998,0.017416341227810068
corals,114,1999,0.020863325429147477
corals,114,2000,0.026426878876920135
corals,114,2001,0.02911794549024496
corals,114,2002,0.03927747787313417
corals,114,2003,0.04530970022547463
corals,114,2004,0.0467610619944588
corals,114,2005,0.04403975867761348
corals,114,2006,0.036692239722131106
corals,114,2007,0.029707561208894777
corals,114,2008,0.022405397308693162
corals,114,2009,0.017643116504213845
corals,114,2010,0.012245864925803955
corals,114,2011,0.008708170613905034
corals,114,2012,0.006757903236832552
corals,114,2013,0.008073199839974458
corals,114,2014,0.008118554895255214
corals,114,2015,0.010295597548731474
corals,114,2016,0.00993275710648543
corals,114,2017,0.00816390995053597
corals,114,2018,0.008345330171658992
corals,114,2019,0.004580860583356295
corals,114,2020,0.0033562740907758983
corals,114,2021,0.0019956224323532373
corals,114,2022,0
corals,115,1997,0.016775030062919704
corals,115,1998,0.01090384301216819
corals,115,1999,0.010140630217080362
corals,115,2000,0.007832162258255134
corals,115,2001,0.0036384047425252076
corals,115,2002,0.002380240752171039
corals,115,2003,0.0026069303476158995
corals,115,2004,0.002380240752171039
corals,115,2005,0.004080412718007496
corals,115,2006,0.008274170233737421
corals,115,2007,0.005893929481566382
corals,115,2008,0.005893929481566382
corals,115,2009,0.004193757515729926
corals,115,2010,3.400343931672913e-4
corals,115,2011,0.0014734823703915956
corals,115,2012,0.0014734823703915956
corals,115,2013,0.0014734823703915956
corals,115,2014,0.0011334479772243042
corals,115,2015,0
corals,115,2016,0
corals,115,2017,0
corals,115,2018,0
corals,115,2019,0
corals,115,2020,0
corals,115,2021,0
corals,115,2022,0
corals,122,2017,0
corals,122,2018,4.467540163364344e-5
corals,122,2019,4.467540163364344e-5
corals,122,2020,3.3506551225232574e-5
corals,122,2021,3.3506551225232574e-5
corals,122,2022,1.116885040841086e-5
corals,123,2000,0
corals,123,2001,0
corals,123,2002,0
corals,123,2003,0.0026578160338654932
corals,123,2004,0.0053156320677309864
corals,123,2005,0.006644540084663733
corals,123,2006,0.006644540084663733
corals,123,2007,0.003986724050798239
corals,123,2008,0.0013289080169327466
corals,123,2009,0
corals,123,2010,0
corals,123,2011,0
corals,123,2012,0
corals,123,2013,0
corals,123,2014,0
corals,123,2015,0
corals,123,2016,0
corals,123,2017,0
corals,123,2018,0
corals,123,2019,0
corals,123,2020,0
corals,123,2021,0
corals,123,2022,0
corals,124,2001,0
corals,124,2002,0
corals,124,2003,0
corals,124,2004,0.013176332735232506
corals,124,2005,0.013176332735232506
corals,124,2006,0.013176332735232506
corals,124,2007,0.013176332735232506
corals,124,2008,0
corals,124,2009,0
corals,124,2010,0
corals,124,2011,0
corals,124,2012,0
corals,124,2013,0
corals,124,2014,0
corals,124,2015,0
corals,124,2016,0.0026352665470465012
corals,124,2017,0.0026352665470465012
corals,124,2018,0.0026352665470465012
corals,124,2019,0.006416874042058231
corals,124,2020,0.0037816074950117297
corals,124,2021,0.0037816074950117297
corals,124,2022,0.005310062092298701
corals,126,1999,0
corals,126,2000,0
corals,126,2001,0
corals,126,2002,0
corals,126,2003,0
corals,126,2004,0
corals,126,2005,0
corals,126,2006,0
corals,126,2007,0
corals,126,2008,0
corals,126,2009,0
corals,126,2010,0
corals,126,2011,0
corals,126,2012,0
corals,126,2013,0
corals,126,2014,0
corals,126,2015,0
corals,126,2016,0
corals,126,2017,0
corals,126,2018,0
corals,126,2019,2.6608143620037575e-5
corals,126,2020,2.6608143620037575e-5
corals,126,2021,2.6608143620037575e-5
corals,126,2022,2.6608143620037575e-5
corals,129,1996,0.033542440307505104
corals,129,1997,0.019369578205742383
corals,129,1998,0.013779171487824867
corals,129,1999,0.01033437861586865
corals,129,2000,0.001948768538992374
corals,129,2001,7.08643105088136e-4
corals,129,2002,5.905359209067799e-5
corals,129,2003,5.905359209067799e-5
corals,129,2004,5.905359209067799e-5
corals,129,2005,0.0018897149469016957
corals,129,2006,0.0018897149469016957
corals,129,2007,0.0018897149469016957
corals,129,2008,0.0018897149469016957
corals,129,2009,0
corals,129,2010,1.1810718418135598e-4
corals,129,2011,1.1810718418135598e-4
corals,129,2012,1.1810718418135598e-4
corals,129,2013,1.1810718418135598e-4
corals,129,2014,0
corals,129,2015,0
corals,129,2016,0
corals,129,2017,0
corals,129,2018,0
corals,129,2019,0
corals,129,2020,0
corals,129,2021,0
corals,129,2022,0
corals,131,1997,0
corals,131,1998,0
corals,131,1999,0
corals,131,2000,0
corals,131,2001,0
corals,131,2002,0
corals,131,2003,0
corals,131,2004,0
corals,131,2005,0.0014186107767278368
corals,131,2006,0.0069354304640027575
corals,131,2007,0.01048195740582235
corals,131,2008,0.01048195740582235
corals,131,2009,0.00922097004873094
corals,131,2010,0.0054380079774567075
corals,131,2011,0.0032312801025467393
corals,131,2012,0.0032312801025467393
corals,131,2013,0.003073656682910313
corals,131,2014,0.0013397990669096235
corals,131,2015,7.881170981821316e-5
corals,131,2016,0.0013397990669096235
corals,131,2017,0.0013397990669096235
corals,131,2018,0.0014186107767278368
corals,131,2019,0.0017480437237679678
corals,131,2020,0.0012239458534768503
corals,131,2021,0.002511729191906453
corals,131,2022,0.003350285784372241
corals,132,1995,1.3094163005176852e-4
corals,132,1996,1.3094163005176852e-4
corals,132,1997,1.745888400690247e-4
corals,132,1998,1.6367703756471066e-4
corals,132,1999,1.6367703756471066e-4
corals,132,2000,1.3094163005176852e-4
corals,132,2001,9.820622253882638e-5
corals,132,2002,6.547081502588426e-5
corals,132,2003,4.2556029766824776e-4
corals,132,2004,5.237665202070741e-4
corals,132,2005,7.856497803106111e-4
corals,132,2006,7.856497803106111e-4
corals,132,2007,3.9282489015530554e-4
corals,132,2008,2.9461866761647915e-4
corals,132,2009,0
corals,132,2010,0
corals,132,2011,0
corals,132,2012,0
corals,132,2013,0
corals,132,2014,0
corals,132,2015,0
corals,132,2016,0
corals,132,2017,0
corals,132,2018,0
corals,132,2019,0
corals,132,2020,0
corals,132,2021,0
corals,132,2022,0
corals,133,1992,0.21816299485921528
corals,133,1993,0.1974971642914966
corals,133,1994,0.13699102118601114
corals,133,1995,0.11339575587286847
corals,133,1996,0.05906805695773186
corals,133,1997,0.014860223526787368
corals,133,1998,0.010865539783027322
corals,133,1999,3.728371494176042e-4
corals,133,2000,1.5978734975040178e-4
corals,133,2001,1.5978734975040178e-4
corals,133,2002,1.5978734975040178e-4
corals,133,2003,0
corals,133,2004,0
corals,133,2005,0
corals,133,2006,0
corals,133,2007,0
corals,133,2008,0
corals,133,2009,0
corals,133,2010,0
corals,133,2011,0
corals,133,2012,0
corals,133,2013,0
corals,133,2014,0
corals,133,2015,0
corals,133,2016,0
corals,133,2017,0
corals,133,2018,0
corals,133,2019,0
corals,133,2020,5.326244991680059e-7
corals,133,2021,2.7163849457568306e-5
corals,133,2022,6.28496909018247e-5
corals,135,1990,0.06407485863183271
corals,135,1991,0.0880133404920476
corals,135,1992,0.08944678251960539
corals,135,1993,0.08916009411409384
corals,135,1994,0.10173854790591334
corals,135,1995,0.0965423205560164
corals,135,1996,0.09675733686015006
corals,135,1997,0.0994450406618209
corals,135,1998,0.09507304247776967
corals,135,1999,0.09919418830699829
corals,135,2000,0.1158937879280464
corals,135,2001,0.1821188096012158
corals,135,2002,0.19376552607512273
corals,135,2003,0.20763407769174425
corals,135,2004,0.20569893095454125
corals,135,2005,0.16918199530250683
corals,135,2006,0.1844481528959972
corals,135,2007,0.1750232715648048
corals,135,2008,0.16653012755152496
corals,135,2009,0.1347435505904312
corals,135,2010,0.11818729517213886
corals,135,2011,0.10929995460128063
corals,135,2012,0.10697061130649922
corals,135,2013,0.10972998720954796
corals,135,2014,0.10141602344971284
corals,135,2015,0.10327949808553795
corals,135,2016,0.11177264209881779
corals,135,2017,0.11729139390491525
corals,135,2018,0.13094492921740308
corals,135,2019,0.1433130253916785
corals,135,2020,0.12474636752973636
corals,135,2021,0.1220497047153933
corals,135,2022,0.11039402922881411
corals,137,1994,0.05499686706879641
corals,137,1995,0.04644179885809475
corals,137,1996,0.059478093274402045
corals,137,1997,0.05713563412147182
corals,137,1998,0.04521964625656594
corals,137,1999,0.038803345098539686
corals,137,2000,0.018026750872549936
corals,137,2001,0.007027377458790652
corals,137,2002,0.005499686706879642
corals,137,2003,0.002749843353439821
corals,137,2004,0.004277534105350832
corals,137,2005,0.002749843353439821
corals,137,2006,0.002444305203057618
corals,137,2007,0.10052205147574456
corals,137,2008,0.09960543702459794
corals,137,2009,0.09960543702459794
corals,137,2010,0.09960543702459794
corals,137,2011,0.001222152601528809
corals,137,2012,0
corals,137,2013,0
corals,137,2014,0
corals,137,2015,0
corals,137,2016,0
corals,137,2017,0
corals,137,2018,0
corals,137,2019,0
corals,137,2020,0
corals,137,2021,3.177596763974904e-4
corals,137,2022,3.208150579013124e-4
corals,139,1994,2.3801337616705928e-4
corals,139,1995,0.0034511939544223593
corals,139,1996,0.002300795969614906
corals,139,1997,0.0017255969772111796
corals,139,1998,0.001666093633169415
corals,139,1999,4.165234082923537e-4
corals,139,2000,5.950334404176482e-4
corals,139,2001,0.0016065902891276502
corals,139,2002,0.0024396371057123574
corals,139,2003,0.002023113697420004
corals,139,2004,0.0018446036652947095
corals,139,2005,8.330468165847075e-4
corals,139,2006,0
corals,139,2007,0
corals,139,2008,0
corals,139,2009,0
corals,139,2010,0
corals,139,2011,0
corals,139,2012,0
corals,139,2013,0.032012799094469475
corals,139,2014,0.07033295265736601
corals,139,2015,0.15435167444433795
corals,139,2016,0.2075476640176757
corals,139,2017,0.24574881089248873
corals,139,2018,0.24854546806245167
corals,139,2019,0.16452674627547975
corals,139,2020,0.11133075670214199
corals,139,2021,0.04111681073285949
corals,139,2022,0
corals,147,1997,0
corals,147,1998,0
corals,147,1999,0
corals,147,2000,0
corals,147,2001,0
corals,147,2002,0
corals,147,2003,0
corals,147,2004,0
corals,147,2005,0
corals,147,2006,0
corals,147,2007,0
corals,147,2008,0
corals,147,2009,0
corals,147,2010,0
corals,147,2011,0
corals,147,2012,0
corals,147,2013,0
corals,147,2014,0
corals,147,2015,2.447852815834201e-5
corals,147,2016,2.643681041100937e-5
corals,147,2017,2.655920305180108e-5
corals,147,2018,2.7171166255759635e-5
corals,147,2019,3.549386582959592e-6
corals,147,2020,1.8358896118756508e-6
corals,147,2021,2.6926380974176214e-6
corals,147,2022,2.203067534250781e-6
corals,152,2005,0.05376404064542041
corals,152,2006,0.026882020322710205
corals,152,2007,0.017921346881806802
corals,152,2008,0.013441010161355103
corals,152,2009,0
corals,152,2010,0
corals,152,2011,0
corals,152,2012,0
corals,152,2013,0.013256886734487225
corals,152,2014,0.013256886734487225
corals,152,2015,0.013256886734487225
corals,152,2016,0.013256886734487225
corals,152,2017,0
corals,152,2018,0
corals,152,2019,0
corals,152,2020,0
corals,152,2021,0
corals,152,2022,0
corals,153,2000,0
corals,153,2001,0
corals,153,2002,0
corals,153,2003,0
corals,153,2004,0
corals,153,2005,0.008031288524332197
corals,153,2006,0.008031288524332197
corals,153,2007,0.01850064677926524
corals,153,2008,0.01850064677926524
corals,153,2009,0.010469358254933041
corals,153,2010,0.010469358254933041
corals,153,2011,0.005736634660237283
corals,153,2012,0.005736634660237283
corals,153,2013,0.008031288524332197
corals,153,2014,0.008031288524332197
corals,153,2015,0.0022946538640949135
corals,153,2016,0.0022946538640949135
corals,153,2017,0
corals,153,2018,0
corals,153,2019,0
corals,153,2020,0
corals,153,2021,0
corals,153,2022,0
corals,155,1999,5.805750740481128e-4
corals,155,2000,2.902875370240564e-4
corals,155,2001,1.9352502468270426e-4
corals,155,2002,8.708626110721692e-4
corals,155,2003,7.25718842560141e-4
corals,155,2004,7.25718842560141e-4
corals,155,2005,7.25718842560141e-4
corals,155,2006,0
corals,155,2007,0
corals,155,2008,0.0030843050808805994
corals,155,2009,0.004172883344720811
corals,155,2010,0.005842036682609136
corals,155,2011,0.006386325814529242
corals,155,2012,0.004608314650256897
corals,155,2013,0.006059752335377178
corals,155,2014,0.0072934743677294175
corals,155,2015,0.008200622920929594
corals,155,2016,0.009579488721793863
corals,155,2017,0.008636054226465678
corals,155,2018,0.008418338573697635
corals,155,2019,0.006966900888577354
corals,155,2020,0.004281741171104832
corals,155,2021,0.002685159717472522
corals,155,2022,0
corals,163,1990,0.39176669207809
corals,163,1991,0.3740320202060323
corals,163,1992,0.3690064327418575
corals,163,1993,0.37413130992796895
corals,163,1994,0.3673070509625583
corals,163,1995,0.37572758314987253
corals,163,1996,0.3591194677382492
corals,163,1997,0.33769580081270156
corals,163,1998,0.3237990585770388
corals,163,1999,0.30449866416675037
corals,163,2000,0.32229061857069446
corals,163,2001,0.350660747196344
corals,163,2002,0.37653717626720157
corals,163,2003,0.36329345489504483
corals,163,2004,0.32063706281690446
corals,163,2005,0.26793331464587355
corals,163,2006,0.21069278994943252
corals,163,2007,0.18809674053794131
corals,163,2008,0.16898728790060788
corals,163,2009,0.14442453822768048
corals,163,2010,0.12683116326760951
corals,163,2011,0.1185328338149865
corals,163,2012,0.11840681224483623
corals,163,2013,0.11302989191842426
corals,163,2014,0.107488761667271
corals,163,2015,0.09549761832569889
corals,163,2016,0.08726039024042147
corals,163,2017,0.08571376187948619
corals,163,2018,0.08049341380689731
corals,163,2019,0.07443017237177599
corals,163,2020,0.0700299192140287
corals,163,2021,0.0598539447428757
corals,163,2022,0.05078470697612429
corals,164,2004,2.0811267898772495e-4
corals,164,2005,5.320299938637806e-4
corals,164,2006,3.546866625758538e-4
corals,164,2007,2.660149969318903e-4
corals,164,2008,2.1398682718495909e-4
corals,164,2009,0
corals,164,2010,0
corals,164,2011,0
corals,164,2012,0
corals,164,2013,9.230804309939412e-6
corals,164,2014,9.289545791911754e-6
corals,164,2015,9.607588958590576e-5
corals,164,2016,1.334522554008786e-4
corals,164,2017,1.5847612672109616e-4
corals,164,2018,1.5841738523912383e-4
corals,164,2019,9.480036026307777e-5
corals,164,2020,5.742399444810491e-5
corals,164,2021,8.9513626885567e-5
corals,164,2022,1.335697383648233e-4
corals,166,1991,0.0013613658804672642
corals,166,1992,7.941300969392375e-4
corals,166,1993,6.050515024298952e-4
corals,166,1994,4.537886268224214e-4
corals,166,1995,1.1344715670560535e-4
corals,166,1996,0.0030630732310513446
corals,166,1997,0.003025257512149476
corals,166,1998,0.003025257512149476
corals,166,1999,0.003025257512149476
corals,166,2000,1.8907859450934226e-5
corals,166,2001,0
corals,166,2002,0
corals,166,2003,0
corals,166,2004,0
corals,166,2005,0
corals,166,2006,0
corals,166,2007,0
corals,166,2008,0
corals,166,2009,0
corals,166,2010,0
corals,166,2011,0
corals,166,2012,0
corals,166,2013,0
corals,166,2014,0
corals,166,2015,0
corals,166,2016,0
corals,166,2017,0
corals,166,2018,0
corals,166,2019,0
corals,166,2020,0
corals,166,2021,0
corals,166,2022,0
corals,171,1994,0.001347379960203868
corals,171,1995,0.0023097942174923444
corals,171,1996,0.004362944633041096
corals,171,1997,0.004860191999306808
corals,171,1998,0.004763950573577961
corals,171,1999,0.003945898454882755
corals,171,2000,0.0018767078017125302
corals,171,2001,3.36844990050967e-4
corals,171,2002,5.293278415086622e-4
corals,171,2003,0.025215253540958098
corals,171,2004,0.049708696388949834
corals,171,2005,0.05134480062634025
corals,171,2006,0.05168164561639121
corals,171,2007,0.027525047758450442
corals,171,2008,0.00312784633618755
corals,171,2009,0.0014917420987971392
corals,171,2010,7.699314058307815e-4
corals,171,2011,2.8872427718654306e-4
corals,171,2012,2.4060356432211924e-4
corals,171,2013,7.218106929663576e-4
corals,171,2014,6.73689980101934e-4
corals,171,2015,6.2556926723751e-4
corals,171,2016,5.293278415086622e-4
corals,171,2017,0
corals,171,2018,0
corals,171,2019,1.924828514576954e-6
corals,171,2020,1.924828514576954e-6
corals,171,2021,1.924828514576954e-6
corals,171,2022,1.924828514576954e-6
corals,191,2010,0.025329560597706375
corals,191,2011,0.012664780298853187
corals,191,2012,0.008443186865902123
corals,191,2013,0.006332390149426594
corals,191,2014,0.007035989054918437
corals,191,2015,0.016182774826312404
corals,191,2016,0.016182774826312404
corals,191,2017,0.016182774826312404
corals,191,2018,0.009146785771393969
corals,191,2019,0.003254144937899777
corals,191,2020,0.005540841380748269
corals,191,2021,0.00823562518878203
corals,191,2022,0.017582936648241176
corals,202,2000,0.01844804747905494
corals,202,2001,0.025224881246871042
corals,202,2002,0.022244329358248216
corals,202,2003,0.0299427811442569
corals,202,2004,0.030131026526696237
corals,202,2005,0.02704850838925211
corals,202,2006,0.02996631181706182
corals,202,2007,0.021165840188022856
corals,202,2008,0.02144820826168186
corals,202,2009,0.023083590021623593
corals,202,2010,0.02287181396637934
corals,202,2011,0.02411893962503994
corals,202,2012,0.027789724582606992
corals,202,2013,0.03751965778744018
corals,202,2014,0.0385903034000639
corals,202,2015,0.039284458247808955
corals,202,2016,0.03399005686670263
corals,202,2017,0.018965722280763115
corals,202,2018,0.013059523406728944
corals,202,2019,0.017711772726989088
corals,202,2020,0.027587007836392632
corals,202,2021,0.044084597846648005
corals,202,2022,0.05274153237157697
corals,203,1990,0.10758745914278689
corals,203,1991,0.10931696929530398
corals,203,1992,0.09836340499602911
corals,203,1993,0.14963244733328843
corals,203,1994,0.16561550667379113
corals,203,1995,0.17676786524347024
corals,203,1996,0.1737561320468457
corals,203,1997,0.12011149817825544
corals,203,1998,0.07878216936120926
corals,203,1999,0.059638281121278766
corals,203,2000,0.04374467920245797
corals,203,2001,0.022960738231692323
corals,203,2002,0.02266254682608593
corals,203,2003,0.00629183865829491
corals,203,2004,0.0066794874855832225
corals,203,2005,0.006649668345022583
corals,203,2006,0.005397264441475729
corals,203,2007,0.004293956240732071
corals,203,2008,0.0036975734295192834
corals,203,2009,0.0022960738231692325
corals,203,2010,0.010526156617905702
corals,203,2011,0.008587912481464142
corals,203,2012,0.008856284746509896
corals,203,2013,0.008856284746509896
corals,203,2014,6.262019517734271e-4
corals,203,2015,2.981914056063938e-4
corals,203,2016,2.9819140560639385e-5
corals,203,2017,2.9819140560639385e-5
corals,203,2018,0.0015207761685926086
corals,203,2019,0.0018487867147596417
corals,203,2020,0.002564446088214987
corals,203,2021,0.002658972763792214
corals,203,2022,0.0012431599699730558
corals,204,2005,1
corals,204,2006,1
corals,204,2007,1
corals,204,2008,1
corals,204,2009,1
corals,204,2010,1
corals,204,2011,1
corals,204,2012,1
corals,204,2013,1
corals,204,2014,1
corals,204,2015,1
corals,204,2016,1
corals,204,2017,1
corals,204,2018,1
corals,204,2019,1
corals,204,2020,1
corals,204,2021,1
corals,204,2022,0
corals,205,2018,0.05242221066175463
corals,205,2019,0.17850794357439123
corals,205,2020,0.22063291981915248
corals,205,2021,0.2810090281666133
corals,205,2022,0.2882881356018096
corals,206,1990,3.459631979712335e-4
corals,206,1991,2.5947239847842513e-4
corals,206,1992,2.0181186548321953e-4
corals,206,1993,1.5135889911241466e-4
corals,206,1994,6.486809961960628e-5
corals,206,1995,2.1622699873202094e-5
corals,206,1996,5.189447969568503e-4
corals,206,1997,0.0010811349936601046
corals,206,1998,0.001383852791884934
corals,206,1999,0.001405475491758136
corals,206,2000,9.297760945476899e-4
corals,206,2001,4.7569939721044607e-4
corals,206,2002,0.0019460429885881883
corals,206,2003,0.0024217423857986345
corals,206,2004,0.003394763880092728
corals,206,2005,0.0038055951776835685
corals,206,2006,0.002119024587573805
corals,206,2007,0.0019027975888417843
corals,206,2008,0.0011676257931529127
corals,206,2009,0.0018163067893489757
corals,206,2010,0.0027893282836430697
corals,206,2011,0.004994843670709683
corals,206,2012,0.009686969543194538
corals,206,2013,0.018682012690446604
corals,206,2014,0.02529855885164645
corals,206,2015,0.027136488340868625
corals,206,2016,0.028433850333260752
corals,206,2017,0.020109110882077945
corals,206,2018,0.014422340815425795
corals,206,2019,0.010836648495452694
corals,206,2020,0.004847809311571909
corals,206,2021,0.004187235830445586
corals,206,2022,0.0021994610311021168
corals,207,1998,0.6916327543392511
corals,207,1999,0.855604895044367
corals,207,2000,0.8564724725084154
corals,207,2001,0.9115636414754781
corals,207,2002,0.8206415232432233
corals,207,2003,0.6636100022504932
corals,207,2004,0.6503360670505552
corals,207,2005,0.6618748473223968
corals,207,2006,0.8512670077241259
corals,207,2007,0.9616228611510611
corals,207,2008,0.9859150301444116
corals,207,2009,1
corals,207,2010,0.9977140836554675
corals,207,2011,1
corals,207,2012,1
corals,207,2013,0.9066184499304031
corals,207,2014,0.8489245485711957
corals,207,2015,0.8489245485711957
corals,207,2016,0.8281894471804429
corals,207,2017,0.8942988499409182
corals,207,2018,0.8401620161843085
corals,207,2019,0.6414225761849237
corals,207,2020,0.5260278328467963
corals,207,2021,0.411227380071542
corals,207,2022,0.375070221679868
corals,208,1990,1
corals,208,1991,1
corals,208,1992,1
corals,208,1993,1
corals,208,1994,1
corals,208,1995,1
corals,208,1996,1
corals,208,1997,1
corals,208,1998,1
corals,208,1999,1
corals,208,2000,1
corals,208,2001,1
corals,208,2002,1
corals,208,2003,1
corals,208,2004,1
corals,208,2005,1
corals,208,2006,1
corals,208,2007,1
corals,208,2008,1
corals,208,2009,1
corals,208,2010,0.660573481126323
corals,208,2011,0.21082132376372012
corals,208,2012,0.14054754917581339
corals,208,2013,0.01405475491758134
corals,208,2014,0.01405475491758134
corals,208,2015,0
corals,208,2016,0
corals,208,2017,0
corals,208,2018,0
corals,208,2019,0
corals,208,2020,0
corals,208,2021,0
corals,208,2022,0.8854495598076244
corals,209,1990,0
corals,209,1991,0
corals,209,1992,0
corals,209,1993,0
corals,209,1994,0.15455666212980357
corals,209,1995,0.4298508394612124
corals,209,1996,0.5679720283174989
corals,209,1997,0.811450896179176
corals,209,1998,0.7708078931882586
corals,209,1999,0.623520767314049
corals,209,2000,0.5412643842480339
corals,209,2001,0.4456541791472863
corals,209,2002,0.5151888737660119
corals,209,2003,0.5632310264116768
corals,209,2004,0.7617999895671964
corals,209,2005,0.811450896179176
corals,209,2006,0.811450896179176
corals,209,2007,0.811450896179176
corals,209,2008,0.811450896179176
corals,209,2009,0.811450896179176
corals,209,2010,0.811450896179176
corals,209,2011,0.811450896179176
corals,209,2012,0.811450896179176
corals,209,2013,0.811450896179176
corals,209,2014,0.811450896179176
corals,209,2015,0.811450896179176
corals,209,2016,0.811450896179176
corals,209,2017,0.811450896179176
corals,209,2018,0.811450896179176
corals,209,2019,0.811450896179176
corals,209,2020,0.811450896179176
corals,209,2021,0.811450896179176
corals,209,2022,0.811450896179176
corals,210,1976,0.002097724614564381
corals,210,1977,0.001608255537832692
corals,210,1978,0.001351866973830379
corals,210,1979,0.0011187864611010032
corals,210,1980,8.04127768916346e-4
corals,210,1981,6.642794612787207e-4
corals,210,1982,7.342036150975335e-4
corals,210,1983,0.0018529900761985367
corals,210,1984,0.0023074970760208193
corals,210,1985,0.0025522316143866634
corals,210,1986,0.00258719369129607
corals,210,1987,0.12023458249144843
corals,210,1988,0.24193757221309195
corals,210,1989,0.3674164662409513
corals,210,1990,0.49772012688230877
corals,210,1991,0.49097244603879336
corals,210,1992,0.4802041263506962
corals,210,1993,0.5326472417148057
corals,210,1994,0.8259441049078157
corals,210,1995,0.9783437981559179
corals,210,1996,1
corals,210,1997,1
corals,210,1998,0.8870927774223674
corals,210,1999,0.7346231600204463
corals,210,2000,0.6740688428133544
corals,210,2001,0.8137073779895233
corals,210,2002,0.9352355573266198
corals,210,2003,0.9088042271831087
corals,210,2004,0.7800039358488557
corals,210,2005,0.5486598729393138
corals,210,2006,0.4365714543677571
corals,210,2007,0.477686856813219
corals,210,2008,0.48604279319456706
corals,210,2009,0.4573389280519445
corals,210,2010,0.4365714543677571
corals,210,2011,0.5466670345554777
corals,210,2012,0.9779592153099145
corals,210,2013,1
corals,210,2014,1
corals,210,2015,1
corals,210,2016,1
corals,210,2017,1
corals,210,2018,1
corals,210,2019,1
corals,210,2020,1
corals,210,2021,1
corals,210,2022,1
corals,214,1994,1.8812236596987478e-4
corals,214,1995,1.5676863830822897e-4
corals,214,1996,1.0451242553881933e-4
corals,214,1997,3.7624473193974956e-4
corals,214,1998,5.330133702479785e-4
corals,214,1999,6.741051447253846e-4
corals,214,2000,7.995200553719678e-4
corals,214,2001,7.368126000486762e-4
corals,214,2002,5.957208255712702e-4
corals,214,2003,4.232753234322182e-4
corals,214,2004,2.978604127856351e-4
corals,214,2005,6.27074553232916e-5
corals,214,2006,4.7030591492468695e-5
corals,214,2007,4.7030591492468695e-5
corals,214,2008,4.7030591492468695e-5
corals,214,2009,2.3515295746234346e-4
corals,214,2010,1.8812236596987478e-4
corals,214,2011,1.8812236596987478e-4
corals,214,2012,1.8812236596987478e-4
corals,214,2013,0
corals,214,2014,0.0057847627535736485
corals,214,2015,0.008465506468644364
corals,214,2016,0.008575244515460125
corals,214,2017,0.008747690017599178
corals,214,2018,0.003041311583179642
corals,214,2019,5.120063727146757e-4
corals,214,2020,6.794352784278644e-4
corals,214,2021,0.0014819339379276886
corals,214,2022,0.00207483292800941
corals,216,1990,0.012565655101157017
corals,216,1991,0.01113157128780255
corals,216,1992,0.013470362707194783
corals,216,1993,0.012329086287956599
corals,216,1994,0.013337713010904112
corals,216,1995,0.013060799128785794
corals,216,1996,0.010359513378055456
corals,216,1997,0.009585621601539364
corals,216,1998,0.005908718729703431
corals,216,1999,0.005309044296241909
corals,216,2000,0.007861786838683615
corals,216,2001,0.014991860836538034
corals,216,2002,0.021192164382511744
corals,216,2003,0.025527425424417056
corals,216,2004,0.026869815899321747
corals,216,2005,0.030264303288732374
corals,216,2006,0.03450970485895691
corals,216,2007,0.041590264454048446
corals,216,2008,0.04838290696640769
corals,216,2009,0.048302216828571894
corals,216,2010,0.06112277941061929
corals,216,2011,0.06667939572067558
corals,216,2012,0.07281734779650345
corals,216,2013,0.08237912913004589
corals,216,2014,0.08146036187877913
corals,216,2015,0.0796870127131605
corals,216,2016,0.07895529987233132
corals,216,2017,0.0601013156202888
corals,216,2018,0.037489738358574554
corals,216,2019,0.021360825109256257
corals,216,2020,0.004135149500072524
corals,216,2021,0.00288359044623618
corals,216,2022,0.0041797491398944935
corals,220,2000,0
corals,220,2001,0.0035736103849440537
corals,220,2002,0.007147220769888107
corals,220,2003,0.007147220769888107
corals,220,2004,0.007147220769888107
corals,220,2005,0.00536041557741608
corals,220,2006,0.0017868051924720268
corals,220,2007,0
corals,220,2008,0
corals,220,2009,0
corals,220,2010,0
corals,220,2011,0
corals,220,2012,0
corals,220,2013,0
corals,220,2014,0
corals,220,2015,0
corals,220,2016,0
corals,220,2017,0
corals,220,2018,0
corals,220,2019,0
corals,220,2020,0
corals,220,2021,0
corals,220,2022,0
corals,245,2000,0
corals,245,2001,4.467012981180067e-4
corals,245,2002,8.934025962360134e-4
corals,245,2003,8.934025962360134e-4
corals,245,2004,8.934025962360134e-4
corals,245,2005,6.7005194717701e-4
corals,245,2006,2.2335064905900336e-4
corals,245,2007,0
corals,245,2008,0
corals,245,2009,0
corals,245,2010,0
corals,245,2011,0
corals,245,2012,0
corals,245,2013,0
corals,245,2014,0
corals,245,2015,0
corals,245,2016,0
corals,245,2017,0
corals,245,2018,0
corals,245,2019,0
corals,245,2020,0
corals,245,2021,0
corals,245,2022,0
corals,247,2002,0.03373141180219524
corals,247,2003,0.01686570590109762
corals,247,2004,0.01124380393406508
corals,247,2005,0.00843285295054881
corals,247,2006,0
corals,247,2007,0.011805994130768334
corals,247,2008,0.011805994130768334
corals,247,2009,0.011805994130768334
corals,247,2010,0.011805994130768334
corals,247,2011,0
corals,247,2012,0
corals,247,2013,0
corals,247,2014,0
corals,247,2015,0
corals,247,2016,0
corals,247,2017,0
corals,247,2018,0
corals,247,2019,0
corals,247,2020,0
corals,247,2021,0
corals,247,2022,0
corals,248,2000,0
corals,248,2001,5.956017308240089e-5
corals,248,2002,1.1912034616480178e-4
corals,248,2003,1.1912034616480178e-4
corals,248,2004,1.1912034616480178e-4
corals,248,2005,8.934025962360133e-5
corals,248,2006,2.9780086541200444e-5
corals,248,2007,0
corals,248,2008,0
corals,248,2009,0
corals,248,2010,0
corals,248,2011,0
corals,248,2012,0
corals,248,2013,0
corals,248,2014,0
corals,248,2015,0
corals,248,2016,0
corals,248,2017,0
corals,248,2018,0
corals,248,2019,0
corals,248,2020,0
corals,248,2021,0
corals,248,2022,0
corals,249,2000,0
corals,249,2001,5.105157692777234e-4
corals,249,2002,0.0010210315385554467
corals,249,2003,0.0010210315385554467
corals,249,2004,0.0010210315385554467
corals,249,2005,7.657736539165849e-4
corals,249,2006,2.552578846388617e-4
corals,249,2007,0
corals,249,2008,0
corals,249,2009,0
corals,249,2010,0
corals,249,2011,0
corals,249,2012,0
corals,249,2013,0
corals,249,2014,0
corals,249,2015,0
corals,249,2016,0
corals,249,2017,0
corals,249,2018,0
corals,249,2019,0
corals,249,2020,0
corals,249,2021,0
corals,249,2022,0
corals,250,2000,0
corals,250,2001,1.340103894354022e-4
corals,250,2002,2.680207788708044e-4
corals,250,2003,2.680207788708044e-4
corals,250,2004,2.680207788708044e-4
corals,250,2005,2.010155841531033e-4
corals,250,2006,1.340103894354022e-4
corals,250,2007,6.70051947177011e-5
corals,250,2008,6.70051947177011e-5
corals,250,2009,6.70051947177011e-5
corals,250,2010,0
corals,250,2011,0
corals,250,2012,0
corals,250,2013,0
corals,250,2014,0
corals,250,2015,0
corals,250,2016,0
corals,250,2017,0
corals,250,2018,0
corals,250,2019,0
corals,250,2020,7.905799641139515e-5
corals,250,2021,7.905799641139515e-5
corals,250,2022,7.905799641139515e-5
