rgn_id,year,Ap
5,2008,0.7867729545658871
5,2009,0.7989750190989554
5,2010,0.7785275946614161
5,2011,1
5,2012,0.9905717916662224
5,2013,0.9276192097866034
5,2014,0.8467631617334795
5,2015,0.8857754498686278
5,2016,0.9162546260990573
5,2017,0.9543402862552682
5,2018,0.9738001046529949
5,2019,1
5,2020,0.5419731791309685
5,2021,0.6397651229981823
6,2008,0.8036113196686021
6,2009,0.8936206891558433
6,2010,0.861948163022744
6,2011,0.8337350137665298
6,2012,0.9591981354774377
6,2013,0.9739384829260281
6,2014,0.9633201980844128
6,2015,0.7936737197643717
6,2016,0.8367839872613313
6,2017,0.9580126875190198
6,2018,1
6,2019,1
6,2020,0.19121095203951607
6,2021,0.21085196420399424
7,2008,0.6222783260320082
7,2009,0.6984082613812622
7,2010,0.7810756967813066
7,2011,0.8701110603410063
7,2012,0.9045719183850408
7,2013,0.9191762898448275
7,2014,0.7532910829828097
7,2015,0.8051604693666072
7,2016,0.859869897456801
7,2017,0.9471944603706796
7,2018,1
7,2019,1
7,2020,0.15945062112725442
7,2021,0.02477010248667435
8,2008,0.5810616929698709
8,2009,0.509325681492109
8,2010,0.6097560975609756
8,2011,0.7962697274031564
8,2012,0.860832137733142
8,2013,0.7747489239598279
8,2014,1
8,2015,1
8,2016,0.9899569583931134
8,2017,0.8823529411764707
8,2018,0.7604017216642754
8,2019,0.6743185078909613
8,2020,0.13199426111908177
8,2021,0.14903257061709324
9,2008,0.5856841014911736
9,2009,1
9,2010,1
9,2011,0.8061428413449582
9,2012,0.8708115484281957
9,2013,0.9554313007224058
9,2014,0.8016140077103519
9,2015,0.7048150923746413
9,2016,0.6701060164683286
9,2017,0.4354208811922152
9,2018,0.436195097441081
9,2019,0.4098324511684405
9,2020,0.1180645310626882
9,2021,0.13209695927780934
11,2008,0.934094505169043
11,2009,0.8453780610558985
11,2010,0.7235443909554887
11,2011,0.7311953278631534
11,2012,0.7371794871794871
11,2013,0.7852564102564102
11,2014,0.7852564102564102
11,2015,1
11,2016,0.8653846153846153
11,2017,0.9615384615384615
11,2018,1
11,2019,0.9775641025641024
11,2020,0.1923076923076923
11,2021,0.005608974358974358
13,2008,0.6952728993258986
13,2009,0.6386120569789948
13,2010,0.7203673508916643
13,2011,0.69564652193922
13,2012,0.8002084321865354
13,2013,0.8327452364149611
13,2014,0.8459186073864973
13,2015,0.88642672312397075
13,2016,0.9701246765466948
13,2017,1
13,2018,0.9720065866854858
13,2019,1
13,2020,0.19524817689955307
13,2021,0.0429075511644319
15,2008,0.30705097774160023
15,2009,0.3060258091839336
15,2010,0.3222209287671921
15,2011,0.3672702104304821
15,2012,0.40282500065024873
15,2013,0.44339612459860395
15,2014,0.5850600041621414
15,2015,0.6523278685745836
15,2016,0.7290956885127101
15,2017,0.9105445706147968
15,2018,1
15,2019,1
15,2020,0.25159779741223576
15,2021,0.3260434690088076
16,2008,0.8056597734642468
16,2009,0.7533900837128541
16,2010,0.7716185336066708
16,2011,0.7977676444706364
16,2012,0.7706847618165094
16,2013,0.7781592048629492
16,2014,0.8547767138676089
16,2015,0.8727082358593226
16,2016,0.9032850846810626
16,2017,0.9482143735667925
16,2018,1
16,2019,1
16,2020,0.5385522102286269
16,2021,0.6821815402333884
17,2008,0.6912356294766615
17,2009,0.7232736106778991
17,2010,0.8251284337277067
17,2011,0.9171446026089125
17,2012,0.9614760304984539
17,2013,0.9824649601175688
17,2014,1
17,2015,1
17,2016,0.97230455856123
17,2017,0.745388027860734
17,2018,0.7415833051951456
17,2019,0.8376206072991865
17,2020,0.2019880611942306
17,2021,0.08627800381945387
18,2008,0.6516605381463263
18,2009,0.6316710953460297
18,2010,0.7323404434507945
18,2011,0.7511081805804722
18,2012,0.7459033230472617
18,2013,0.7843337239812308
18,2014,0.8354049563861342
18,2015,0.8781275941502541
18,2016,0.918155540195332
18,2017,0.9595897149216991
18,2018,1
18,2019,1
18,2020,0.397178337975005
18,2021,0.3252949730005903
19,2008,0.6002952998085355
19,2009,0.5591187466222552
19,2010,0.5876583892532328
19,2011,0.4097433351771557
19,2012,0.3709384274957772
19,2013,0.43659857998693263
19,2014,0.47185128832896284
19,2015,0.8119815781210369
19,2016,0.850926088042856
19,2017,0.8559825699667728
19,2018,1
19,2019,1
19,2020,0.2031959728595691
19,2021,0.013383174006798585
20,2008,0.20194229733674712
20,2009,0.20224909300191188
20,2010,0.21610494862752172
20,2011,0.2209946984337881
20,2012,0.20285283258022366
20,2013,0.18995250732313634
20,2014,0.1970102627830996
20,2015,0.18437835419729673
20,2016,0.23029137484645576
20,2017,0.25822016813236986
20,2018,1
20,2019,1
20,2020,0.6000282826750046
20,2021,0.5861785980881298
24,2008,0.5633682180677387
24,2009,0.581401044314882
24,2010,0.6345775742075276
24,2011,0.6690361284252839
24,2012,0.7354649484727724
24,2013,0.7853610122695934
24,2014,0.827835439577604
24,2015,0.8803766245518369
24,2016,0.940463790383666
24,2017,0.9759860162835742
24,2018,1
24,2019,1
24,2020,0.48778903054627015
24,2021,0.2745465216964186
25,2008,0.6113981550502872
25,2009,0.5462374967162277
25,2010,0.6430983981124637
25,2011,0.7135742816132026
25,2012,0.7889008871582796
25,2013,0.685262147089904
25,2014,0.7079405761545704
25,2015,0.7955364409284209
25,2016,0.8712087563487563
25,2017,0.9582711622916342
25,2018,1
25,2019,1
25,2020,0.5000554279476098
25,2021,0.5955292547473207
28,2008,0.4382588095943144
28,2009,0.3346165235416049
28,2010,0.4530648504589872
28,2011,0.5567071365116967
28,2012,0.675155463429079
28,2013,0.648504589872668
28,2014,0.675155463429079
28,2015,0.6988451288125554
28,2016,0.7936037903464613
28,2017,0.8291382884216759
28,2018,1
28,2019,1
28,2020,0.20728457210541898
28,2021,0.8528279538051523
31,2008,0.44795113260371594
31,2009,0.44540595571392205
31,2010,0.4912191397302112
31,2011,0.5472130313056757
31,2012,0.6006617459913463
31,2013,0.6490201068974293
31,2014,0.66938152201578
31,2015,0.7762789513871213
31,2016,0.8449987274115549
31,2017,0.9697123950114532
31,2018,1
31,2019,1
31,2020,0.36625095444133365
31,2021,0.5195795593645136
37,2008,0.6749146507041671
37,2009,0.633064542839255
37,2010,0.6807974043263963
37,2011,0.7040198438753921
37,2012,0.7040198438753921
37,2013,0.7244473626614139
37,2014,0.7572773035675202
37,2015,0.839716932953965
37,2016,0.9301816590063471
37,2017,0.9790617932443277
37,2018,1
37,2019,1
37,2020,0.22543226088859705
37,2021,0.1311738527759539
39,2008,0.5717484538631323
39,2009,0.5391259309056455
39,2010,0.6389329648957888
39,2011,0.7388201537649834
39,2012,0.7480281105626698
39,2013,0.8648209035085599
39,2014,0.9064977658864076
39,2015,0.9035997536667486
39,2016,0.9175851683192084
39,2017,0.9687903816028904
39,2018,1
39,2019,1
39,2020,0.3719459767240093
39,2021,0.8740431565297161
40,2008,0.3905266562423592
40,2009,0.44095717059334727
40,2010,0.5369568104944487
40,2011,0.6388026497635451
40,2012,0.6596424352178367
40,2013,0.7031567466199968
40,2014,0.8619590490205014
40,2015,0.8436094303528295
40,2016,0.9627011195014636
40,2017,1
40,2018,1
40,2019,0.8756812575690709
40,2020,0.45407778427203055
40,2021,0.4857289801395745
41,2008,0.6655820515198927
41,2009,0.7674636498836723
41,2010,0.8976245011150442
41,2011,1
41,2012,0.9978182254739931
41,2013,0.9012582769814631
41,2014,0.807374480839823
41,2015,0.7516020820829564
41,2016,0.731699591247427
41,2017,0.6586883243585755
41,2018,1
41,2019,0.8550598135485731
41,2020,0.43640908801561185
41,2021,0.2704668506919899
42,2008,1
42,2009,0.4707573428346832
42,2010,0.5636389310257626
42,2011,0.6484035182348942
42,2012,0.7395655013038404
42,2013,0.5740593458918373
42,2014,0.6508625509534975
42,2015,0.7165996497494813
42,2016,0.8599985813519481
42,2017,0.7583922739660762
42,2018,0.873321247154524
42,2019,1
42,2020,0.2095522809072597
42,2021,0.033515042386547685
43,2008,0.48713896075422647
43,2009,0.6340581233752897
43,2010,0.6805028297877692
43,2011,0.774553389814198
43,2012,0.7835791536681472
43,2013,0.7347362283561529
43,2014,0.7485676038869643
43,2015,0.7596934582942203
43,2016,0.8477499727082871
43,2017,0.8909285035378591
43,2018,1
43,2019,1
43,2020,0.6489037311090864
43,2021,0.8118060265218409
46,2008,0.41038146121567753
46,2009,0.43693445984550366
46,2010,0.38100365569280276
46,2011,0.41553899887201085
46,2012,0.4423709400645943
46,2013,0.4616195257238191
46,2014,0.9688046094697405
46,2015,0.9634314267142083
46,2016,0.9584892227290291
46,2017,0.9537360632175385
46,2018,1
46,2019,1
46,2020,0.5307633529501309
46,2021,0.7955216942898724
47,2008,1
47,2009,1
47,2010,0.9984630749358276
47,2011,0.8063720599087146
47,2012,0.8484619262245174
47,2013,0.958816909234999
47,2014,0.9829517307949782
47,2015,0.35347211985450755
47,2016,0.3652331825163287
47,2017,0.3769449153603627
47,2018,0.3886984114331547
47,2019,0.40044062846924755
47,2020,0.11526476125736274
47,2021,0.1273908970074741
48,2008,0.601476516310588
48,2009,0.6757029519278025
48,2010,0.6177228407829517
48,2011,0.4327695051572947
48,2012,0.5234104116920899
48,2013,0.5904992929432744
48,2014,0.7019612288096985
48,2015,0.8538339444013585
48,2016,1
48,2017,0.9807472088669297
48,2018,0.9739574500978995
48,2019,1
48,2020,0.2734364506850569
48,2021,0.20488114628899196
49,2008,0.4523452546000074
49,2009,0.4388821035494591
49,2010,0.5266013454547687
49,2011,0.5852564934699381
49,2012,0.642240898741893
49,2013,0.6726026460847624
49,2014,0.7883587564170396
49,2015,0.8607062819990703
49,2016,0.9447345822213882
49,2017,0.9725827071649509
49,2018,1
49,2019,1
49,2020,0.3022112895964109
49,2021,0.33212864516565394
50,2008,0.8039424057822304
50,2009,0.8589165740454786
50,2010,0.53406261107129
50,2011,0.4783293827481332
50,2012,0.40077169816453
50,2013,0.39920609770426957
50,2014,0.6064972335604909
50,2015,1
50,2016,1
50,2017,0.8407265650522471
50,2018,0.8835153151216623
50,2019,0.9745523845547106
50,2020,0.7174589525007877
50,2021,0.9393223595497058
51,2008,0.8910167353901113
51,2009,1
51,2010,0.7166431152878934
51,2011,0.9200487634947726
51,2012,0.9999822272529421
51,2013,1
51,2014,0.6548437961055299
51,2015,0.605463964141084
51,2016,0.666720094702878
51,2017,0.6027927249640649
51,2018,0.6429736302095062
51,2019,0.48820873618458904
51,2020,0.2852521216076817
51,2021,0.28925407889435517
52,2008,0.9466500941445649
52,2009,0.9539320427307674
52,2010,0.9539320427307674
52,2011,0.9539320427307674
52,2012,0.9539320427307674
52,2013,0.9539320427307674
52,2014,0.9539320427307674
52,2015,0.9539320427307674
52,2016,0.9514528210334863
52,2017,1
52,2018,1
52,2019,0.9228411780577886
52,2020,0.2748975544825324
52,2021,0.6433822456873605
53,2008,1
53,2009,1
53,2010,0.929988700248463
53,2011,0.8540758940241553
53,2012,0.7345616089011283
53,2013,0.6350119425299713
53,2014,0.5350991033508875
53,2015,0.4344851521690046
53,2016,0.33297328340044496
53,2017,0.22970281752530516
53,2018,0.12505206569210023
53,2019,0.01980643589317838
53,2020,0
53,2021,0
54,2008,0.591175942340332
54,2009,0.576943857728172
54,2010,0.600236822827297
54,2011,0.6077090042156039
54,2012,0.6152805966431866
54,2013,0.6229022610540328
54,2014,0.6305719995115056
54,2015,0.8163757570101899
54,2016,0.8799609646513774
54,2017,0.9308022873689802
54,2018,0.938018286148476
54,2019,1
54,2020,0.9876390739339466
54,2021,1
56,2008,0.4656544526706378
56,2009,0.4767019500208893
56,2010,0.532485129683281
56,2011,0.6377101654285904
56,2012,0.7302129564437007
56,2013,0.7618678273777966
56,2014,0.7229067842686101
56,2015,0.7603388382690657
56,2016,0.8411475114181519
56,2017,0.93432419787226
56,2018,1
56,2019,1
56,2020,0.2990349893439304
56,2021,0.258596430457211
59,2008,0.7662608699563556
59,2009,0.7545363688265546
59,2010,0.8086267648476986
59,2011,0.8429294775989241
59,2012,0.8344084288190189
59,2013,0.8545222678934019
59,2014,0.8919261294358954
59,2015,0.9272884384036797
59,2016,0.869706963785046
59,2017,0.9458463130706904
59,2018,1
59,2019,1
59,2020,0.41142589355299064
59,2021,0.5882864583979576
61,2008,0.7097649062938604
61,2009,0.7648638181251056
61,2010,0.7945697224846194
61,2011,0.6488241331881475
61,2012,0.7870653722540638
61,2013,0.8232175297061147
61,2014,0.8174374347161663
61,2015,0.7397687737386319
61,2016,0.7742345405082125
61,2017,0.9582818250722963
61,2018,1
61,2019,1
61,2020,0.3684582298809469
61,2021,0.5080255267828553
62,2008,0.5766918163197206
62,2009,0.6170426663438281
62,2010,0.6831107803216967
62,2011,0.7077114976525868
62,2012,0.7363998435666459
62,2013,0.7859551873239189
62,2014,0.8069361595961413
62,2015,0.8344507596938721
62,2016,0.8786138180772295
62,2017,0.9595730401716929
62,2018,1
62,2019,1
62,2020,0.3308512930951011
62,2021,0.5262528886932234
64,2008,0.5299247819254604
64,2009,0.5755678322154627
64,2010,0.6202590877054276
64,2011,0.6674872321526101
64,2012,0.7136978369707371
64,2013,0.7611721372930705
64,2014,0.8103306109885973
64,2015,0.8592278993671263
64,2016,0.9115492861822312
64,2017,0.9636945983989497
64,2018,1
64,2019,1
64,2020,0.30941536782202567
64,2021,0.34054658525201015
65,2008,0.24729223720386345
65,2009,0.24025009833206215
65,2010,0.1546621517368758
65,2011,0.18224629566192627
65,2012,0.27259682229231297
65,2013,0.299488323436937
65,2014,0.2753996581146035
65,2015,0.7985927529867602
65,2016,0.8113003289710438
65,2017,0.953142584711391
65,2018,1
65,2019,1
65,2020,0.4643442186605271
65,2021,0.6110272938360528
66,2008,0.5669768324382373
66,2009,0.5445594806074402
66,2010,0.5798378362018402
66,2011,0.6102885345792731
66,2012,0.6107298092372068
66,2013,0.6536662414404
66,2014,0.6151935818800688
66,2015,0.7191864944723663
66,2016,0.8836209528649672
66,2017,1
66,2018,1
66,2019,0.9997440213713317
66,2020,0.4493484870886386
66,2021,0.540481310115362
67,2008,0.9137332618748032
67,2009,0.9126751862857744
67,2010,0.9117876922191371
67,2011,0.9613636079951859
67,2012,1
67,2013,1
67,2014,0.990260275878703
67,2015,0.9799685718849653
67,2016,0.9833134440716963
67,2017,0.985734635093142
67,2018,0.9876682745643455
67,2019,0.9908957504473423
67,2020,0.4927655668388194
67,2021,0.6101739063746787
68,2008,0.6295691862281595
68,2009,0.5932911569541008
68,2010,0.6557433917430286
68,2011,0.6720816649375342
68,2012,0.6841493662463117
68,2013,0.7285309639334648
68,2014,0.7662552166694772
68,2015,0.7916805786572564
68,2016,0.8321744449420049
68,2017,0.9361721551343758
68,2018,1
68,2019,1
68,2020,0.3264581612913848
68,2021,0.43205734431402104
69,2008,0.8820660087224295
69,2009,0.6477283934133414
69,2010,0.6947243488528693
69,2011,0.7681937366624594
69,2012,0.8716579971364927
69,2013,0.7971310759699511
69,2014,0.9477138790766387
69,2015,0.9618850286785778
69,2016,0.9039023242657215
69,2017,0.9758938462278365
69,2018,1
69,2019,1
69,2020,0.5168308676735741
69,2021,0.5012406979257883
70,2008,0.6673276497115539
70,2009,0.6239277960459773
70,2010,0.7066073920299377
70,2011,0.7904097219594034
70,2012,0.8277751591187079
70,2013,0.8765704156754177
70,2014,0.903791674544246
70,2015,0.8816247708948164
70,2016,0.942414414230919
70,2017,0.9913864103362747
70,2018,1
70,2019,1
70,2020,0.5363142854202538
70,2021,0.5569557007258092
71,2008,0.665062185670267
71,2009,0.6242932381455805
71,2010,0.6383106197603546
71,2011,0.6958354952611973
71,2012,0.7337917686638913
71,2013,0.7826377434184785
71,2014,0.8289871239846989
71,2015,0.8407852526152567
71,2016,0.9711869716072211
71,2017,1
71,2018,1
71,2019,0.9819379875629097
71,2020,0.4582507978877043
71,2021,0.6576177553577046
72,2008,0.9629927017623895
72,2009,0.8561888195047813
72,2010,0.8109735765450026
72,2011,0.8796456646032363
72,2012,0.9195015472506823
72,2013,0.9161725960178072
72,2014,0.9339492230293368
72,2015,1
72,2016,1
72,2017,0.9719042585184793
72,2018,0.9334423963328305
72,2019,0.8786865086646827
72,2020,0.37040066466212773
72,2021,0.5538714287188751
73,2008,0.2575457327808689
73,2009,0.2040914194283037
73,2010,0.7997891494580435
73,2011,0.8088962943008604
73,2012,0.8189202680462286
73,2013,0.8262041466826489
73,2014,0.8343775553194871
73,2015,0.8333018583201343
73,2016,0.5073228143954056
73,2017,0.5830949512636833
73,2018,1
73,2019,1
73,2020,0.6672220443102974
73,2021,0.8600669122417879
74,2008,0.659783745698542
74,2009,0.6588645098736546
74,2010,0.6568330721991819
74,2011,0.7733911114330208
74,2012,0.8674017779988725
74,2013,0.9256165523280155
74,2014,0.9237559999135431
74,2015,0.7975153902534476
74,2016,0.9597166002120936
74,2017,0.8285061459576176
74,2018,1
74,2019,1
74,2020,0.41942219070717307
74,2021,0.6109592990232589
75,2008,1
75,2009,0.8784761026524858
75,2010,0.8974388118517455
75,2011,0.8946712981098962
75,2012,0.9552768894482581
75,2013,1
75,2014,0.6094071566019895
75,2015,0.5950446826694545
75,2016,0.6415538922729564
75,2017,0.6694414945908299
75,2018,0.6588250628624194
75,2019,0.647568365347402
75,2020,0.22761750929558727
75,2021,0.2942483541123587
76,2008,0.42832982327529573
76,2009,0.44516128784558806
76,2010,0.45944935703853645
76,2011,0.5187713258887614
76,2012,0.5515425761134772
76,2013,0.5954614593680542
76,2014,0.6084765015718514
76,2015,0.6505242189691461
76,2016,0.90189953262815
76,2017,0.9376236485397048
76,2018,1
76,2019,1
76,2020,0.5850297917429277
76,2021,0.9196288216345635
77,2008,0.7614616311449104
77,2009,0.8393151353821382
77,2010,1
77,2011,0.6512226892902043
77,2012,0.6910079748823348
77,2013,0.8129265474841173
77,2014,0.9277095585668036
77,2015,0.9227935770898312
77,2016,0.9574255286990838
77,2017,1
77,2018,0.9672260244429634
77,2019,0.9234342190410046
77,2020,0.3635533491880233
77,2021,0.42353930431004383
78,2008,0.59352764496238
78,2009,0.824427279549229
78,2010,0.9768219909225737
78,2011,0.7902962331206289
78,2012,0.6772334604819594
78,2013,0.6114416992127106
78,2014,0.6227586623984749
78,2015,0.721615866918846
78,2016,0.8220540211151622
78,2017,0.9283092258180783
78,2018,1
78,2019,1
78,2020,0.22368741233340803
78,2021,0.4808739057409013
79,2008,0.7966881115055644
79,2009,0.8044378849956407
79,2010,0.8395967838440015
79,2011,0.839425832958191
79,2012,0.8703109596612894
79,2013,0.8945290018177776
79,2014,0.9054698585096501
79,2015,0.926667768350153
79,2016,0.9378365595564394
79,2017,0.9801753956088415
79,2018,1
79,2019,1
79,2020,0.4460678447082153
79,2021,0.8611935790847288
80,2008,0.7176676726231007
80,2009,0.7281918625608427
80,2010,0.6967123707502346
80,2011,0.6944361583593128
80,2012,0.6131051190331038
80,2013,0.6786035581725601
80,2014,0.7718355876961793
80,2015,0.8116842372238345
80,2016,0.8561007781974543
80,2017,0.9133322771094775
80,2018,1
80,2019,1
80,2020,0.3512434604585853
80,2021,0.5686544621209082
81,2008,0.7530963369340415
81,2009,0.7288126590991392
81,2010,0.7372147189877001
81,2011,0.743791943567121
81,2012,0.7405665857120418
81,2013,0.6897113578160203
81,2014,0.6853334671850646
81,2015,0.7340791695855468
81,2016,0.8494966726695736
81,2017,0.9446759640777644
81,2018,1
81,2019,1
81,2020,0.36443027498153163
81,2021,0.7327438022400747
82,2008,0.22629697477978158
82,2009,0.2930764681823811
82,2010,0.3677924366084087
82,2011,0.41308086857739895
82,2012,0.4845888794438374
82,2013,0.4366612965508741
82,2014,0.5130007593882151
82,2015,0.5978175256626874
82,2016,0.7198058356045367
82,2017,0.8123596088434509
82,2018,0.9267046439278745
82,2019,1
82,2020,0.5168388448290757
82,2021,1
96,2008,0.577441035177626
96,2009,0.5942951070176891
96,2010,0.6264648107797359
96,2011,0.8353964582891052
96,2012,0.9639662595123878
96,2013,1
96,2014,0.7070027832506584
96,2015,0.38576534445654626
96,2016,0.8851608737420734
96,2017,0.8212884815050795
96,2018,0.9184390281059115
96,2019,1
96,2020,0.38687915322255045
96,2021,0.6305045228068908
98,2008,0.1306942274218145
98,2009,0.3103786922626305
98,2010,0.37123697019518914
98,2011,0.6204945916925131
98,2012,0.36418353351342864
98,2013,0.4699444460968709
98,2014,0.5706471768483529
98,2015,0.5407055837368454
98,2016,0.7697038498541899
98,2017,0.8616731504688157
98,2018,1
98,2019,1
98,2020,0.782082595387886
98,2021,0.877940109017052
99,2008,0.996494371666823
99,2009,0.9714306023211812
99,2010,0.9659210117000845
99,2011,0.9647652269966004
99,2012,0.9658555167980036
99,2013,0.9663822719689289
99,2014,0.9659809997247898
99,2015,0.9703569418797618
99,2016,0.9748152484666219
99,2017,0.9841746501610698
99,2018,0.993000446803882
99,2019,1
99,2020,0.9966583568341896
99,2021,1
100,2008,0.21240212407382927
100,2009,0.31416728646968456
100,2010,0.48031476620883645
100,2011,0.5670559536153981
100,2012,0.6847372864385721
100,2013,0.9826488773520784
100,2014,1
100,2015,1
100,2016,0.6000318543571217
100,2017,0.3987945845880842
100,2018,0.442269372342672
100,2019,0.4206939481793344
100,2020,0.20384502455527215
100,2021,0.2508091327802097
101,2008,0.692498636423196
101,2009,0.7150658840397223
101,2010,0.7298678885850898
101,2011,0.761323553094625
101,2012,0.7931900060094985
101,2013,0.8317038835900292
101,2014,0.8779394282175238
101,2015,0.910673214307907
101,2016,0.9489179025927427
101,2017,0.9770617771395372
101,2018,1
101,2019,1
101,2020,0.5169446016096798
101,2021,0.6607894919362154
102,2008,1
102,2009,0.6725562942721013
102,2010,0.8407878599811582
102,2011,0.7297145326127756
102,2012,0.7180372008482456
102,2013,1
102,2014,0.7551589121708382
102,2015,0.6883807682614019
102,2016,0.6570180748565204
102,2017,0.5933670292430712
102,2018,0.691811996510758
102,2019,0.9900088809957197
102,2020,0.49386012384964556
102,2021,0.5307262116893424
103,2008,0.44445998737179615
103,2009,0.46498565520748075
103,2010,0.24441434100366216
103,2011,0.37321925307452125
103,2012,0.7842365863495521
103,2013,0.7854715021868239
103,2014,0.7870289357947806
103,2015,0.7889715087102012
103,2016,0.8944416260745387
103,2017,0.8985303752332837
103,2018,1
103,2019,1
103,2020,0.33632640331242625
103,2021,0.4651280609350747
106,2008,0.7710452450944273
106,2009,0.8387198733239655
106,2010,0.9210575953135091
106,2011,0.8553099962236718
106,2012,0.9092711481424189
106,2013,0.968578709116353
106,2014,0.8634174116469447
106,2015,0.910392276230918
106,2016,0.9458640822557897
106,2017,0.9361114163565456
106,2018,1
106,2019,1
106,2020,0.3619758830396472
106,2021,0.7603341214880509
108,2008,1
108,2009,0.8865402677384151
108,2010,0.8751638174678084
108,2011,0.8924985424606026
108,2012,0.8688393425114674
108,2013,0.8756199894269749
108,2014,0.8241972180497729
108,2015,0.8031989329603555
108,2016,0.8962965604350516
108,2017,0.997961336792791
108,2018,1
108,2019,0.9848787066375718
108,2020,0.1534939831853605
108,2021,0.2637692625334177
110,2008,0.8889262801782615
110,2009,0.8113449361164039
110,2010,0.8398639412240544
110,2011,0.8279158158113911
110,2012,0.8777857434243164
110,2013,0.8490428500711192
110,2014,0.8951122078165767
110,2015,0.9319862271336138
110,2016,0.9364378437321258
110,2017,0.9100728004836984
110,2018,1
110,2019,1
110,2020,0.278048836261832
110,2021,0.562402634797175
111,2008,0.8777985143659219
111,2009,0.8753047685864733
111,2010,0.7007425640250684
111,2011,0.8827860059248193
111,2012,0.7274256438651688
111,2013,0.7118817724096494
111,2014,0.8591991381387969
111,2015,0.9046536318851394
111,2016,1
111,2017,0.922197799852262
111,2018,0.9518690931043733
111,2019,1
111,2020,0.3423914810308446
111,2021,0.8273116024637995
112,2008,0.6646212088302929
112,2009,0.6831325529041253
112,2010,0.686324018961186
112,2011,0.7042317383156819
112,2012,0.7180141699291861
112,2013,0.7512519399153493
112,2014,0.7640166189526826
112,2015,0.8433687028064644
112,2016,1
112,2017,0.9904076417623499
112,2018,0.9746817582268584
112,2019,1
112,2020,0.3629391795278499
112,2021,0.39620466991355363
113,2008,0.7003068768370553
113,2009,0.6286583184807889
113,2010,0.6656382195678942
113,2011,0.7141743397447199
113,2012,0.7442205093779928
113,2013,0.7969927904467882
113,2014,0.8780187198790697
113,2015,0.876038199049358
113,2016,0.8683431220468679
113,2017,0.9350356149116514
113,2018,1
113,2019,1
113,2020,0.267645049540186
113,2021,0.037493406097889884
114,2008,0.5520703627075451
114,2009,0.8274144777008071
114,2010,0.54714263008728925
114,2011,0.7513449201412391
114,2012,0.750608583590421
114,2013,0.9025888865578203
114,2014,0.9990567576020302
114,2015,1
114,2016,0.9541583614207674
114,2017,1
114,2018,0.9567690357159032
114,2019,0.6117153235557474
114,2020,0.4339449979323806
114,2021,0.312483321936836
115,2008,0.6153316232993675
115,2009,0.6184633822050578
115,2010,0.6401846796430295
115,2011,0.6691855303136923
115,2012,0.7101245977746166
115,2013,0.730960811374085
115,2014,0.8025460168739884
115,2015,0.8755542607327443
115,2016,0.9327191303737388
115,2017,0.9697091841962328
115,2018,1
115,2019,1
115,2020,0.3784403591735949
115,2021,0.7774789039909306
116,2008,1
116,2009,0.8797840565433104
116,2010,0.8845149301674838
116,2011,0.8539426693799594
116,2012,0.8711868781945479
116,2013,0.8886673090476922
116,2014,0.9120532908647366
116,2015,0.9883530093183264
116,2016,1
116,2017,0.9562268120747097
116,2018,0.8147298109796625
116,2019,0.8726042104258839
116,2020,0.6897919747873913
116,2021,0.8124857016133804
117,2008,0.8677305510543895
117,2009,0.7720176389889791
117,2010,0.8340053442438474
117,2011,0.8597188617572471
117,2012,0.8966529674061611
117,2013,0.9363008442056793
117,2014,0.9874648247633666
117,2015,1
117,2016,1
117,2017,0.8569966743412638
117,2018,0.49117421335379896
117,2019,0.7735993860322333
117,2020,0.21233051931440267
117,2021,0.1432591455615247
119,2008,1
119,2009,0.6720647773279351
119,2010,0.7935222672064777
119,2011,0.8421052631578947
119,2012,0.8421052631578947
119,2013,0.8663967611336032
119,2014,0.9149797570850201
119,2015,0.9554655870445343
119,2016,0.9392712550607286
119,2017,0.9311740890688258
119,2018,1
119,2019,0.97165991902834
119,2020,0.242914979757085
119,2021,0.16356275303643722
120,2008,0.9921671018276761
120,2009,0.8728086534875047
120,2010,0.8578888474449832
120,2011,0.8989183140619171
120,2012,0.9212980231256992
120,2013,0.9063782170831778
120,2014,0.92875792614696
120,2015,0.9324878776575903
120,2016,0.9884371503170458
120,2017,0.9212980231256992
120,2018,1
120,2019,1
120,2020,0.46624393882879517
120,2021,0.6318537859007832
122,2008,0.7545245985215395
122,2009,0.7086413459087433
122,2010,0.7800152944175376
122,2011,0.7953097119551362
122,2012,0.7825643640071374
122,2013,0.8131531990823349
122,2014,0.861585521284731
122,2015,0.8794290084119296
122,2016,0.887076217180729
122,2017,0.9839408615855212
122,2018,1
122,2019,1
122,2020,0.3331633953606933
122,2021,0.5072648483303595
123,2008,0.9956976029502151
123,2009,0.9219422249539029
123,2010,0.9465273509526736
123,2011,0.9342347879532882
123,2012,0.9711124769514443
123,2013,0.9588199139520589
123,2014,1
123,2015,0.9219422249539029
123,2016,0.9588199139520589
123,2017,0.8850645359557467
123,2018,0.7744314689612783
123,2019,1
123,2020,0.2704363859864781
123,2021,0.18438844499078055
124,2008,0.8679706601466992
124,2009,0.7930929095354523
124,2010,0.812958435207824
124,2011,0.8679706601466992
124,2012,0.8190709046454767
124,2013,0.7778117359413202
124,2014,0.7961491442542786
124,2015,0.9046454767726161
124,2016,0.9657701711491442
124,2017,1
124,2018,1
124,2019,0.7992053789731051
124,2020,0.3169315403422983
124,2021,0.22127139364303178
125,2008,0.7476510264527821
125,2009,0.6533306554384586
125,2010,0.6281111309907244
125,2011,0.6713822018520751
125,2012,0.7079929061175162
125,2013,0.72150579676300175
125,2014,0.841551915945644
125,2015,0.8657177693366516
125,2016,0.8682867608041418
125,2017,0.9321216128716812
125,2018,1
125,2019,1
125,2020,0.29824342558406297
125,2021,0.2566589022230678
126,2008,0.46557597437469106
126,2009,0.4568788552279547
126,2010,0.49605967449766997
126,2011,0.4380892358329874
126,2012,0.48396793959761486
126,2013,0.4734132596415484
126,2014,1
126,2015,1
126,2016,0.9741876938970513
126,2017,0.8217748621974936
126,2018,0.7265023938350896
126,2019,0.8276648403179421
126,2020,0.3911413428641869
126,2021,0.37512463579750904
127,2008,1
127,2009,1
127,2010,0.955017458718627
127,2011,0.968281590089719
127,2012,0.955017458718627
127,2013,0.9152250646053508
127,2014,0.8886968018631668
127,2015,0.9284891959764429
127,2016,0.968281590089719
127,2017,0.9152250646053508
127,2018,0.955017458718627
127,2019,0.9948098528319034
127,2020,0.28021741882416723
127,2021,0.22015989232585903
129,2008,0.6639133666966875
129,2009,0.6382598521902432
129,2010,0.7035023243317245
129,2011,0.7820710381440341
129,2012,0.8517956284787329
129,2013,0.8783721499885809
129,2014,0.9233140738445088
129,2015,1
129,2016,1
129,2017,0.9698238688426747
129,2018,0.9375702100163014
129,2019,0.9195318749248649
129,2020,0.2171545890834411
129,2021,0.3199215551166719
130,2008,0.6825615499854151
130,2009,0.6296668152262666
130,2010,0.6893629971301634
130,2011,0.7205878006031785
130,2012,0.7714588453258291
130,2013,0.8009808199018187
130,2014,0.8355787972813685
130,2015,0.8818772098032817
130,2016,0.971474194416707
130,2017,0.9850865556965571
130,2018,1
130,2019,1
130,2020,0.3398556682412113
130,2021,0.4496494504836711
131,2008,0.6259537982589454
131,2009,0.6623808699800522
131,2010,0.6952619025622764
131,2011,0.7397767778088795
131,2012,0.8284969434901901
131,2013,0.8499737177064552
131,2014,0.9165997278350569
131,2015,0.948625544800191
131,2016,1
131,2017,1
131,2018,0.8712622950359871
131,2019,0.8766433411366044
131,2020,0.3969522651561856
131,2021,0.36670949983349527
132,2008,0.6235742491513417
132,2009,0.6260366459868075
132,2010,0.735055475784784
132,2011,0.7182795586811673
132,2012,0.7616451644354292
132,2013,0.8050481213380705
132,2014,0.8183844506914477
132,2015,0.8452767391645424
132,2016,0.8011341253451524
132,2017,0.9620746925078354
132,2018,1
132,2019,1
132,2020,0.3398497044311091
132,2021,0.5510065544513333
133,2008,1
133,2009,0.960838158097608
133,2010,0.9864450970245318
133,2011,0.9890391227254282
133,2012,1
133,2013,0.968258648353782
133,2014,0.968513482151979
133,2015,0.9767250244019132
133,2016,0.9253688950258863
133,2017,0.9340026653234755
133,2018,0.9262645786938111
133,2019,0.7880861667079458
133,2020,0.22112436367398128
133,2021,0.48995036709958245
134,2008,0.8227805363785446
134,2009,0.6660881446149425
134,2010,0.7018758882710147
134,2011,0.7239398452467727
134,2012,0.7660582237283737
134,2013,0.7846855406283094
134,2014,0.8218491226059208
134,2015,0.8565845449075584
134,2016,0.8783065579947357
134,2017,0.9495543433306995
134,2018,1
134,2019,1
134,2020,0.3730891214783711
134,2021,0.7591702703981572
135,2008,0.6848389396581581
135,2009,0.6504089765554749
135,2010,0.6978804542787281
135,2011,0.7337918712379229
135,2012,0.7605122991754388
135,2013,0.7665598971252939
135,2014,0.7998836505486436
135,2015,0.8686542548821918
135,2016,0.9211425562546668
135,2017,0.9631580444791786
135,2018,1
135,2019,1
135,2020,0.5110792761511874
135,2021,0.7638396691396253
136,2008,0.8701482863013907
136,2009,0.6022441055128768
136,2010,0.6399251917864063
136,2011,0.6645468365893961
136,2012,0.6886998504392692
136,2013,0.7036170937548377
136,2014,0.7893415632280594
136,2015,0.8494024933813162
136,2016,0.9154625478407774
136,2017,0.9603086746446811
136,2018,1
136,2019,1
136,2020,0.23005012152089535
136,2021,0.3449023152916154
138,2008,0.4253507253863857
138,2009,0.4694549638767689
138,2010,0.5567408645741109
138,2011,0.6467423948293635
138,2012,0.7381207865108039
138,2013,0.8310663648975674
138,2014,0.8583379833853866
138,2015,0.8826282774775578
138,2016,0.9351814837232344
138,2017,0.9563126321344537
138,2018,1
138,2019,1
138,2020,0.8093604034539543
138,2021,0.9145395276091283
139,2008,0.9566462422744039
139,2009,0.8531641892873613
139,2010,0.831177036825545
139,2011,0.8935568792921377
139,2012,0.8528662869563803
139,2013,1
139,2014,1
139,2015,0.7618966379208083
139,2016,0.8557377323332399
139,2017,0.8653667250901443
139,2018,0.4270167256624449
139,2019,0
139,2020,0
139,2021,0
143,2008,0.3409472440729355
143,2009,0.33119567038811804
143,2010,0.3358522605489807
143,2011,0.37048182935803103
143,2012,0.42109301979213143
143,2013,0.49040414760815243
143,2014,0.5623466895646853
143,2015,0.6683081727041502
143,2016,0.8894480562960307
143,2017,1
143,2018,1
143,2019,0.9191884661906662
143,2020,0.43257160811016165
143,2021,0.6203533371098031
147,2008,0.8903058401853432
147,2009,0.7295851576230757
147,2010,0.7054390664039009
147,2011,0.7509461665513517
147,2012,0.7834120056175552
147,2013,0.7645296234679496
147,2014,0.8473226369291442
147,2015,0.8647065260252594
147,2016,0.9054770278723221
147,2017,0.9412463705928601
147,2018,1
147,2019,1
147,2020,0.3664162878149663
147,2021,0.3922245055125287
151,2008,1
151,2009,1
151,2010,0.9880239520958084
151,2011,0.9666381522668948
151,2012,0.9666381522668948
151,2013,0.8896492728828058
151,2014,0.9238665526090676
151,2015,0.8682634730538922
151,2016,0.8597091531223269
151,2017,0.8554319931565441
151,2018,0.8639863130881095
151,2019,0.8212147134302823
151,2020,0.03849443969204448
151,2021,0.043463444949279666
152,2008,0.7581461807650616
152,2009,0.7833822383792732
152,2010,0.7824947177395409
152,2011,0.7753997500995552
152,2012,0.806361109999435
152,2013,0.7412318522455836
152,2014,0.7681819724350886
152,2015,0.8154708725077459
152,2016,0.8506858002245824
152,2017,0.9231464542994858
152,2018,1
152,2019,1
152,2020,0.1436633416796609
152,2021,0.01588643662534605
155,2008,0.7811730556363181
155,2009,0.7168655368383272
155,2010,0.7415895908787509
155,2011,0.7258268289374799
155,2012,0.7518641446473692
155,2013,0.7707573303403507
155,2014,0.8128549892525919
155,2015,0.8750813272608978
155,2016,0.9612882238126219
155,2017,1
155,2018,0.8783344176968119
155,2019,1
155,2020,0.14638906961613532
155,2021,0.003253090435914118
162,2008,0.7955646290938024
162,2009,0.8622840381604733
162,2010,0.8696326480581278
162,2011,0.881554753553529
162,2012,0.8919755716647982
162,2013,0.9162521115823199
162,2014,0.9651848471398802
162,2015,0.9891042574675816
162,2016,1
162,2017,0.9972015738184098
162,2018,1
162,2019,0.3328006618945532
162,2020,0.14504754106818776
162,2021,0.7654173534778022
163,2008,0.8702344211664483
163,2009,0.8399913069396373
163,2010,0.8686288241296003
163,2011,0.8836809131815351
163,2012,0.8973196743542576
163,2013,0.9106916234797904
163,2014,0.931925758248876
163,2015,0.9608443430615775
163,2016,0.9699272541461635
163,2017,0.9868617541991255
163,2018,1
163,2019,1
163,2020,0.6758243223621123
163,2021,0.8611063015852586
164,2008,0.6747698207852227
164,2009,0.6145342243969686
164,2010,0.6140267431539869
164,2011,0.609136194761017
164,2012,0.6522994531493895
164,2013,0.669872236465364
164,2014,0.7127738544053588
164,2015,0.7381349479666898
164,2016,0.8274896844230808
164,2017,0.906932720646855
164,2018,1
164,2019,1
164,2020,0.2184035511291229
164,2021,0.361163418701959
166,2008,0.7250718096019695
166,2009,0.7513336068937216
166,2010,0.7886745999179318
166,2011,0.8009848173984405
166,2012,0.8149363972096838
166,2013,0.8239417716186049
166,2014,0.8530105146908783
166,2015,0.8708070176477579
166,2016,0.8953615648123425
166,2017,0.9655313910545752
166,2018,1
166,2019,1
166,2020,0.36126384899466546
166,2021,0.6007386130488304
167,2008,0.4763405335167215
167,2009,0.519533239459251
167,2010,0.5635272547034013
167,2011,0.5863355305905256
167,2012,0.6628141957614717
167,2013,0.7472267554328664
167,2014,0.7676461216101758
167,2015,0.769159872560741
167,2016,0.8717884595978568
167,2017,0.9147059682778477
167,2018,1
167,2019,1
167,2020,0.3101112371230921
167,2021,0.5623264021825176
168,2008,0.5361627878468898
168,2009,0.535740757781304
168,2010,0.7267113484164699
168,2011,0.7789043440318155
168,2012,0.8488204782923904
168,2013,0.8799452365159155
168,2014,0.8900048687052914
168,2015,0.804680682833412
168,2016,0.9016690992205759
168,2017,0.9769944373526911
168,2018,1
168,2019,1
168,2020,0.29928173485779447
168,2021,0.334650673420209
171,2008,0.8115170243260487
171,2009,0.8118571344385582
171,2010,0.8147291229761124
171,2011,0.8164541232940795
171,2012,0.8441062075164434
171,2013,0.8715520908723141
171,2014,0.9010746740369311
171,2015,0.9275916160125774
171,2016,0.9548757002106986
171,2017,0.9814622445625342
171,2018,1
171,2019,1
171,2020,0.667103189089502
171,2021,0.8503097435135554
172,2008,0.8375414171269608
172,2009,0.761231523825212
172,2010,0.8967389750038098
172,2011,0.9296063609514673
172,2012,0.9399954925836623
172,2013,0.9145470956763561
172,2014,0.9462048737832265
172,2015,0.972342235855085
172,2016,0.9584164588271039
172,2017,0.9943692032415575
172,2018,1
172,2019,1
172,2020,0.3405798721148209
172,2021,0.5828542353795674
173,2008,0.856225273754188
173,2009,0.8709401148307988
173,2010,0.9054443942580028
173,2011,0.9629614708562646
173,2012,0.9471481262730583
173,2013,0.9476638264709164
173,2014,0.9492590381661582
173,2015,0.9608508922526809
173,2016,0.9920438836471794
173,2017,1
173,2018,0.9653040421051375
173,2019,1
173,2020,0.5322892706431696
173,2021,0.6729976639541676
174,2008,0.9282214736428771
174,2009,0.8950047827962292
174,2010,0.9446542556630657
174,2011,0.9937417579019939
174,2012,1
174,2013,0.8989216326026457
174,2014,0.8797992106134854
174,2015,0.8951495014951973
174,2016,0.9203119119885855
174,2017,0.9734842039750256
174,2018,0.9912249138984522
174,2019,1
174,2020,0.6305810378182305
174,2021,0.7993112824819321
175,2008,0.7256112844759829
175,2009,0.6750823028543252
175,2010,0.7016906273859975
175,2011,0.6831118512360214
175,2012,0.7188786391317038
175,2013,0.7338720608931237
175,2014,0.8294226057400511
175,2015,0.8625819784444635
175,2016,0.8921034662013204
175,2017,0.9821404566647327
175,2018,1
175,2019,1
175,2020,0.6171626335108897
175,2021,0.7762451584426385
176,2008,0.7606717150801948
176,2009,0.7586422107798352
176,2010,0.7929639428951691
176,2011,0.8503026442242299
176,2012,0.8791939703934317
176,2013,0.8895662490223589
176,2014,0.9139121974619966
176,2015,0.9354183854067746
176,2016,0.9552453699945217
176,2017,0.9826400333165531
176,2018,1
176,2019,1
176,2020,0.5859339337901076
176,2021,0.5977609177805959
177,2008,0.6641982497518847
177,2009,0.644958045563601
177,2010,0.6790499744814917
177,2011,0.6974598857888837
177,2012,0.7181178973459966
177,2013,0.7620759166552143
177,2014,0.8054581638940271
177,2015,0.8369000976828037
177,2016,0.8917040765716537
177,2017,0.9666353991802421
177,2018,1
177,2019,1
177,2020,0.610797932235063
177,2021,0.6633358340914994
178,2008,0.5445675187263311
178,2009,0.5214985356268798
178,2010,0.572424559159452
178,2011,0.6255546912968765
178,2012,0.672161557519958
178,2013,0.7119033733096589
178,2014,0.7637066097066745
178,2015,0.8259253416417954
178,2016,0.89668410581789
178,2017,0.9498111223294806
178,2018,1
178,2019,1
178,2020,0.5841902909971628
178,2021,0.7231262169287793
179,2008,0.8986823601377563
179,2009,0.882119307287563
179,2010,0.8939945435318304
179,2011,0.9332138567243797
179,2012,0.93281855377696
179,2013,0.9338623636025318
179,2014,0.940746123570282
179,2015,0.9457813413351306
179,2016,0.9543770156816371
179,2017,0.9905785593756368
179,2018,1
179,2019,1
179,2020,0.8139359120942339
179,2021,0.9990359503617864
180,2008,1
180,2009,1
180,2010,0.9945675637894952
180,2011,0.8758133179629154
180,2012,0.8994045810963361
180,2013,0.9097048052524
180,2014,0.9000182248265469
180,2015,0.9169008488244393
180,2016,0.9338640609987955
180,2017,0.9506334642362493
180,2018,0.9692913627009637
180,2019,0.9601093418943303
180,2020,0.5156383989336172
180,2021,0.6110728273220225
181,2008,0.8178632167747396
181,2009,0.7662346069888989
181,2010,0.7168770348367051
181,2011,0.7079062680189048
181,2012,0.7635486406769866
181,2013,0.7822341489578865
181,2014,0.8877961445587478
181,2015,0.8594967843335238
181,2016,0.8829264241921151
181,2017,0.9026510241355519
181,2018,0.9477562086360688
181,2019,0.9779615753368167
181,2020,1
181,2021,1
182,2008,0.8512002365860345
182,2009,0.8122937644038241
182,2010,0.8390499468896138
182,2011,0.8441520907320894
182,2012,0.8017907684398686
182,2013,0.8123157401664528
182,2014,0.856024851037583
182,2015,0.8999273556889024
182,2016,0.956460002507615
182,2017,0.9964653222491157
182,2018,1
182,2019,1
182,2020,0.3488428909930622
182,2021,0.6060207922228946
183,2008,0.6232278106413442
183,2009,0.615301592223392
183,2010,0.6440289095613951
183,2011,0.6481232443906573
183,2012,0.624548895742454
183,2013,0.6370966330942814
183,2014,0.7295986190670138
183,2015,0.7918006302744266
183,2016,0.8706951348975164
183,2017,0.9606399196131796
183,2018,1
183,2019,1
183,2020,0.46922159956975174
183,2021,0.6612027882133817
184,2008,0.9458768923298592
184,2009,0.9387747526419532
184,2010,0.9383982858753858
184,2011,0.9507963244756992
184,2012,0.9133398613429494
184,2013,0.8865210059490067
184,2014,0.8779896917201894
184,2015,0.9177697501914834
184,2016,0.9380006145260206
184,2017,0.9840058197443151
184,2018,1
184,2019,1
184,2020,0.5605651867220451
184,2021,0.7112178881026933
185,2008,0.9469266179258056
185,2009,0.7871649065800163
185,2010,0.8250744652044409
185,2011,0.8683996750609261
185,2012,0.8602761982128352
185,2013,0.9577579203899269
185,2014,0.9604657460059572
185,2015,0.965881397238018
185,2016,0.9450311399945844
185,2017,1
185,2018,0.982940698619009
185,2019,1
185,2020,0.4738694828053074
185,2021,0.6347143243975089
186,2008,0.529617560437368
186,2009,0.5293660353975049
186,2010,0.5517750935055337
186,2011,0.5841248620978835
186,2012,0.6102562323332902
186,2013,0.6199392213318973
186,2014,0.6197267710522402
186,2015,0.7175821243654312
186,2016,0.7627783938890526
186,2017,0.935337629733056
186,2018,1
186,2019,1
186,2020,0.2862051276533003
186,2021,0.7986235888134046
187,2008,0.593450834637786
187,2009,0.5733835048048134
187,2010,0.5858760625554347
187,2011,0.6330273408179026
187,2012,0.6489614083330703
187,2013,0.6762429763351919
187,2014,0.7087905176877475
187,2015,0.7787963441830209
187,2016,0.8466169413669147
187,2017,0.949856435896678
187,2018,1
187,2019,1
187,2020,0.3860598562984762
187,2021,0.7521467283295868
188,2008,0.629728110097742
188,2009,0.6168115106946652
188,2010,0.6523076989327191
188,2011,0.6879986850811223
188,2012,0.6886322424042611
188,2013,0.6969495811466165
188,2014,0.7197661019057267
188,2015,0.7890837348430518
188,2016,0.8572140010539356
188,2017,0.9671580916941988
188,2018,1
188,2019,1
188,2020,0.5812385213171238
188,2021,0.7507676566227799
189,2008,0.5887611277375044
189,2009,0.4625223608510151
189,2010,0.5258621862897127
189,2011,0.6283474079817883
189,2012,0.6898906855297763
189,2013,0.7264056992213991
189,2014,0.7477499590426493
189,2015,0.762664892511152
189,2016,0.8288084578904505
189,2017,0.9223531407726901
189,2018,1
189,2019,1
189,2020,0.559947512027677
189,2021,0.6310882068918602
190,2008,0.9208187073947091
190,2009,0.947908397422715
190,2010,0.9783901449213186
190,2011,0.9906115346566298
190,2012,1
190,2013,1
190,2014,0.9933898430854713
190,2015,0.9623540095684879
190,2016,0.9234857639959305
190,2017,0.9110644620332266
190,2018,0.9200848713597808
190,2019,0.9339199688354776
190,2020,0.27861864989710594
190,2021,0.32302694811522165
191,2021,1
193,2008,0.352774098742746
193,2009,0.312655203324009
193,2010,0.434192991584275
193,2011,0.7149255614433178
193,2012,0.6891335720214549
193,2013,0.6900919892414447
193,2014,0.7005934289045
193,2015,0.8486637219180561
193,2016,0.8761031203967576
193,2017,0.9599588088209624
193,2018,1
193,2019,1
193,2020,0.29323238192850065
193,2021,0.3238712130316517
194,2008,0.20223677698529227
194,2009,0.10516853883946545
194,2010,0.10573503936566649
194,2011,1
194,2012,0.837803547485217
194,2013,0.49358101698048995
194,2014,0.29330045214475226
194,2015,0.3131440484685079
194,2016,0.5704699171258705
194,2017,0.9062648454744537
194,2018,0.9615073967708004
194,2019,1
194,2020,0.2952113067340144
194,2021,0.32526968989153143
196,2008,0.5707618894653469
196,2009,0.5818020809714088
196,2010,0.5969480240454924
196,2011,0.5000967960641545
196,2012,0.4735867128199075
196,2013,0.4866683133211901
196,2014,0.413559872684859
196,2015,1
196,2016,0.9471260880218731
196,2017,0.9666382679127784
196,2018,0.986123676206363
196,2019,1
196,2020,0.2513885281082663
196,2021,0.25321481493029896
197,2008,0.5767828867577067
197,2009,0.5521024482265935
197,2010,0.6146981151124529
197,2011,0.6997374165282013
197,2012,0.9184356496185972
197,2013,0.801806651977345
197,2014,0.84563985327333
197,2015,0.8242453029665053
197,2016,0.8488300137216872
197,2017,0.9724149084073019
197,2018,1
197,2019,1
197,2020,0.43947811515906055
197,2021,0.5404453356549598
198,2008,0.7572771698919281
198,2009,0.7886457558109337
198,2010,0.8173917067249533
198,2011,0.8431711983037927
198,2012,0.8670214813821973
198,2013,0.8897303727192643
198,2014,0.9123893930377928
198,2015,0.9359896190615509
198,2016,0.9587581257616581
198,2017,0.9827715161618275
198,2018,1
198,2019,1
198,2020,0.2938483816219617
198,2021,0.32489123866181013
199,2008,0.21774377764187094
199,2009,0.22212553530456083
199,2010,0.8654049890908858
199,2011,0.9749572738899045
199,2012,0.9229027764643739
199,2013,0.9245491530445206
199,2014,1
199,2015,1
199,2016,0.9510035261566581
199,2017,0.9865973416560638
199,2018,0.8992714534956869
199,2019,0.9431730608509318
199,2020,0.48963758706770616
199,2021,0.7282933906702282
200,2008,0.14326787774097188
200,2009,0.3709682682851477
200,2010,0.5652180937929722
200,2011,0.615803324559735
200,2012,0.7212425322197924
200,2013,0.8597565237512071
200,2014,1
200,2015,1
200,2016,0.9994541001623152
200,2017,0.8680209640586102
200,2018,0.7768749434686857
200,2019,0.5596811400032558
200,2020,0.2971690107674406
200,2021,0.37939269152605165
202,2008,0.6107601194221932
202,2009,0.6318556067881894
202,2010,0.6644009956732227
202,2011,0.7057083533442682
202,2012,0.7589947826875753
202,2013,0.7904518398978104
202,2014,0.8238322172892993
202,2015,0.8474894893411548
202,2016,0.893481181435388
202,2017,0.9289151219331478
202,2018,0.9723724134425882
202,2019,1
202,2020,0.6234323666165394
202,2021,1
203,2008,0.32570181722529534
203,2009,0.3848656699028901
203,2010,0.4287389647234549
203,2011,0.4931324598665403
203,2012,0.5927635893597174
203,2013,0.6451195427606473
203,2014,0.7244962246744354
203,2015,0.8052542671498678
203,2016,0.9045805805371656
203,2017,0.9262900560953933
203,2018,1
203,2019,1
203,2020,0.33831313876294555
203,2021,0.37270807602278705
204,2008,1
204,2009,0.8933390800621969
204,2010,0.46394780696847987
204,2011,0.5225064239776522
204,2012,0.5307690164313987
204,2013,0.3437745181961162
204,2014,0.4414242789122421
204,2015,0.41384370805810594
204,2016,0.5954366638017071
204,2017,0.7721441430416052
204,2018,0.8669638972323861
204,2019,1
204,2020,0.5872688764173375
204,2021,0.43063362619554785
205,2008,0.168202952020137
205,2009,0.17718901872512055
205,2010,0.18525490494467559
205,2011,0.1918117949897671
205,2012,0.25003623474381476
205,2013,0.484633787769135
205,2014,0.7336070882341755
205,2015,1
205,2016,0.6977991697214544
205,2017,0.8296613624655798
205,2018,0.8592359304262686
205,2019,1
205,2020,0.22025852550689753
205,2021,0.031730677586531114
206,2008,0.41271013139714047
206,2009,0.47397873918186995
206,2010,0.5479569117040133
206,2011,0.6113626413258995
206,2012,0.6447701030092301
206,2013,0.7126680815386219
206,2014,0.796005327371722
206,2015,0.8537241900256224
206,2016,0.8952893766132217
206,2017,0.9434677302973472
206,2018,1
206,2019,1
206,2020,0.4244703122799109
206,2021,0.12505591114959444
207,2008,0.5060851309486727
207,2009,0.5887674282850385
207,2010,0.6752312922681695
207,2011,0.7342812063628849
207,2012,0.8085467364931256
207,2013,0.8573047062622047
207,2014,0.9319224868595232
207,2015,1
207,2016,0.7429793541006469
207,2017,0.8735468414208508
207,2018,0.9314912842895682
207,2019,1
207,2020,0.6170231819530494
207,2021,0.42656850172663724
208,2008,0.538568065364908
208,2009,0.5159743092786632
208,2010,0.6343304251488714
208,2011,0.7194294419055534
208,2012,0.7652202405853552
208,2013,0.8232926953448525
208,2014,0.8214928680238195
208,2015,0.8345104556155658
208,2016,0.8941282370862763
208,2017,0.9626782994045147
208,2018,1
208,2019,1
208,2020,0.14443982827863178
208,2021,0.02250380833679546
209,2008,0.08781985343865702
209,2009,0.08851018423878113
209,2010,0.37750503415504305
209,2011,0.47509755498414175
209,2012,0.534096142915128
209,2013,0.5916165751163598
209,2014,0.6581469686994037
209,2015,0.7307460383166736
209,2016,0.8165735471733293
209,2017,0.9268025417710286
209,2018,1
209,2019,1
209,2020,0.5375363200775318
209,2021,0.6036770457298518
212,2008,0.5639567995558599
212,2009,0.5654242750032861
212,2010,0.6833068487512145
212,2011,0.7724580293740326
212,2012,0.7167026280929751
212,2013,0.8663491165809815
212,2014,0.7370965445517677
212,2015,0.5768968271425811
212,2016,0.8454204309441117
212,2017,0.8621783404521665
212,2018,1
212,2019,1
212,2020,0.2085073215864637
212,2021,0.010230326291489735
214,2008,0.9775496355686273
214,2009,0.9582367641750603
214,2010,1
214,2011,0.8148829057395077
214,2012,0.8975192135178948
214,2013,0.8667632396123593
214,2014,0.8955994434424599
214,2015,0.8825875351899036
214,2016,0.6946289753821436
214,2017,0.8159914442852545
214,2018,0.9434078198209052
214,2019,1
214,2020,0.4423423464591437
214,2021,0.7084437383422786
215,2008,0.9600966390278391
215,2009,0.9179838959653734
215,2010,0.9768002585874908
215,2011,0.957054352941858
215,2012,1
215,2013,0.9641057975409555
215,2014,0.9001516339938871
215,2015,0.788810665735022
215,2016,0.8322379134983803
215,2017,0.8199759440382786
215,2018,0.8466326155700971
215,2019,1
215,2020,0.32845464707843386
215,2021,0.5487323748904944
216,2008,0.6357999706979514
216,2009,0.6486489180740006
216,2010,0.6614131921276971
216,2011,0.6680764961133675
216,2012,0.6913293565802403
216,2013,0.704506759645861
216,2014,0.7083527362962786
216,2015,0.7232512642590572
216,2016,0.7477246338731153
216,2017,0.7707018671916945
216,2018,0.8609732735707037
216,2019,1
216,2020,0.9862800144851831
216,2021,1
218,2008,0.22978724147471086
218,2009,0.22271108298997852
218,2010,0.23308963840109903
218,2011,0.2570783056781462
218,2012,0.2638034088914917
218,2013,0.2546289523943994
218,2014,0.25827216997133
218,2015,0.27098126580109994
218,2016,0.31415542944088265
218,2017,0.31257033410266266
218,2018,1
218,2019,1
218,2020,0.7717493699878775
218,2021,0.8820650902087752
220,2008,0.9138514249570425
220,2009,0.8430504272085415
220,2010,0.8566848894573249
220,2011,0.8636976212970296
220,2012,0.9282130644443327
220,2013,0.9262539866363299
220,2014,0.9931841266316624
220,2015,1
220,2016,1
220,2017,0.8257548828050951
220,2018,0.36769790569550176
220,2019,0.6580602172274229
220,2020,0.21709807609441584
220,2021,0.5054907697972328
222,2008,0.6998115490785135
222,2009,0.7056763730834917
222,2010,0.7461398617550835
222,2011,0.9450530792843013
222,2012,0.984396783047456
222,2013,0.9648589405925645
222,2014,0.983658114616872
222,2015,0.9093128074473821
222,2016,0.9537725139998696
222,2017,0.9787146629941427
222,2018,1
222,2019,1
222,2020,0.6056602407223292
222,2021,0.7947138096371165
223,2008,0.7605838991502631
223,2009,0.7557140709937046
223,2010,0.789152753559603
223,2011,0.828836998273379
223,2012,0.8303669874212408
223,2013,0.8396381380208386
223,2014,0.857981898751406
223,2015,0.9098669869494875
223,2016,0.954272041830707
223,2017,1
223,2018,0.9980576946892502
223,2019,1
223,2020,0.6239795778860654
223,2021,0.7042973846516053
224,2008,0.285195660923385
224,2009,0.2782359578671168
224,2010,0.2807928601450467
224,2011,0.32295392603348694
224,2012,0.3548822225798378
224,2013,0.36466165018692936
224,2014,0.44656853894367204
224,2015,0.4632789531901793
224,2016,0.497067833933511
224,2017,0.6388429414529311
224,2018,0.6232092719516562
224,2019,0.5650824327738959
224,2020,1
224,2021,1
231,2008,0.4611617325927016
231,2009,0.5527423708218395
231,2010,0.5118675631506254
231,2011,0.6051297204078584
231,2012,0.766076739191143
231,2013,1
231,2014,0.7689525196457366
231,2015,0.829922942027464
231,2016,0.8499882643877809
231,2017,0.9452619681736734
231,2018,0.9598453501711118
231,2019,1
231,2020,0.26106671474647897
231,2021,0.7539046664440803
232,2008,0.47113982707227525
232,2009,0.43085436388750586
232,2010,0.45058727332368903
232,2011,0.4740872631758988
232,2012,0.5248407045681244
232,2013,0.6224681802293105
232,2014,0.6085864837087616
232,2015,0.7464637183175886
232,2016,0.8148969638736042
232,2017,0.9173368625455538
232,2018,1
232,2019,1
232,2020,0.5174057367384273
232,2021,0.8629127508442601
244,2008,0.8555241745144367
244,2009,0.7824803283597029
244,2010,0.7382199370859344
244,2011,0.8407462678000439
244,2012,0.911628862626319
244,2013,0.9561394813518826
244,2014,0.9789725437905339
244,2015,1
244,2016,0.9520875759479375
244,2017,0.8657650532121747
244,2018,0.9394247485367822
244,2019,1
244,2020,0.3805540069304094
244,2021,0.5762674962089057
247,2008,0.817025456023064
247,2009,0.5684685832194886
247,2010,0.7760337841245234
247,2011,0.8788134275562918
247,2012,0.7606269968224657
247,2013,0.8207103333192499
247,2014,0.734984475608298
247,2015,0.7993992779035082
247,2016,0.8042600073448402
247,2017,0.9511568123393315
247,2018,1
247,2019,1
247,2020,0.22879177377892027
247,2021,0.012853470437017992
250,2008,0.750565388938016
250,2009,0.7378593243127051
250,2010,0.7478426608040208
250,2011,0.7886835828139491
250,2012,0.8204487443772267
250,2013,0.8885169477271073
250,2014,0.9713869838505818
250,2015,1
250,2016,0.9936314851103
250,2017,0.9628359224601261
250,2018,0.9711709717800302
250,2019,1
250,2020,0.33026527684558415
250,2021,0.7245765223481597
