"","FAO_name","exclude","Taxon_code","family","notes","notes_2"
"1","[Chondracanthus chamissoi]",0.8,"AL","Algae","seaweed: human food/carageenan","- non-food use determined (some for food and carageenan): ""This species is of economic importance because it is edible and used for carrageenan production."" [source](https://www.researchgate.net/publication/251407321_Cultivation_of_the_red_alga_Chondracanthus_chamissoi_Sexual_reproduction_and_seedling_production_in_culture_under_controlled_conditions)
 - food use deteremined: ""In addition to its commercialization for the extraction of carrageenan, there is an increasing demand for human consumption in Asia"" [source](https://www.researchgate.net/publication/226813687_Chondracanthus_chamissoi_Rhodophyta_Gigartinales_in_northern_Chile_Ecological_aspects_for_management_of_wild_populations)
 - ""On the coasts of Peru, the red seaweed known as yuyo (Chondracanthus chamissoi) is dried and then sold in the inland regions where it is incorporated into soups."" [source](https://www.slowfood.com/the-world-ocean-day-vegetables-of-the-sea-and-their-role-in-saving-the-environment/)
 - 80% proportion determined by best guess."
"2","[Porphyra columbina]",0.01,"AL","Algae","seaweed: human food","- food use determined using New Zealand Gov (Porphyra columbina is also known as karengo indicated as a high value food algae) [source](https://teara.govt.nz/en/seaweed/page-4) 
  - Seaweed and Man: [source](https://link.springer.com/chapter/10.1007/978-3-642-28451-9_22) 
  - ""Of the 30 million tonnes of farmed seaweedsproduced in 2016 (Table 9), some species (e.g. Undaria pinnatifida, Porphyra spp. and Caulerpa spp., produced in East and Southeast Asia) are produced almost exclusively for direct human consumption, although lowgrade products and scraps from processing factories are used for other purposes, including feed for abalone culture."" [source](http://www.fao.org/3/i9540en/i9540en.pdf)
  - 1% proportion determined by best guess."
"3","[Spirulina maxima]",0.3,"AL","Algae","seaweed: human food/animal feed","- non-food use determined using Seaweed Industry Association: [source](https://seaweedindustry.com and FAO: http://www.fao.org/docrep/006/y4765e/y4765e0b.htm)
 - food use determined: It has been produced commercially for the last 30 years for food and specialty feeds. Currently, more than 70 per cent of Spirulina market is for human consumption, mainly as health food because of its rich content of protein, essential amino acids, minerals, vitamins, and essential fatty acids. [source](https://www.sciencedirect.com/science/article/pii/B9780128007761000194)
 - 30% proportion determined [source](https://www.sciencedirect.com/science/article/pii/B9780128007761000194.)"
"4","Aquatic plants nei",1,"AL","Algae","seaweed: non-human food","- non-food use determined using Seaweed Industry Association: [source](https://seaweedindustry.com and FAO: http://www.fao.org/docrep/006/y4765e/y4765e0b.htm)
 - 100% proportion determined based on best guess (the most important seaweed species are all listed)"
"5","Babberlocks",0,"AL","Algae","seaweed: human food","- food use determined using FAO [source](http://www.fao.org/docrep/006/y4765e/y4765e0b.htm; also called Alaria esculenta: https://en.wikipedia.org/wiki/Alaria_esculenta)
 - Scientific name: Alaria esculenta
 - Common name: badderlocks, dabberlocks, winged kelp
 - 0% proportion based on FAO link."
"6","Bright green nori",0.01,"AL","Algae","seaweed mixed: animal feed/fertilizer/human food","- food use determined using Seaweed and Man (Green nori indicated as an important algae for food) [source](https://link.springer.com/chapter/10.1007/978-3-642-28451-9_22)
 - ""Of the 30 million tonnes of farmed seaweedsproduced in 2016 (Table 9), some species (e.g. Undaria pinnatifida, Porphyra spp. and Caulerpa spp., produced in East and Southeast Asia) are produced almost exclusively for direct human consumption, although lowgrade products and scraps from processing factories are used for other purposes, including feed for abalone culture."" [source}(http://www.fao.org/3/i9540en/i9540en.pdf)
 - Scientific name: Porphyra spp. And Pyropia spp.
 - Common name: Nori, Laver
 - 1% proportion determined by best guess."
"7","Dark green nori",0.01,"AL","Algae","seaweed mixed: animal feed/fertilizer/human food","- food use determined using Seaweed and Man (Green nori indicated as an important algae for food): [source](https://link.springer.com/chapter/10.1007/978-3-642-28451-9_22)
 - ""Of the 30 million tonnes of farmed seaweedsproduced in 2016 (Table 9), some species (e.g. Undaria pinnatifida, Porphyra spp. and Caulerpa spp., produced in East and Southeast Asia) are produced almost exclusively for direct human consumption, although lowgrade products and scraps from processing factories are used for other purposes, including feed for abalone culture."" [source](http://www.fao.org/3/i9540en/i9540en.pdf)
 - Scientific name: Porphyra spp. And Pyropia spp.
 - Common name: Nori, Laver
 - 1% proportion determined by best guess."
"8","Sea lettuces nei",0.5,"AL","Algae","seaweed: human food/aquarium trade feed","- food and non-food use determined: https://en.wikipedia.org/wiki/Sea_lettuce [source](https://caseagrant.ucsd.edu/seafood-profiles/sea-lettuce-0)
 - Scientific name: Ulva
 - Common name: sea lettuce
 - 50% proportion based on best guess."
"9","Brown seaweeds",0.5,"AL","Algae","seaweed: human food/alginate","- food and non-food use determined using FAO; ""The main uses of brown seaweeds are as foods and as the raw material for the extraction of the hydrocolloid, alginate."" ""There is also a market for fresh seaweed as a feed for abalone. In Australia, the brown seaweed Macrocystis pyrifera and the red seaweed Gracilaria edulis have been used."": [source](http://www.fao.org/3/a-y4765e.pdf)
 - 50% proportion determined by best guess."
"10","Caulerpa seaweeds",0.01,"AL","Algae","seaweed: human food","- food use determined using FAO manual: [source](http://www.fao.org/docrep/field/003/ac417e/AC417E00.htm AND http://www.fao.org/3/a-y4765e.pdf)
 - 1% proportion determined by best guess: ""Of the 30 million tonnes of farmed seaweedsproduced in 2016 (Table 9), some species (e.g. Undaria pinnatifida, Porphyra spp. and Caulerpa spp., produced in East and Southeast Asia) are produced almost exclusively for direct human consumption, although lowgrade products and scraps from processing factories are used for other purposes, including feed for abalone culture."" [source](http://www.fao.org/3/i9540en/i9540en.pdf)"
"11","[Meristotheca senegalense]",0,"AL","Algae","seaweed: human food","- Type of red macroalgae with nutritional value for humans: [source](https://academicjournals.org/journal/AJFS/article-full-text/376F45B62073)
 - 0% proportion determined by article referenced above."
"12","Dulse",0.1,"AL","Algae","seaweed: human food/abalone feed","- food use determined: [source](https://www.sciencedirect.com/science/article/pii/B9780124186972000131) [source](FAO: http://www.fao.org/docrep/006/y4765e/y4765e0b.htm, http://www.fao.org/3/a-y4765e.pdf)
 - fish feed use determined using FAO:[source](http://www.fao.org/3/a-y4765e.pdf) 
 - ""Pacific dulse (Palmaria mollis) has been found to be a valuable food for the red abalone, Haliotis rufescens, and development of land-based cultivation has been undertaken with a view to producing commercial quantities of the seaweed.""
 - Scientific name: Palmaria palmata
 - Common name: Dulse
 - 10% proportion determined by best guess."
"13","Elkhorn sea moss",0.99,"AL","Algae","seaweed: mixed use/carageenan","- non-food use, primary carageenan use determined using Buschmann et al (also Kappaphycus alvarezii): [source](https://www.tandfonline.com/doi/full/10.1080/09670262.2017.1365175), [source](https://en.wikipedia.org/wiki/Kappaphycus_alvarezii)
 - food use (whole food supplement): [source](https://www.mdpi.com/2072-6643/9/11/1261/htm)
 - ""The rapid growth in the farming of tropical seaweed species (Kappaphycus alvarezii and Eucheuma spp.) in Indonesia as raw material for carrageenan extraction has been the major contributor to growth in farmed aquatic plant production in the recent past."" [source](http://www.fao.org/3/i9540en/i9540en.pdf)
 - Scientific name: Kappaphycus alvarezii
 - Common name: Elkhorn sea moss 
 - 99% proportion determined by best guess."
"14","Eucheuma seaweeds nei",0.9,"AL","Algae","seaweed: mixed use, carageenan/human food","- non-food use, primary carageenan use determined using Buschmann et al: [source](https://www.tandfonline.com/doi/full/10.1080/09670262.2017.1365175);
 - Seaweed and Man: [source](https://link.springer.com/chapter/10.1007/978-3-642-28451-9_22);
 - Seaweed Industry Association: [source](https://seaweedindustry.com and FAO: http://www.fao.org/docrep/006/y4765e/y4765e0b.htm, http://www.fao.org/3/a-y4765e.pdf)
 - food use determined using FAO: [source](http://www.fao.org/3/AC287E/AC287E01.htm) ""In some overseas countries, such as Indonesia and Philippines, Eucheuma seaweed is also eaten raw. People like to eat it fresh in salads.""
 - ""The rapid growth in the farming of tropical seaweed species (Kappaphycus alvarezii and Eucheuma spp.) in Indonesia as raw material for carrageenan extraction has been the major contributor to growth in  - farmed aquatic plant production in the recent past."" [source](http://www.fao.org/3/i9540en/i9540en.pdf)
 - Scientific name: Eucheuma denticulatum, Kappaphycus alvarezii, Kappaphycus striatum
 - Common name: Eucheumoid algae, Eucheuma, Guso
 - 90% proportion determined by best guess."
"15","Fragile codium",0.1,"AL","Algae","seaweed: mixed use/medical/human food","- non-food use determined using Seaweed Industry Association: [source](https://seaweedindustry.com), [source](https://www.sciencedirect.com/science/article/pii/B9780128133125000042) (""Codium fragile_ and Codium vermilara_derived water-soluble sulfated arabinogalactans prevented coagulation, but they induced platelet aggregation (Ciancia et al., 2007)."")
 - food use determined: [source](https://en.wikipedia.org/wiki/Codium_fragile), [source](http://www.eattheweeds.com/codiums-edible-around-the-world-2/)
 - Scientific name: Codium fragile
 - Common name: green sea fingers, dead man's fingers, felty fingers, forked felt-alga, stag seaweed, green fleece, oyster thief
 - 10% proportion determined by best guess."
"16","Fusiform sargassum",0,"AL","Algae","seaweed: human food","- food use determined by Bushmann et al (fusiform sargassum also Hijiki or Sargassum fusiforme): [source](https://www.tandfonline.com/doi/full/10.1080/09670262.2017.1365175); [source](https://en.wikipedia.org/wiki/Hijiki) 
 - alternative names: [source](http://www.uniprot.org/taxonomy/590727)
 - Recent studies have shown that hijiki contains potentially toxic quantities of inorganic arsenic, and the food safety agencies of several countries (excluding Japan), including Canada, the United Kingdom, and the United States, have advised against its consumption.
 - Scientific name: Fusiform sargassum
 - Common name: Hijiki
 - 0% proportion determined by best guess."
"17","Gelidium seaweeds",0.8,"AL","Algae","seaweed: agar/human food","- non-food use determined by FAO (most of agar comes from Gracilaria or Gelidium, but the Gelidium FAO data is from Korea where it is also consumed as food): [source](http://www.fao.org/3/a-y4765e.pdf); Frangoudes 2016 (Edible seaweed in Korea): [source](https://www.sciencedirect.com/science/article/pii/B9780128027721000026)
 - food and non-food use: https://en.wikipedia.org/wiki/Gelidium_amansii
 - 80% proportion determined by best guess."
"18","Giant kelp",0.9,"AL","Algae","seaweed: alginate/abalone feed/biomass for fuel/human food","- non-food use determined by FAO (giant kelp produced in Chile are mostly bought by processors that turn it into alginate): [source](http://www.fao.org/3/a-y4765e.pdf)
 - food use determined: ""The primary commercial product obtained from giant kelp is alginate, but humans also harvest this species on a limited basis for use directly as food, as it is rich in iodine, potassium, and other minerals. It can be used in cooking in many of the ways other sea vegetables are used, and particularly serves to add flavor to bean dishes."" [source](https://en.wikipedia.org/wiki/Macrocystis_pyrifera)
 - Scientific name: Macrocystis pyrifera
 - Common name: Giant kelp
 - 90% proportion determined by best guess."
"19","Gracilaria seaweeds",0.75,"AL","Algae","seaweed mixed: agar/human food","- non-food use, primary agar use determined using Buschmann et al: [source](https://www.tandfonline.com/doi/full/10.1080/09670262.2017.1365175); 
 - Seaweed and Man: [source](https://link.springer.com/chapter/10.1007/978-3-642-28451-9_22); 
 - Seaweed Industry Association: [source](https://seaweedindustry.com and FAO: http://www.fao.org/docrep/006/y4765e/y4765e0b.htm)
 - food use determined using FAO: [source](http://www.fao.org/3/a-y4765e.pdf) (""Gracilaria is sold to agar producers and some is used as food. For food consumption, the seaweed is usually gathered and sold fresh, locally. It is most common in South-East Asian countries such as Indonesia, Malaysia, the Philippines and southern Thailand, mainly in coastal communities. It is also popular with most ethnic groups in Hawaii, and is sold fresh in Honolulu markets as limu manauea or limu ogo."")
 - Scientific name: Gracilaria spp.
 - Common name: Gracilaria, Ogo
 - 75% proportion determined by best guess."
"20","Green laver",0.01,"AL","Algae","seaweed: human food","- food use determined using Seaweed and Man (green laver is same as green nori but different country names): [source](https://link.springer.com/chapter/10.1007/978-3-642-28451-9_22); 
 - Seaweed Industry Association: [source](https://seaweedindustry.com)
 - FAO: [source](http://www.fao.org/docrep/006/y4765e/y4765e0b.htm), [source](http://www.fao.org/3/a-y4765e.pdf)
 - ""Of the 30 million tonnes of farmed seaweedsproduced in 2016 (Table 9), some species (e.g. Undaria pinnatifida, Porphyra spp. and Caulerpa spp., produced in East and Southeast Asia) are produced almost exclusively for direct human consumption, although lowgrade products and scraps from processing factories are used for other purposes, including feed for abalone culture."" [source](http://www.fao.org/3/i9540en/i9540en.pdf)
 - Scientific name: Porphyra spp. And Pyropia spp.
 - Common name: Nori, Laver
 - 1% proportion determined by best guess."
"21","Harpoon seaweeds",0.75,"AL","Algae","seaweed: cosmetic/antiparasitic/agar/human food/animal feed","- non-food use deteremined by Netalgae.eu (75% of seaweed produced in France is processed): [source](http://www.netalgae.eu/uploadedfiles/11-09-12_poster_wp1_en.pdf); 
 - harpoon seaweed's scientific name is Asparagopsis armata, which is likely used in cosmetics: [source](https://link.springer.com/content/pdf/10.1007%2Fs10811-005-2799-5.pdf),  [source](https://www.roscara.com/wild-irish-seaweed-asparagopsis-armata/)
 - food use determined: [source](https://en.wikipedia.org/wiki/Asparagopsis), [source](https://en.wikipedia.org/wiki/Asparagopsis_taxiformis) (""Asparagopsis is one of the most popular types of limu.[3] in the cuisine of Hawaii, it is principally a condiment. It is known as Limu kohu in the Hawaiian language meaning ""pleasing seaweed"". Limu kohu is a traditional ingredient in poke."")
 - Scientific name: Asparagopsis spp.
 - Common name: Harpoon seaweed, harpoon weed, limu
 - 75% proportion determined by best guess."
"22","Japanese isinglass",0.95,"AL","Algae","seaweed: agar/human food","- non-food use determined by Whittaker 1910 (japanese isinglass is a type of Gelidium seaweed): [source](https://ajph.aphapublications.org/doi/pdf/10.2105/AJPH.1.9.632); 
 - FAO (most of agar comes from Gracilaria or Gelidium, but the Gelidium FAO data is from Korea where it is also consumed as food): [source](http://www.fao.org/3/a-y4765e.pdf); 
 - Frangoudes 2016 (Edible seaweed in Korea): [source](https://www.sciencedirect.com/science/article/pii/B9780128027721000026)
 - Scientific name: Gelidium spp.
 - Common name: Japanese isinglass, agar agar
 - 95% proportion determined by best guess."
"23","Japanese kelp",0.1,"AL","Algae","seaweed: human food/alginates","- food use determined using Buschmann et al: [source](https://www.tandfonline.com/doi/full/10.1080/09670262.2017.1365175); 
 - Seaweed and Man ( also likely Saccharina japonica or kombu): [source](https://link.springer.com/chapter/10.1007/978-3-642-28451-9_22); 
 - food use determined using Seaweed Industry Association: [source](https://seaweedindustry.com and FAO: http://www.fao.org/docrep/006/y4765e/y4765e0b.htm)
 - non food use determined: [source](https://en.wikipedia.org/wiki/Saccharina_japonica) (""Saccharina japonica is also used for the production of alginates, with China producing up to ten thousand tons of the product each year.""), 
 - ""The only exception is for Laminaria japonica, which is cultivated in China for food but sometimes surplus material is diverted to the alginate industry in China."" [source](http://www.fao.org/3/y4765e/y4765e07.htm)
 - Scientific name: Saccharina japonica (formerly Laminaria japonica)
 - Common name: Kombu
 - 10% proportion determined by best guess."
"24","Kelp nei",0.5,"AL","Algae","seaweed: mixed use","- not in FAO mariculture data 5/4/18
 - 50% proportion based on best guess."
"25","Laver (Nori)",0.01,"AL","Algae","seaweed: human food","- food use determined using Seaweed and Man (Porphyra or nori indicated as a high value food algae): [source](https://link.springer.com/chapter/10.1007/978-3-642-28451-9_22)
[source](http://www.fao.org/3/y4765e/y4765e0b.htm)
 - ""Of the 30 million tonnes of farmed seaweedsproduced in 2016 (Table 9), some species (e.g. Undaria pinnatifida, Porphyra spp. and Caulerpa spp., produced in East and Southeast Asia) are produced almost exclusively for direct human consumption, although lowgrade products and scraps from processing factories are used for other purposes, including feed for abalone culture."" [source](http://www.fao.org/3/i9540en/i9540en.pdf)
 - Scientific name: Porphyra spp. And Pyropia spp.
 - Common name: Nori, Laver
 - 1% proportion determined by best guess."
"26","Mozuku",0.01,"AL","Algae","seaweed: human food","- food use determined by Tongafish.gov (most of Tonga production of mozuku is shipped to Japanese market where it is used for the food market, some amounts are shipped elsewhere for use in homeopathic purposes, but unsure how much): [source](http://www.tongafish.gov.to/images/documents/Management%20Plans/Approved%20Seaweed%20Management%20Plan%202012-2013.pdf)
[source](http://www.fao.org/3/y4765e/y4765e0b.htm)
 - 1% proportion determined by best guess."
"27","Nori nei",0.01,"AL","Algae","seaweed: human food","- food use determined using Seaweed and Man (Porphyra or nori indicated as a high value food algae): [source](https://link.springer.com/chapter/10.1007/978-3-642-28451-9_22)
 - ""Of the 30 million tonnes of farmed seaweedsproduced in 2016 (Table 9), some species (e.g. Undaria pinnatifida, Porphyra spp. and Caulerpa spp., produced in East and Southeast Asia) are produced almost exclusively for direct human consumption, although lowgrade products and scraps from processing factories are used for other purposes, including feed for abalone culture."" [source](http://www.fao.org/3/i9540en/i9540en.pdf)
 - Scientific name: Porphyra spp. And Pyropia spp.
 - Common name: Nori, Laver
 - 1% proportion determined by best guess."
"28","Red seaweeds",0.75,"AL","Algae","seaweed: agar/carrageenan/human food","- non-food and food use determined using FAO (red algae in Indonesia and Portugal mostly agar-containing seaweeds) (The main uses of red seaweeds are as food and as sources of two hydrocolloids: agar and carrageenan): [source](http://www.fao.org/3/a-y4765e.pdf)
 - 75% proportion based on best guess."
"29","Sea belt",0.95,"AL","Algae","seaweed: mixed use/cosmetics/animal feed/human food","- non-food and food use determined using SINTEF Fisheries and Aquaculture Norway (sea belt is also Saccharina latissima or sugar kelp, mostly used for processed agar in Norway, food market growing but seems to be small): [source](https://www.innovasjonnorge.no/contentassets/95273c625e1c4b4caf8b4d0a36020dc0/2014-sintef---seaweed-in-the-bioeconomy.pdf); 
 - not mentioned as a main use in Forbord et al 2012: [source](https://link.springer.com/article/10.1007/s10811-011-9784-y)
 - Scientific name: Saccharina latissima
 - Common name: sea belt, sugar kelp
 - 95% proportion based on best guess."
"30","Seaweeds nei",0.15,"AL","Algae","seaweed","- food use determined using production value range and variety of countries - since most seaweeds are used for human consumption
 - 15% proportion determined by best guess."
"31","Spiny eucheuma",0.9,"AL","Algae","seaweed:carrageenan","- non-food use, primary carageenan use determined using Buschmann et al: [source](https://www.tandfonline.com/doi/full/10.1080/09670262.2017.1365175); 
 - Seaweed and Man: [source](https://link.springer.com/chapter/10.1007/978-3-642-28451-9_22); 
 - Seaweed Industry Association: [source](https://seaweedindustry.com) 
 - FAO: [source](http://www.fao.org/docrep/006/y4765e/y4765e0b.htm)
 - food use: ""E. denticulatum can also be eaten fresh or blanched in boiling water and mixed with salad garnish, or made into ""Eucheuma candy"" or ""kue"" by cooking in water until a gel is formed, whereafter sugar is added. It is used as garnish for other dishes such as fish. In Lombok (Indonesia) about 400 t (wet weight) of E. denticulatum is used annually to prepare a boiled foodstuff, wrapped in banana leaf and known as ""pencok""."" [source](https://uses.plantnet-project.org/en/Eucheuma_denticulatum_(PROSEA)#:~:text=denticulatum%20can%20also%20be%20eaten,other%20dishes%20such%20as%20fish)
 - Scientific name: Eucheuma denticulatum
 - Common name: Spiny eucheuma
 - 90% proportion determined by best guess."
"32","Tangle",0.99,"AL","Algae","industrial uses","- non-food use determined by Irishseaweeds (tangle is Laminaria digitata): [source](http://www.irishseaweeds.com/kelp-laminaria-digitata/); 
 - biotech use: [source](http://www.bim.ie/our-work/projects/developing,irish,seaweed,farming,for,high,value,products/)
 - ""Laminaria digitata in France is the main raw material for the alginate industry."" [source](http://www.fao.org/3/y4765e/y4765e07.htm)
food use determined: [source](https://gallowaywildfoods.com/forest-kelp-and-oarweed-edibility-identification-distribution/#:~:text=Edible%20Uses%3A%20Unless%20you%20harvest,body%20and%20depth%20of%20flavour).
 - Scientific name: Laminaria digitata
 - Common name: tangle, tangleweed, oarweed
 - 99% proportion determined by best guess."
"33","Wakame",0.01,"AL","Algae","seaweed: human food/abalone feed","- food use determined using Buschmann et al (wakame is undaria): [source](https://www.tandfonline.com/doi/full/10.1080/09670262.2017.1365175); 
 - Seaweed Industry Association: [source](https://seaweedindustry.com) 
 - FAO: [source](http://www.fao.org/docrep/006/y4765e/y4765e0b.htm)
 - ""Of the 30 million tonnes of farmed seaweedsproduced in 2016 (Table 9), some species (e.g. Undaria pinnatifida, Porphyra spp. and Caulerpa spp., produced in East and Southeast Asia) are produced almost exclusively for direct human consumption, although lowgrade products and scraps from processing factories are used for other purposes, including feed for abalone culture."" [source](http://www.fao.org/3/i9540en/i9540en.pdf)
 - Scientific name: Undaria pinnatifida
 - Common name: Wakame
 - 1% proportion determined by best guess."
"34","Wakame nei",0.01,"AL","Algae","seaweed: human food/abalone feed","- food use determined using Buschmann et al (wakame is undaria): [source](https://www.tandfonline.com/doi/full/10.1080/09670262.2017.1365175); 
 - Seaweed Industry Association: [source](https://seaweedindustry.com)
 - FAO: [source](http://www.fao.org/docrep/006/y4765e/y4765e0b.htm)
 - ""Of the 30 million tonnes of farmed seaweedsproduced in 2016 (Table 9), some species (e.g. Undaria pinnatifida, Porphyra spp. and Caulerpa spp., produced in East and Southeast Asia) are produced almost exclusively for direct human consumption, although lowgrade products and scraps from processing factories are used for other purposes, including feed for abalone culture."" [source](http://www.fao.org/3/i9540en/i9540en.pdf)
 - Scientific name: Undaria pinnatifida
 - Common name: Wakame
 - 1% proportion determined by best guess."
"35","Warty gracilaria",0.95,"AL","Algae","seaweed: agar/human food/abalone feed","- non-food and food use determined by FAO: ""Gracilaria is used as food and in the preparation of food products."" ""The principal product of Gracilaria is agar. "" ""Unknown quantities of Gracilaria are used in several places (e.g. Japan, China, Hawaii, St. Lucia) in the fresh vegetable market for human consumption. There, Gracilaria prices can be high (e.g. 5-7 USD /kg) although the volumes consumed are relatively low (e.g. a few tonnes per year)."" ""The use of Gracilaria as marine invertebrate feed has developed in Asia, especially in the fish pond system of Taiwan Province of China, leading to development of polycultures of Gracilaria and abalone which uses Gracilaria as the sole source of food of these gastropods. In the past the emphasis was to produce Gracilaria biomass for agar production. Now it is more profitable for the pond operators to supply their Gracilaria as fresh food to abalone farmers."" [source](http://www.fao.org/fishery/culturedspecies/Gracilaria_spp/en)
 - Scientific name: Gracilaria gracilis (previously Gracilaria verrucosa)
 - Common name: Warty gracilaria
 - 95% proportion determined by best guess."
"36","Giant kelps nei",0.9,"AL","Algae","seaweed","- non-food use determined by FAO (giant kelp produced in Chile are mostly bought by processors that turn it into alginate): [source](http://www.fao.org/3/a-y4765e.pdf)
 - 90% proportion based on best guess."
"37","Green seaweeds",0.75,"AL","Algae","seaweed: mixed use","- non-food use determined using Soares et al 2017 (sounds like using seaweed as food still underutilized or growing in Portugal): [source](http://iopscience.iop.org/article/10.1088/1757-899X/231/1/012126/pdf); fertilizers, fish feed, wastewater treatment [source](http://www.fao.org/3/y4765e/y4765e0c.htm)
 - food use: [source](http://www.fao.org/3/y4765e/y4765e0b.htm)
 - includes: green laver, sea lettuce
 - 75% proportion determined by best guess."
"38","Coarse seagrape",0,"AL","Algae","seaweed: human food","- food use determined using the Ministry of Marine Resources Government of the Cook Islands (seagrape is a Caulerpa): [source](https://spccfpstore1.blob.core.windows.net/digitallibrary-docs/files/88/8824bd3fd3cd8612e947eb8257e50c95.pdf?sv=2015-12-11&sr=b&sig=DrP8Q7fZlTwWVDh43O6kLr3KhZGuViZKLeHWCGMydCw%3D&se=2018-10-30T20%3A45%3A25Z&sp=r&rscc=public%2C%20max-age%3D864000%2C%20max-stale%3D86400&rsct=application%2Fpdf&rscd=inline%3B%20filename%3D%22Anon_00_CookIslands_BasicInfo.pdf%22); 
 - FAO manual: [source](http://www.fao.org/docrep/field/003/ac417e/AC417E00.htm)
 - Scientific name: Caulerpa racemosa
 - Common name: Coarse seagrape
 - 0% proportion determined by best guess."
"39","[Sargassum spp]",0.99,"AL","Algae","seaweed: fertilizer/animal food/medicine/biofuel/alginate/human food","- non-food use determined using FAO (most brown kelps used for alginate due to high concentration in tissues): [source](http://www.fao.org/3/a-y4765e.pdf); 
 - Sargassum in Mexico specifically: [source](https://www.e-algae.org/journal/view.php?number=2819)
 - ""Sargassum, is only used when nothing else is available: its alginate is usually borderline quality and the yield usually low."" ""Sargassum is collected on the south coast of Java (Indonesia) and in the Philippines. In the former country it is used for alginate production while in the latter there are pilot studies for its use in alginate production, but its present use is to produce seaweed meal for animal feed."" [source](http://www.fao.org/3/y4765e/y4765e07.htm)
 - food use determined: ""More so, among seaweeds Sargassum is not a prime edible but a plentiful one."" [source](http://www.eattheweeds.com/sargassum-not-just-for-breakfast-any-more-2/#:~:text=More%20so%2C%20among%20seaweeds%20Sargassum,edible%20but%20a%20plentiful%20one.&text=Sargassum%20is%20also%20eaten%20by,in%20water%20like%20a%20vegetable.)
 - 99% proportion determined by best guess."
"40","Spirulina nei",0.3,"AL","Algae","seaweed: human food/animal feed","- non-food use determined using Seaweed Industry Association: [source](https://seaweedindustry.com) and FAO: [source](http://www.fao.org/docrep/006/y4765e/y4765e0b.htm)
 - 30% proportion determined by Spirulina maxima."
"41","[Dunaliella salina]",1,"AL","Algae","seaweed: cosmetics/dietary supplements","- used in B-carotene, lutein, fatty acids, etc [source](https://www.sciencedirect.com/topics/agricultural-and-biological-sciences/dunaliella)
 - ""Known for its antioxidant activity because of its ability to create large amount of carotenoids, it is used in cosmetics and dietary supplements."" [source](https://en.wikipedia.org/wiki/Dunaliella_salina)
 - 100% proportion determined by best guess."
"42","[Capsosiphon fulvescens]",0.1,"AL","Algae","seaweed: human food/medicine","- used as traditional medicine: ""It has been consumed as food with unique flavor and soft texture to treat stomach disorders and hangovers"" [source](https://www.hindawi.com/journals/bmri/2016/1462916/)
 - ""These results suggest that C. fulvescens has greater potential to be used as human food and as an ingredient in formulated food."" ""Capsosiphon fulvescens is filamentous green seaweed traditionally eaten in the southwestern regions of Korea"" [source](https://www.researchgate.net/publication/225622961_Assessment_of_the_nutritional_value_of_Capsosiphon_fulvescens_Chlorophyta_Developing_a_new_species_of_marine_macroalgae_for_cultivation_in_Korea)
 - 10% proportion determined by best guess."
"43","Slender wart weed",0.75,"AL","Algae","seaweed: agar/human food/fish feed","- food and non-food use determined: ""Gracilaria is a genus of red algae (Rhodophyta) notable for its economic importance as an agarophyte, as well as its use as a food for humans and various species of shellfish. Various species within the genus are cultivated among Asia, South America, Africa and Oceania."" [source](https://en.wikipedia.org/wiki/Gracilaria)
 - Scientific name: Gracilaria gracilis
 - Common name: slender wart weed
 - 75% proportion determined by Gracilaria seaweeds."
"44","Abalones nei",0,"GAST","Haliotidae",NA,NA
"45","American cupped oyster",0,"BI","Ostreidae",NA,NA
"46","Anadara clams nei",0,"BI","Arcidae",NA,NA
"47","Australian mussel",0,"BI","Hyriidae",NA,NA
"48","Banded carpet shell",0,"BI","Veneridae",NA,NA
"49","Bear paw clam",0,"BI","Cardiidae",NA,NA
"50","Black ark",0,"BI","Arcidae",NA,NA
"51","Blacklip abalone",0,"BI","Haliotidae",NA,NA
"52","Blacklip pearl oyster",0,"BI","Pteriidae",NA,NA
"53","Blood cockle",0,"BI","Arcidae",NA,NA
"54","Blue mussel",0,"BI","Mytilidae",NA,NA
"55","Butter clam",0,"BI","Arcidae",NA,NA
"56","Carpet shells nei",0,"BI","Veneridae",NA,NA
"57","Chilean flat oyster",0,"BI","Pteriidae",NA,NA
"58","Chilean oyster",0,"BI","Pteriidae","already present as Chilean flat oyster which is included, included",NA
"59","Chilean mussel",0,"BI","Mytilidae",NA,NA
"60","Cholga mussel",0,"BI","Mytilidae",NA,NA
"61","Choro mussel",0,"BI","Mytilidae",NA,NA
"62","Clams, etc. nei",0,"BI","Veneridae",NA,NA
"63","Cockles nei",0,"BI","Cardiidae",NA,NA
"64","Common edible cockle",0,"BI","Cardiidae",NA,NA
"65","Constricted tagelus",1,"BI","Pharidae",NA,NA
"66","Cortez oyster",0,"BI","Ostreidae",NA,NA
"67","Crocus giant clam",0,"BI","Veneridae",NA,NA
"68","Cupped oysters nei",0,"BI","Ostreidae",NA,NA
"69","Diphos sanguin",0,"BI","Veneridae",NA,NA
"70","Donax clams",0,"BI","Donacidae",NA,NA
"71","Elongate giant clam",0,"BI","Cardiidae",NA,NA
"72","European flat oyster",0,"BI","Ostreidae",NA,NA
"73","False abalone",0,"GAST","Haliotidae",NA,NA
"74","Flat and cupped oysters nei",0,"BI","Ostreidae",NA,NA
"75","Flat oysters nei",0,"BI","Ostreidae",NA,NA
"76","Fluted giant clam",0,"BI","Cardiidae",NA,NA
"77","Gasar cupped oyster",0,"BI","Ostreidae",NA,NA
"78","Gastropods nei",0,"GAST","Gastropoda",NA,NA
"79","Giant clam",0,"BI","Cardiidae",NA,NA
"80","Giant clams nei",0,"BI","Cardiidae",NA,NA
"81","Globose clam",0,"BI","Cardiidae",NA,NA
"82","Golden carpet shell",0,"BI","Veneridae",NA,NA
"83","Grand ark",0,"BI","Arcidae",NA,NA
"84","Great Atlantic scallop",0,"BI","Pectinidae",NA,NA
"85","Green mussel",0,"BI","Mytilidae",NA,NA
"86","Grooved carpet shell",0,"BI","Veneridae",NA,NA
"87","Hooded oyster",0,"BI","Ostreidae",NA,NA
"88","Horned turban",0,"GAST","Turbinidae",NA,NA
"89","Horse mussels nei",0,"BI","Mytilidae",NA,NA
"90","Indian backwater oyster",0,"BI","Ostreidae",NA,NA
"91","Inflated ark",0,"BI","Arcidae",NA,NA
"92","Half-crenated ark",0,"BI","Arcidae",NA,NA
"93","Japanese abalone",0,"GAST","Haliotidae",NA,NA
"94","Japanese carpet shell",0,"BI","Veneridae",NA,NA
"95","Japanese hard clam",0,"BI","Veneridae",NA,NA
"96","Korean mussel",0,"BI","Mytilidae",NA,NA
"97","Mangrove cupped oyster",0,"BI","Ostreidae",NA,NA
"98","Mediterranean mussel",0,"BI","Mytilidae",NA,NA
"99","New Zealand mussel",0,"BI","Mytilidae",NA,NA
"100","Northern quahog(=Hard clam)",0,"BI","Veneridae",NA,NA
"101","Olympia oyster",0,"BI","Ostreidae",NA,NA
"102","Oriental cyclina",1,"BI","Veneridae",NA,NA
"103","Pacific calico scallop",0,"BI","Pectinidae",NA,NA
"104","Pacific cupped oyster",0,"BI","Ostreidae",NA,NA
"105","Pacific geoduck",0,"BI","Hiatellidae",NA,NA
"106","Pacific horse clam",0,"BI","Mactridae",NA,NA
"107","Pacific lion's paw",0,"BI","Pectinidae",NA,NA
"108","Lion's paw",0,"BI","Pectinidae","already present as Pacific lion's paw which is included",NA
"109","Pacific littleneck clam",0,"BI","Veneridae",NA,NA
"110","Pearl oyster shells nei",0,"BI","Pteriidae",NA,NA
"111","Pen shells nei",0,"BI","Pinnidae",NA,NA
"112","Penguin wing oyster",0,"BI","Pteriidae",NA,NA
"113","Peppery furrow",0,"BI","Semelidae",NA,NA
"114","Periwinkles nei",0,"GAST","Littorinidae",NA,NA
"115","Perlemoen abalone",0,"GAST","Haliotidae",NA,NA
"116","Peruvian calico scallop",0,"BI","Pectinidae",NA,NA
"117","Pod razor shell",0,"BI","Pharidae",NA,NA
"118","Pullet carpet shell",0,"BI","Veneridae",NA,NA
"119","Queen conch",0,"GAST","Strombidae",NA,NA
"120","Queen scallop",0,"BI","Pectinidae",NA,NA
"121","Red abalone",0,"GAST","Haliotidae",NA,NA
"122","River Plata mussel",1,"BI","Mytilidae",NA,NA
"123","Rooster venus",0,"BI","Veneridae",NA,NA
"124","Sand gaper",0,"BI","Myidae",NA,NA
"125","Scallops nei",0,"BI","Pectinidae",NA,NA
"126","Sea mussels nei",0,"BI","Mytilidae",NA,NA
"127","Sea snails",0,"GAST","Liparidae",NA,NA
"128","Slipper cupped oyster",0,"BI","Ostreidae",NA,NA
"129","Smooth giant clam",0,"BI","Cardiidae",NA,NA
"130","Smooth mactra",0,"BI","Mactridae",NA,NA
"131","Solen razor clams nei",0,"BI","Soleidae",NA,NA
"132","South American rock mussel",0,"BI","Mytilidae",NA,NA
"133","Southern Australia scallop",0,"BI","Pectinidae",NA,NA
"134","Striped venus",0,"BI","Veneridae",NA,NA
"135","Stromboid conchs nei",0,"GAST","Strombidae",NA,NA
"136","Sydney cupped oyster",0,"BI","Ostreidae",NA,NA
"137","Tuberculate abalone",0,"GAST","Haliotidae",NA,NA
"138","Variegated scallop",0,"BI","Pectinidae",NA,NA
"139","Venus clams nei",0,"BI","Veneridae",NA,NA
"140","Warty venus",0,"BI","Veneridae",NA,NA
"141","Yesso scallop",0,"BI","Pectinidae",NA,NA
"142","Great Mediterranean scallop",0,"BI","Pectinidae",NA,NA
"143","Pacific asaphis",0,"BI","Veneridae",NA,NA
"144","Rough turban",0,"GAST","Turbinidae",NA,NA
"145","Broad geloina",0,"BI","Arcidae",NA,NA
"146","Rainbow abalone",0,"GAST","Haliotidae",NA,NA
"147","Olive green cockle",0,"BI","Cardiidae",NA,NA
"148","Common cuttlefish",0,"CEPH","Sepiidae",NA,NA
"149","Octopuses nei",0,"CEPH","Octopodidae",NA,NA
"150","Octopuses, etc. nei",0,"CEPH","Octopodidae",NA,NA
"151","Blue crab",0,"CRUST","Portunidae",NA,NA
"152","Blue swimming crab",0,"CRUST","Portunidae",NA,NA
"153","Callinectes swimcrabs nei",0,"CRUST","Portunidae",NA,NA
"154","Flathead lobster",0,"CRUST","Scyllaridae",NA,NA
"155","Gazami crab",0,"CRUST","Portunidae",NA,NA
"156","Green crab",0,"CRUST","Portunidae",NA,NA
"157","Indo-Pacific swamp crab",0,"CRUST","Portunidae",NA,NA
"158","Japanese spiny lobster",0,"CRUST","Palinuridae",NA,NA
"159","Marine crabs nei",0,"CRUST","Portunidae",NA,NA
"160","Marine crustaceans nei",0,"CRUST","Crustaceans",NA,NA
"161","Mud spiny lobster",0,"CRUST","Palinuridae",NA,NA
"162","Natantian decapods nei",0,"CRUST","Sergestidae",NA,NA
"163","Orange mud crab",0,"CRUST","Portunidae",NA,NA
"164","Palinurid spiny lobsters nei",0,"CRUST","Palinuridae",NA,NA
"165","Portunus swimcrabs nei",0,"CRUST","Portunidae",NA,NA
"166","Spinous spider crab",0,"CRUST","Portunidae",NA,NA
"167","Spiny lobsters nei",0,"CRUST","Palinuridae",NA,NA
"168","Swimming crabs, etc. nei",0,"CRUST","Portunidae",NA,NA
"169","Tropical spiny lobsters nei",0,"CRUST","Palinuridae",NA,NA
"170","Mediterranean shore crab",0,"CRUST","Portunidae",NA,NA
"171","Caribbean spiny lobster",0,"CRUST","Palinuridae",NA,NA
"172","Green mud crab",0,"CRUST","Portunidae",NA,NA
"173","[Boleophthalmus pectinirostris]",1,"F","Gobiidae",NA,NA
"174","[Solea spp]",0,"F","Soleidae",NA,NA
"175","Amberjacks nei",0,"F","Carangidae",NA,NA
"176","Arctic char",0,"F","Salmonidae",NA,NA
"177","Areolate grouper",0,"F","Serranidae",NA,NA
"178","Atipa",1,"F","Eusiridae",NA,NA
"179","Atlantic bluefin tuna",0,"F","Scombridae",NA,NA
"180","Atlantic cod",0,"F","Gadidae",NA,NA
"181","Atlantic halibut",0,"F","Pleuronectidae",NA,NA
"182","Atlantic salmon",0,"F","Salmonidae",NA,NA
"183","Atlantic spadefish",1,"F","Ephippidae",NA,NA
"184","Atlantic wolffish",0,"F","Anarhichadidae",NA,NA
"185","Bagrid catfish",1,"F","Bagridae","freshwater",NA
"186","North African catfish",1,"F","Clariidae","freshwater",NA
"187","Ballan wrasse",0,"F","Labridae",NA,NA
"188","Barramundi(=Giant seaperch)",0,"F","Latidae",NA,NA
"189","Bastard halibut",0,"F","Paralichthyidae",NA,NA
"190","Bastard halibuts nei",0,"F","Paralichthyidae",NA,NA
"191","Big-scale sand smelt",0,"F","Atherinidae",NA,NA
"192","Bigeye trevally",0,"F","Carangidae",NA,NA
"193","Bighead carp",1,"F","Cyprinidae","freshwater",NA
"194","Black bullhead",1,"F","Ictaluridae","freshwater",NA
"195","Black catfishes nei",1,"F","Ictaluridae","freshwater",NA
"196","Black grouper",0,"F","Serranidae",NA,NA
"197","Black seabass",0,"F","Serranidae",NA,NA
"198","Blackchin tilapia",1,"F","Cichlidae",NA,NA
"199","Blackhead seabream",0,"F","Sparidae",NA,NA
"200","Blackspot(=red) seabream",0,"F","Sparidae",NA,NA
"201","Blackspot seabream",0,"F","Sparidae","already present as Blackspot(=red) seabream which is included",NA
"202","Twobar seabream",0,"F","Sparidae",NA,NA
"203","Blue tilapia",1,"F","Cichlidae",NA,NA
"204","Bluefish",0,"F","Kyphosidae",NA,NA
"205","Bluegill",1,"F","Centrarchidae",NA,NA
"206","Bluespot mullet",0,"F","Mugilidae",NA,NA
"207","Brill",0,"F","Amaryllidaceae",NA,NA
"208","Brown meagre",0,"F","Sciaenidae",NA,NA
"209","Brown-marbled grouper",0,"F","Serranidae",NA,NA
"210","Chars nei",0,"F","Delphacidae",NA,NA
"211","Chinook(=Spring=King) salmon",0,"F","Salmonidae",NA,NA
"212","Pink(=Humpback) salmon",0,"F","Salmonidae",NA,NA
"213","Chum(=Keta=Dog) salmon",0,"F","Salmonidae",NA,NA
"214","Cobia",0,"F","Curculionidae",NA,NA
"215","Coho(=Silver) salmon",0,"F","Salmonidae",NA,NA
"216","Common carp",1,"F","Poaceae",NA,NA
"217","Common dentex",0,"F","Sparidae",NA,NA
"218","Common pandora",0,"F","Sparidae",NA,NA
"219","Common snook",0,"F","Centropomidae",NA,NA
"220","Common sole",0,"F","Soleidae",NA,NA
"221","Common two-banded seabream",0,"F","Sparidae",NA,NA
"222","Crevalle jack",0,"F","Carangidae",NA,NA
"223","Crimson seabream",0,"F","Sparidae",NA,NA
"224","Red seabream",0,"F","Sparidae","already present as Crimson seabream which is included, included",NA
"225","Croakers, drums nei",0,"F","Sciaenidae",NA,NA
"226","Corvina drum",0,"F","Sciaenidae","already present as other drum species and other similar fish which are included, included",NA
"227","Cyprinids nei",1,"F","Cyprinidae",NA,NA
"228","Daggertooth pike conger",0,"F","Muraenesocidae",NA,NA
"229","Dotted gizzard shad",0,"F","Clupeidae",NA,NA
"230","Drums nei",0,"F","Sciaenidae",NA,NA
"231","European eel",0,"F","Anguillidae",NA,NA
"232","European flounder",0,"F","Pleuronectidae",NA,NA
"233","European seabass",0,"F","Moronidae",NA,NA
"234","European whitefish",0,"F","Salmonidae",NA,NA
"235","Filefishes nei",0,"F","Monacanthidae",NA,NA
"236","Filefishes, leatherjackets nei",0,"F","Monacanthidae",NA,NA
"237","Finfishes nei",0,"F","Chaunacidae",NA,NA
"238","Flatfishes nei",0,"F","Citharidae",NA,NA
"239","Flathead grey mullet",0,"F","Mugilidae",NA,NA
"240","Florida pompano",0,"F","Carangidae",NA,NA
"241","Fourfinger threadfin",0,"F","Polynemidae",NA,NA
"242","Freshwater fishes nei",1,"F","Fish","freshwater",NA
"243","Freshwater siluroids nei",1,"F","Siluridae","freshwater",NA
"244","Giant grouper",0,"F","Serranidae",NA,NA
"245","Tiger-dragon grouper, hybrid",0,"F","Serranidae",NA,NA
"246","Gilthead seabream",0,"F","Sparidae",NA,NA
"247","Gobies nei",0,"F","Gobiidae",NA,NA
"248","Golden trevally",0,"F","Carangidae",NA,NA
"249","Goldlined seabream",0,"F","Sparidae",NA,NA
"250","Goldsilk seabream",0,"F","Sparidae",NA,NA
"251","Grass carp(=White amur)",1,"F","Cyprinidae",NA,NA
"252","Greasy grouper",0,"F","Serranidae",NA,NA
"253","Great blue spotted mudskipper",1,"F","Gobiidae","freshwater",NA
"254","Greater amberjack",0,"F","Carangidae",NA,NA
"255","Green humphead parrotfish",0,"F","Scaridae",NA,NA
"256","Groundfishes nei",0,"F","Fish",NA,NA
"257","Groupers nei",0,"F","Serranidae",NA,NA
"258","Groupers, seabasses nei",0,"F","Serranidae",NA,NA
"259","Gudgeons, sleepers nei",0,"F","Ptereleotridae",NA,NA
"260","Haddock",0,"F","Rutaceae",NA,NA
"261","Hong Kong grouper",0,"F","Serranidae",NA,NA
"262","Humpback grouper",0,"F","Serranidae",NA,NA
"263","Indonesian snakehead",0,"F","Channidae",NA,NA
"264","Jacks, crevalles nei",0,"F","Carangidae",NA,NA
"265","Japanese amberjack",0,"F","Carangidae",NA,NA
"266","Japanese eel",0,"F","Anguillidae",NA,NA
"267","Japanese jack mackerel",0,"F","Carangidae",NA,NA
"268","Japanese meagre",0,"F","Sciaenidae",NA,NA
"269","Japanese seabass",0,"F","Lateolabracidae",NA,NA
"270","Japanese seabream",0,"F","Sparidae",NA,NA
"271","John's snapper",0,"F","Lutjanidae",NA,NA
"272","Korean rockfish",0,"F","Sebastidae",NA,NA
"273","Large yellow croaker",0,"F","Sciaenidae",NA,NA
"274","Largemouth black bass",0,"F","Centrarchidae",NA,NA
"275","Lebranche mullet",0,"F","Mugilidae",NA,NA
"276","Lefteye flounders nei",0,"F","Bothidae",NA,NA
"277","Longfin yellowtail",0,"F","Carangidae",NA,NA
"278","Mackerels nei",0,"F","Scombridae",NA,NA
"279","Malabar grouper",0,"F","Serranidae",NA,NA
"280","Malabar trevally",0,"F","Carangidae",NA,NA
"281","Mangrove red snapper",0,"F","Lutjanidae",NA,NA
"282","Marble goby",0,"F","Butidae",NA,NA
"283","Marbled spinefoot",0,"F","Siganidae",NA,NA
"284","Marine fishes nei",0,"F","Fish",NA,NA
"285","Masu(=Cherry) salmon",0,"F","Salmonidae",NA,NA
"286","Meagre",0,"F","Sciaenidae",NA,NA
"287","Metapenaeus shrimps nei",0,"F","Penaeidae",NA,NA
"288","Mi-iuy (brown) croaker",0,"F","Sciaenidae",NA,NA
"289","Milkfish",0,"F","Chanidae",NA,NA
"290","Mojarras(=Silver-biddies) nei",0,"F","Cichlidae",NA,NA
"291","Mozambique tilapia",1,"F","Cichlidae",NA,NA
"292","Mullets nei",0,"F","Apogonidae",NA,NA
"293","[Mugil spp]",0,"F","Mugilidae",NA,NA
"294","Nile perch",1,"F","Centropomidae",NA,NA
"295","Nile tilapia",1,"F","Cichlidae",NA,NA
"296","Okhotsk atka mackerel",0,"F","Hexagrammidae",NA,NA
"297","Orange-spotted grouper",0,"F","Serranidae",NA,NA
"298","Orbicular batfish",1,"F","Ephippidae",NA,NA
"299","Pacific bluefin tuna",0,"F","Scombridae",NA,NA
"300","Pangas catfishes nei",1,"F","Pangasiidae","freshwater",NA
"301","Papuan black snapper",0,"F","Lutjanidae",NA,NA
"302","Pargo breams nei",0,"F","Sparidae",NA,NA
"303","Percoids nei",0,"F","Percoidea",NA,NA
"304","Pollack",0,"F","Gadidae",NA,NA
"305","Pompano",0,"F","Carangidae",NA,NA
"306","Pompanos nei",0,"F","Carangidae",NA,NA
"307","Porgies, seabreams nei",0,"F","Sparidae",NA,NA
"308","Rainbow trout",0,"F","Salmonidae",NA,NA
"309","Red drum",0,"F","Sciaenidae",NA,NA
"310","Red porgy",0,"F","Sparidae",NA,NA
"311","Red swamp crawfish",1,"F","Cambaridae","freshwater",NA
"312","Righteye flounders nei",0,"F","Pleuronectidae",NA,NA
"313","River eels nei",1,"F","Anguillidae","freshwater",NA
"314","Russell's snapper",0,"F","Lutjanidae",NA,NA
"315","Sabaki tilapia",1,"F","Cichlidae",NA,NA
"316","Salmonids nei",0,"F","Salmonidae",NA,NA
"317","Salmonoids nei",0,"F","Salmonidae",NA,NA
"318","Sargo breams nei",0,"F","Sparidae",NA,NA
"319","Scats",0,"F","Rhinoprenidae",NA,NA
"320","Sciaenas nei",0,"F","Sciaenidae",NA,NA
"321","Scorpionfishes, redfishes nei",0,"F","Scorpaenidae",NA,NA
"322","Gulf snailfish",0,"F","Liparidae",NA,NA
"323","Sea trout",0,"F","Sciaenidae",NA,NA
"324","Seabasses nei",0,"F","Serranidae",NA,NA
"325","Senegalese sole",0,"F","Soleidae",NA,NA
"326","Sharpsnout seabream",0,"F","Sparidae",NA,NA
"327","Shi drum",0,"F","Sciaenidae",NA,NA
"328","Short-finned eel",1,"F","Anguillidae",NA,NA
"329","Silver barb",1,"F","Cyprinidae",NA,NA
"330","Silver carp",1,"F","Cyprinidae","freshwater",NA
"331","Silver seabream",1,"F","Sparidae",NA,NA
"332","Silversides(=Sand smelts) nei",1,"F","Atherinidae",NA,NA
"333","Sixfinger threadfin",0,"F","Polynemidae",NA,NA
"334","Snappers nei",0,"F","Lutjanidae",NA,NA
"335","Snappers, jobfishes nei",0,"F","Lutjanidae",NA,NA
"336","Snooks(=Robalos) nei",0,"F","Centropomidae",NA,NA
"337","Snubnose pompano",0,"F","Carangidae",NA,NA
"338","So-iuy mullet",0,"F","Mugilidae",NA,NA
"339","Sobaity seabream",0,"F","Sparidae",NA,NA
"340","Sockeye(=Red) salmon",0,"F","Salmonidae",NA,NA
"341","Soles nei",0,"F","Achiridae",NA,NA
"342","Southern bluefin tuna",0,"F","Scombridae",NA,NA
"343","Spinefeet(=Rabbitfishes) nei",0,"F","Siganidae",NA,NA
"344","Spotted coralgrouper",0,"F","Serranidae",NA,NA
"345","Spotted rose snapper",0,"F","Lutjanidae",NA,NA
"346","Spotted seabass",0,"F","Serranidae",NA,NA
"347","Spotted wolffish",0,"F","Anarhichadidae",NA,NA
"348","Squaretail mullet",0,"F","Mugilidae",NA,NA
"349","Streaked spinefoot",0,"F","Siganidae",NA,NA
"350","Striped bass, hybrid",0,"F","Moronidae",NA,NA
"351","Sturgeons nei",0,"F","Acipenseridae",NA,NA
"352","Tarpon",0,"F","Centropomidae",NA,NA
"353","Thinlip grey mullet",0,"F","Mugilidae",NA,NA
"354","Tiger pufferfish",0,"F","Tetraodontidae",NA,NA
"355","Tilapias nei",1,"F","Cichlidae",NA,NA
"356","Torpedo-shaped catfishes nei",1,"F","Ictaluridae","freshwater",NA
"357","Trumpet emperor",0,"F","Lethrinidae",NA,NA
"358","Turbot",0,"F","Chernetidae",NA,NA
"359","Two-spot red snapper",0,"F","Lutjanidae",NA,NA
"360","Waigieu seaperch",0,"F","Latidae",NA,NA
"361","White seabream",0,"F","Sparidae",NA,NA
"362","White trevally",0,"F","Carangidae",NA,NA
"363","White-spotted spinefoot",0,"F","Siganidae",NA,NA
"364","Whitemouth croaker",0,"F","Sciaenidae",NA,NA
"365","Yellowback seabream",0,"F","Sparidae",NA,NA
"366","Yellowfin seabream",0,"F","Sparidae",NA,NA
"367","Yellowfin tuna",0,"F","Scombridae",NA,NA
"368","Longrayed whiptail",0,"F","Macrouridae",NA,NA
"369","Yellowtail amberjack",0,"F","Carangidae",NA,NA
"370","Beluga",0,"F","Monodontidae",NA,NA
"371","Striped bass",0,"F","Moronidae",NA,NA
"372","Pink dentex",0,"F","Sparidae",NA,NA
"373","Trouts nei",0,"F","Sciaenidae",NA,NA
"374","Pufferfishes nei",0,"F","Tetraodontidae",NA,NA
"375","Emperor red snapper",0,"F","Lutjanidae",NA,NA
"376","Giant trevally",0,"F","Carangidae",NA,NA
"377","Starry sturgeon",0,"F","Acipenseridae",NA,NA
"378","Speckled longfin eel",0,"F","Anguillidae",NA,NA
"379","Malabar blood snapper",0,"F","Lutjanidae",NA,NA
"380","Crimson snapper",0,"F","Lutjanidae",NA,NA
"381","[Oplegnathus fasciatus]",0,"F","Oplegnathidae",NA,NA
"382","Convict grouper",0,"F","Serranidae",NA,NA
"383","Jack and horse mackerels nei",0,"F","Carangidae",NA,NA
"384","Pacific chub mackerel",0,"F","Scombridae",NA,NA
"385","Potato grouper",0,"F","Serranidae",NA,NA
"386","Bluespotted seabream",0,"F","Sparidae",NA,NA
"387","Redbanded seabream",0,"F","Sparidae",NA,NA
"388","Aquatic invertebrates nei",0,"INV","Invertabrates",NA,NA
"389","Marine molluscs nei",0,"GAST","Mollusca",NA,NA
"390","[Trochita spp]",1,"GAST","Calyptraeidae",NA,NA
"391","Japanese sea cucumber",0,"NS-INV","Stichopodidae",NA,NA
"392","Jellyfishes nei",0,"NS-INV","Cassiopeidae",NA,NA
"393","Sand fish",1,"NS-INV","Holothuriidae",NA,NA
"394","Sandfish",1,"NS-INV","Trichodontidae",NA,NA
"395","Sea cucumbers nei",0,"NS-INV","Cucumriidae",NA,NA
"396","American bull frog",0,"OTHER","Ranidae",NA,NA
"397","Green turtle",1,"OTHER","Cheloniidae","freshwater/not eaten",NA
"398","Akiami paste shrimp",0,"SH","Sergestidae",NA,NA
"399","Atlantic ditch shrimp",0,"SH","Palaemonidae",NA,NA
"400","Baltic prawn",0,"SH","Palaemonidae",NA,NA
"401","Banana prawn",0,"SH","Penaeidae",NA,NA
"402","Blue shrimp",0,"SH","Penaeidae",NA,NA
"403","Brine shrimp",0,"SH","Artemiidae",NA,NA
"404","Brine shrimps nei",0,"SH","Artemiidae",NA,NA
"405","Brown tiger prawn",0,"SH","Penaeidae",NA,NA
"406","Caramote prawn",0,"SH","Penaeidae",NA,NA
"407","Common prawn",0,"SH","Palaemonidae",NA,NA
"408","Eastern king prawn",0,"SH","Penaeidae",NA,NA
"409","Eastern school shrimp",0,"SH","Penaeidae",NA,NA
"410","Fleshy prawn",0,"SH","Penaeidae",NA,NA
"411","Giant river prawn",1,"SH","Palaemonidae","freshwater",NA
"412","Giant tiger prawn",0,"SH","Penaeidae",NA,NA
"413","Greasyback shrimp",0,"SH","Penaeidae",NA,NA
"414","Green tiger prawn",0,"SH","Penaeidae",NA,NA
"415","Indian white prawn",0,"SH","Penaeidae",NA,NA
"416","Kuruma prawn",0,"SH","Penaeidae",NA,NA
"417","Northern white shrimp",0,"SH","Penaeidae",NA,NA
"418","Palaemonid shrimps nei",0,"SH","Palaemonidae",NA,NA
"419","Penaeus shrimps nei",0,"SH","Penaeidae",NA,NA
"420","Redtail prawn",0,"SH","Penaeidae",NA,NA
"421","Southern white shrimp",0,"SH","Penaeidae",NA,NA
"422","Speckled shrimp",0,"SH","Penaeidae",NA,NA
"423","Whiteleg shrimp",0,"SH","Penaeidae",NA,NA
"424","Red bait",0,"TUN","Pyuridae",NA,NA
"425","Sea squirts nei",0,"TUN","Pyuridae",NA,NA
"426","Red oyas",0,"TUN","Pyuridae",NA,NA
"427","Sea urchins nei",0,"URCH","Strongylocentrotidae",NA,NA
"428","Stony sea urchin",0,"URCH","Parechinidae",NA,NA
"429","Paintpot cuttlefish",0,"CEPH","Sepiidae",NA,NA
"430","[Rhopilema esculentum]",0,"NS-INV","Rhizostomatidae",NA,NA
"431","Squillids nei",0,"SH","Squillidae",NA,NA
"432","Golden-lined spinefoot",0,"F","Siganidae",NA,NA
"433","Mottled spinefoot",0,"F","Siganidae",NA,NA
"434","[Macrocystis integrifolia]",0.001,"AL","Algae","seaweed: human food/alginates","- food use determined https://www.centralcoastbiodiversity.org/giant-perennial-kelp-bull-macrocystis-integrifolia.html
 - 1% proportion determined by best guess."
"435","Corrugated venus",0,"BI","Veneridae",NA,NA
"436","Purple dye murex",0,"GAST","Muricidae",NA,NA
"437","Southern red snapper",0,"F","Lutjanidae",NA,NA
"438","Atl.jackknife(=Atl.razor clam)",0,"BI","Pharidae",NA,NA
"439","[Cladosiphon okamuranus]",0.1,"AL","Algae","seaweed: human food/medicine","- food use determined https://en.wikipedia.org/wiki/Cladosiphon_okamuranus - sometimes used to treat cancer"
"440","[Eucheuma isiforme]",0.8,"AL","Solieriaceae","seaweed: human food/cosmetics/food processing","- non-food use determined using Wikipedia"
"441","Spotted scat",0,"F","Scatophagidae",NA,NA
"442","Red cusk-eel",1,"F","Ophidiidae",NA,NA
"443","Marine worms",1,"GAST","Lineidae",NA,NA
"444","Silver grunt",0,"F","Haemulidae",NA,NA
"445","Leister",1,"OTHER",NA,NA,NA
"446","[Scylla spp]",0.9,"GAST","Scyllaeidae","genus of nudibranchs","While some non-scientific sources mentioned that some people in the world [eat nudibranchs](https://atmosphereresorts.com/10-things-you-did-not-know-about-nudibranchs/#:~:text=Some%20humans%20actually%20eat%20nudibranchsas%20%E2%80%9Cchewing%20an%20eraser.%E2%80%9D) or sea slugs it doesn't seem like a prominent industry so I will estimate the exclusion value as 0.9"
"447","Skottsberg's gigartina",0.75,"AL","Algae","seaweed: agar/carrageenan/human food","- non-food and food use determined using FAO (red algae in Indonesia and Portugal mostly agar-containing seaweeds) (The main uses of red seaweeds are as food and as sources of two hydrocolloids: agar and carrageenan):http://www.fao.org/3/a-y4765e.pdf"
"448","[Mystus nigriceps]",1,"F","Bagridae","freshwater",NA
"449","[Polymesoda spp]",0,"BI","Cyrenidae",NA,NA
"450","Banded grouper",0,"F","Serranidae",NA,NA
"451","Barred-chest grouper",0,"F","Serranidae",NA,NA
"452","Black jack",0,"F","Carangidae",NA,NA
"453","Black pomfret",0,"F","Carangidae",NA,NA
"454","Blackbanded trevally",0,"F","Carangidae",NA,NA
"455","Blacksaddled coralgrouper",0,"F","Serranidae",NA,NA
"456","Blacktail snapper",0,"F","Lutjanidae",NA,NA
"457","Bludger",0,"F","Carangidae",NA,NA
"458","Blue sea chub",0,"F","Kyphosidae",NA,NA
"459","Bluefin trevally",0,"F","Carangidae",NA,NA
"460","Bluespotted trevally",1,"F","Carangidae",NA,"excluded because poisonous and mainly caught as bycatch"
"461","Blunt slipper lobster",0,"CRUST","Scylaridae",NA,NA
"462","Brassy trevally",0,"F","Carangidae",NA,NA
"463","Cachama",1,"F","Serrasalmidae","freshwater",NA
"464","Climbing perch",1,"F","Anabantidae","freshwater",NA
"465","Deep-water redfish",0,"F","Scorpaenidae",NA,NA
"466","Deepwater longtail red snapper",0,"F","Lutjanidae",NA,NA
"467","Duskytail grouper",0,"F","Serranidae",NA,NA
"468","Foursaddle grouper",0,"F","Serranidae",NA,NA
"469","Giant gourami",1,"F","Osphronemidae","freshwater",NA
"470","Green sea feather",0.2,"AL","Caulerpaceae","used as food and medicine","- food use determined https://sealifebase.nrm.se/summary/Caulerpa-sertularioides.html"
"471","Greenback mullet",0,"F","Mugilidae",NA,NA
"472","Harry hotlips",0,"F","Haemulidae",NA,NA
"473","Hawaiian ladyfish",0,"F","Elopidae",NA,NA
"474","Highfin coralgrouper",0,"F","Serranidae",NA,NA
"475","Highfin grouper",0,"F","Serranidae",NA,NA
"476","Humphead snapper",0,"F","Lutjanidae",NA,NA
"477","Jawla paste shrimp",0,"SH","Sergestidae",NA,NA
"478","Leopard coralgrouper",0,"F","Serranidae",NA,NA
"479","Longfin trevally",0,"F","Carangidae",NA,NA
"480","Longlegged spiny lobster",0,"CRUST","Palinuridae",NA,NA
"481","Longnose trevally",0,"F","Carangidae",NA,NA
"482","Longspine grouper",0,"F","Serranidae",NA,NA
"483","Masked grouper",0,"F","Serranidae",NA,NA
"484","Minstrel sweetlips",0,"F","Haemulidae",NA,NA
"485","Northern velvet shrimp",0,"SH","Penaeidae",NA,NA
"486","Pangas catfish",1,"F","Pangasiidae",NA,"excluded because it is primarily freshwater though can be brackish"
"487","Philippine catfish",0,"F","Clariidae",NA,NA
"488","Scalloped spiny lobster",0,"CRUST","Palinuridae",NA,NA
"489","Small-scaled terapon",0,"F","Terapontidae",NA,NA
"490","Speckled blue grouper",0,"F","Serranidae",NA,NA
"491","Spotty-face anchovy",0,"F","Engraulidae",NA,NA
"492","Squaretail coralgrouper",0,"F","Serranidae",NA,NA
"493","Striped snakehead",0,"F","Channidae",NA,NA
"494","White-edged lyretail",0,"F","Serranidae",NA,NA
"495","Yellowspotted trevally",0,"F","Carangidae",NA,NA
"496","[Pomadasys spp]",0,"F","Haemulidae",NA,NA
"497","Barcoo grunter",1,"F","Terapontidae","freshwater",NA
"498","Blacktip grouper",0,"F","Serranidae",NA,NA
"499","Commercial top",1,"GAST","Tegulidae",NA,"excluded because it is primarily harvested for its shell, though it can be eaten https://en.wikipedia.org/wiki/Rochia_nilotica"
"500","Desert dace",1,"F","Cyprinidae","freshwater",NA
"501","SOLIERIACEAE",0.75,"AL","Algae",NA,"- used red seaweed include value"
"502","BANGIACEAE",0.01,"AL","Algae",NA,"- food use determined, wikipedia mentions wide food use https://en.wikipedia.org/wiki/Bangiaceae"
"503","RHIZOSTOMIDAE",0,"NS-INV","Rhizostomatidae",NA,NA
"504","BAGRIDAE",1,"F","Bagridae","primarily freshwater",NA
"505","CORBICULIDAE",0,"BI","Corbiculiade",NA,NA
"506","SARGASSACEAE",0.9,"AL","Algae",NA,"- used sargassum spp value"
"507","MUGILIDAE",0,"F","Mugilidae",NA,NA
"508","OPLEGNATHIDAE",0,"F","Oplegnathidae",NA,NA
"509","ULOTRICHACEAE",0.15,"AL","Algae",NA,"- used overall seaweed exclude value due to lack of available information on the species"
"510","HAEMULIDAE",0,"F","Haemulidae",NA,NA
"511","GIGARTINACEAE",0.75,"AL","Algae",NA,"- used red seaweed include value"
"512","LESSONIACEAE",0.5,"AL","Algae",NA,"- used same exclude value as kelp nei"
"513","SOLEIDAE",0,"F","Soleidae",NA,NA
"514","OSCILLATORIACEAE",1,"AL","Algae",NA,"- excluded as is typically freshwater https://en.wikipedia.org/wiki/Oscillatoria"
"515","DUNALIELLACEAE",0.15,"AL","Algae",NA,"- used overall seaweed exclude value due to lack of more information"
"516","PORTUNIDAE",0,"CRUST","Portunidae",NA,NA
"517","CHORDARIACEAE",0.5,"AL","Algae","seaweed: human food/alginate","- used brown seaweed include value"
"518","CALYPTRAEIDAE",1,"GAST","Calyptraeidae",NA,"seems like they are mainly an invasive though there are attempts to market some species as food https://en.wikipedia.org/wiki/Crepidula_fornicata https://en.wikipedia.org/wiki/Calyptraeidae"
"519","Tarpon snook",0,"F","Centropomidae","Centropomus pectinatus, used for human consumption","https://fishbase.se/country/CountrySpeciesSummary.php?c_code=188&id=1015"
"520","Clown crab",1,"CRUST","Xanthidae","ornamental, used in aquarium trade, too small for human consumption","https://en.wikipedia.org/wiki/Platypodiella_spectabilis"
"521","Coarse shrimp",0,"CRUST","Penaeidae","Not fully certain, but species distribution adds up.","Taken as incidental catch, mainly at night by trawlers, also with artisanal gear. Of minor economic importance because of its small size and hard shell. Marketed mainly fresh for local consumption. Indo-West Pacific from Persian Gulf to Taiwan Province of China and northern Australia https://decapoda.nhm.org/pdfs/27678/27678.pdf"
"522","Freshwater crustaceans nei",1,"CRUST","Crustaceans","Freshwater, so excluded",NA
"523","Whiskered velvet shrimp",0.1,"CRUST","Penaeidae","used for food and ornamental in aquarium trade",NA
"524","Hard clams nei",0,"BI","Veneridae",NA,NA
"525","Bonefish",0,"F","Albulidae",NA,"https://en.wikipedia.org/wiki/Bonefish"
"526","Mexican spiny lobster",0,"CRUST","Palinuridae",NA,NA
"527","Mojarras, etc. nei",0,"F","Gerreidae",NA,NA
"528","Northern brown shrimp",0,"CRUST","Penaeidae","Farfantepenaeus aztecus, used for human consumption","https://en.wikipedia.org/wiki/Farfantepenaeus_aztecus"
"529","Sea catfishes nei",0,"F","Ariidae",NA,NA
"530","Smalleyed squillid mantis shri",0,"CRUST","Squillidae","Smalleyed squillid mantis shrimp, mostly for human consumption, found in markets in Phillipines according to FAO guide"," https://www.sealifebase.se/country/CountrySpeciesSummary.php?c_code=036&Genus=Miyakea&Species=nepa#:~:text=Miyakea%20nepa%2C%20Smalleyed%20squillid%20mantis,Stomatopoda; FAO guide: https://decapoda.nhm.org/pdfs/27677/27677.pdf -- notes that Miyakea commonly used for human consumption, found in markets in Phillipines"
"531","Fine flounder",0,"F","Paralichthyidae","used for human consumption, Paralichthys adspersu","https://en.wikipedia.org/wiki/Paralichthys_adspersus"
"532","Ascidiaceans",0,"TUN","Pyuridae","sea squirts",NA
"533","Red king crab",0,"CRUST","Lithodidae","used for human consumption",NA
"534","Truncate donax",0,"BI","Donacidae.","wedge clam, coquina clam; used for human consumption","https://en.wikipedia.org/wiki/Donax_trunculus"
"535","White grouper",0,"F","Serranidae","used for human consumption https://en.wikipedia.org/wiki/White_grouper",NA
