rgn_id,year,product,exposure
5,1984,ornamentals,1.0737166333426008e-4
5,1985,ornamentals,5.368688483782057e-5
5,1986,ornamentals,7.158204503310335e-5
5,1987,ornamentals,9.842434651808222e-5
5,1988,ornamentals,7.158204503310335e-5
5,1989,ornamentals,7.158204503310335e-5
5,1990,ornamentals,4.473921697647688e-5
5,1991,ornamentals,0
5,1992,ornamentals,0
5,1993,ornamentals,0
5,1994,ornamentals,0
5,1995,ornamentals,0
5,1996,ornamentals,0
5,1997,ornamentals,3.579149060487678e-5
5,1998,ornamentals,8.052953736857282e-5
5,1999,ornamentals,8.947697119654278e-5
5,2000,ornamentals,1.521073698560355e-4
5,2001,ornamentals,1.7894809175002035e-4
5,2002,ornamentals,1.7000124295192656e-4
5,2003,ornamentals,2.0578828715498606e-4
5,2004,ornamentals,1.8789488204963803e-4
5,2005,ornamentals,1.6105433565398407e-4
5,2006,ornamentals,1.521073698560355e-4
5,2007,ornamentals,1.43160345557012e-4
5,2008,ornamentals,1.3421326275584472e-4
5,2009,ornamentals,1.2526612145237622e-4
5,2010,ornamentals,1.521073698560355e-4
5,2011,ornamentals,1.7000124295192656e-4
5,2012,ornamentals,2.8630571464260707e-4
5,2013,ornamentals,3.936549150326081e-4
5,2014,ornamentals,4.741612888527997e-4
5,2015,ornamentals,5.457185338078461e-4
5,2016,ornamentals,5.099403790940558e-4
5,2017,ornamentals,4.1154562966936464e-4
5,2018,ornamentals,3.041978329013134e-4
5,2019,ornamentals,1.7894809175002035e-4
5,2020,ornamentals,6.263449418997687e-5
5,2021,ornamentals,2.6843705721951225e-5
5,2022,ornamentals,0
7,1996,ornamentals,0.001403410775788576
7,1997,ornamentals,9.957942210097135e-4
7,1998,ornamentals,0.0010013322605651525
7,1999,ornamentals,0.0011027911252039536
7,2000,ornamentals,7.670465720187371e-4
7,2001,ornamentals,6.20075439819417e-4
7,2002,ornamentals,0.0011550801859795093
7,2003,ornamentals,0.001840942234060715
7,2004,ornamentals,0.0023165090485516558
7,2005,ornamentals,0.0028612863836701636
7,2006,ornamentals,0.002791300539351937
7,2007,ornamentals,0.0017544493494018934
7,2008,ornamentals,0.0025888435038772264
7,2009,ornamentals,0.002965447039201018
7,2010,ornamentals,0.0030546140936917087
7,2011,ornamentals,0.0030546140936917087
7,2012,ornamentals,0.001729864272063969
7,2013,ornamentals,8.075421516868347e-4
7,2014,ornamentals,0
7,2015,ornamentals,0
7,2016,ornamentals,0
7,2017,ornamentals,0
7,2018,ornamentals,0
7,2019,ornamentals,0
7,2020,ornamentals,0
7,2021,ornamentals,0
7,2022,ornamentals,0
8,2013,ornamentals,6.258216776609543e-4
8,2014,ornamentals,3.1294661720997387e-4
8,2015,ornamentals,3.9159288113264185e-4
8,2016,ornamentals,5.4314106660246e-4
8,2017,ornamentals,6.361219752456008e-4
8,2018,ornamentals,0.0013841061545686556
8,2019,ornamentals,0.0012469925559605072
8,2020,ornamentals,9.976849414437194e-4
8,2021,ornamentals,7.483318951550783e-4
8,2022,ornamentals,0
9,1996,ornamentals,0
9,1997,ornamentals,0
9,1998,ornamentals,3.721979471866923e-5
9,1999,ornamentals,2.512139694528195e-4
9,2000,ornamentals,3.9075735964037926e-4
9,2001,ornamentals,4.4657073134709815e-4
9,2002,ornamentals,4.3226669982280983e-4
9,2003,ornamentals,2.0899721796006497e-4
9,2004,ornamentals,6.943528953818285e-5
9,2005,ornamentals,3.447767540502924e-5
9,2006,ornamentals,2.0871350690001724e-5
9,2007,ornamentals,2.0871350690001724e-5
9,2008,ornamentals,4.5085902211780775e-5
9,2009,ornamentals,2.4214920869910906e-5
9,2010,ornamentals,2.4214920869910906e-5
9,2011,ornamentals,2.4214920869910906e-5
9,2012,ornamentals,0
9,2013,ornamentals,0
9,2014,ornamentals,0
9,2015,ornamentals,0
9,2016,ornamentals,0
9,2017,ornamentals,0
9,2018,ornamentals,0
9,2019,ornamentals,0
9,2020,ornamentals,0
9,2021,ornamentals,0
9,2022,ornamentals,0
14,1976,ornamentals,0.01665956093515613
14,1977,ornamentals,0.013142624305358173
14,1978,ornamentals,0.012471705527313371
14,1979,ornamentals,0.009364419885122526
14,1980,ornamentals,0.012136122736176527
14,1981,ornamentals,0.010246934486406905
14,1982,ornamentals,0.010624980859125732
14,1983,ornamentals,0.011506683087813288
14,1984,ornamentals,0.008481335731737087
14,1985,ornamentals,0.011128880269790978
14,1986,ornamentals,0.01087695376014128
14,1987,ornamentals,0.011632594183300968
14,1988,ornamentals,0.008607525509194242
14,1989,ornamentals,0.005955093233711934
14,1990,ornamentals,0.004690220825298085
14,1991,ornamentals,0.004563669252585383
14,1992,ornamentals,0.005575754266035123
14,1993,ornamentals,0.008228921259107904
14,1994,ornamentals,0.011506683087813288
14,1995,ornamentals,0.016784998785773268
14,1996,ornamentals,0.02229291089643741
14,1997,ornamentals,0.028773805966451807
14,1998,ornamentals,0.033862187527870805
14,1999,ornamentals,0.03571907295969988
14,2000,ornamentals,0.03571907295969988
14,2001,ornamentals,0.03349050786442666
14,2002,ornamentals,0.03299477787961609
14,2003,ornamentals,0.03571907295969988
14,2004,ornamentals,0.039918707406168145
14,2005,ornamentals,0.046316849405323705
14,2006,ornamentals,0.050239349113196656
14,2007,ornamentals,0.05341812128886393
14,2008,ornamentals,0.052196390369319584
14,2009,ornamentals,0.05134052921258336
14,2010,ornamentals,0.050606507620528624
14,2011,ornamentals,0.04705317511718811
14,2012,ornamentals,0.050239349113196656
14,2013,ornamentals,0.054882759940533654
14,2014,ornamentals,0.045580127248262874
14,2015,ornamentals,0.038931717095790803
14,2016,ornamentals,0.03014083988651409
14,2017,ornamentals,0.01891568475199392
14,2018,ornamentals,0.022417833410102988
14,2019,ornamentals,0.01816405673003548
14,2020,ornamentals,0.013394134060154685
14,2021,ornamentals,0.006839808737115714
14,2022,ornamentals,0
17,1998,ornamentals,2.4003344589651067e-4
17,1999,ornamentals,1.371671249842299e-4
17,2000,ornamentals,9.144627777405666e-5
17,2001,ornamentals,6.858528126912805e-5
17,2002,ornamentals,8.573348161503436e-6
17,2003,ornamentals,0
17,2004,ornamentals,0
17,2005,ornamentals,0
17,2006,ornamentals,0
17,2007,ornamentals,0
17,2008,ornamentals,0
17,2009,ornamentals,0
17,2010,ornamentals,0
17,2011,ornamentals,3.0860669723392376e-4
17,2012,ornamentals,3.0860669723392376e-4
17,2013,ornamentals,3.2866957894069104e-4
17,2014,ornamentals,3.482675505992699e-4
17,2015,ornamentals,3.966979917252896e-5
17,2016,ornamentals,6.074800381815213e-5
17,2017,ornamentals,4.068119334575441e-5
17,2018,ornamentals,2.1078815737114708e-5
17,2019,ornamentals,2.1078815737114708e-5
17,2020,ornamentals,0
17,2021,ornamentals,0
17,2022,ornamentals,0
18,2012,ornamentals,0.003470610127683929
18,2013,ornamentals,0.0040075236044891695
18,2014,ornamentals,0.004218977143256442
18,2015,ornamentals,0.004361283243906332
18,2016,ornamentals,0.004495444013303613
18,2017,ornamentals,0.004300296727270408
18,2018,ornamentals,0.004044123670803767
18,2019,ornamentals,0.002848014864414731
18,2020,ornamentals,0.001846385059116732
18,2021,ornamentals,9.051622685159628e-4
18,2022,ornamentals,0
24,2006,ornamentals,1
24,2007,ornamentals,0.5893889170204999
24,2008,ornamentals,0.4922750553464866
24,2009,ornamentals,0.5779393945532649
24,2010,ornamentals,0.41830833417193
24,2011,ornamentals,0.41830833417193
24,2012,ornamentals,0.4009719701459917
24,2013,ornamentals,0.17888807921385216
24,2014,ornamentals,0.051634429449225694
24,2015,ornamentals,0.051634429449225694
24,2016,ornamentals,0
24,2017,ornamentals,0
24,2018,ornamentals,0
24,2019,ornamentals,0
24,2020,ornamentals,0
24,2021,ornamentals,0
24,2022,ornamentals,0
25,1988,ornamentals,0.007164334780048638
25,1989,ornamentals,0.00522121339643218
25,1990,ornamentals,0.004832257776213496
25,1991,ornamentals,0.0046182850482632
25,1992,ornamentals,0.004443191561622787
25,1993,ornamentals,0.0036257922463820147
25,1994,ornamentals,0.002613097057968288
25,1995,ornamentals,0.0016191482341795745
25,1996,ornamentals,0
25,1997,ornamentals,0
25,1998,ornamentals,0
25,1999,ornamentals,0
25,2000,ornamentals,0
25,2001,ornamentals,0
25,2002,ornamentals,0
25,2003,ornamentals,0
25,2004,ornamentals,0
25,2005,ornamentals,0
25,2006,ornamentals,0
25,2007,ornamentals,0
25,2008,ornamentals,0
25,2009,ornamentals,0
25,2010,ornamentals,0
25,2011,ornamentals,0
25,2012,ornamentals,0
25,2013,ornamentals,5.659442824084355e-4
25,2014,ornamentals,0.001599651822510397
25,2015,ornamentals,0.003255855894291935
25,2016,ornamentals,0.003255855894291935
25,2017,ornamentals,0.0026910233025814042
25,2018,ornamentals,0.0016581402241628576
25,2019,ornamentals,0
25,2020,ornamentals,0
25,2021,ornamentals,0
25,2022,ornamentals,0
29,1996,ornamentals,0
29,1997,ornamentals,0
29,1998,ornamentals,0
29,1999,ornamentals,0
29,2000,ornamentals,0
29,2001,ornamentals,0
29,2002,ornamentals,0
29,2003,ornamentals,0
29,2004,ornamentals,0
29,2005,ornamentals,0
29,2006,ornamentals,0.03241825811981074
29,2007,ornamentals,0.04554688224455459
29,2008,ornamentals,0.05299278256213795
29,2009,ornamentals,0.05299278256213795
29,2010,ornamentals,0.021064015816816644
29,2011,ornamentals,0.007697211879617679
29,2012,ornamentals,0
29,2013,ornamentals,0
29,2014,ornamentals,0
29,2015,ornamentals,0
29,2016,ornamentals,0
29,2017,ornamentals,0
29,2018,ornamentals,0
29,2019,ornamentals,0
29,2020,ornamentals,0
29,2021,ornamentals,0
29,2022,ornamentals,0
37,1992,ornamentals,0.00382046241701998
37,1993,ornamentals,0.00382046241701998
37,1994,ornamentals,0.00382046241701998
37,1995,ornamentals,0.003411637003969511
37,1996,ornamentals,0.003411637003969511
37,1997,ornamentals,0.0032753347178511812
37,1998,ornamentals,0.0032753347178511812
37,1999,ornamentals,0.004092944848330823
37,2000,ornamentals,0.0042291657188741815
37,2001,ornamentals,0.004773913629963052
37,2002,ornamentals,0.005862759271838947
37,2003,ornamentals,0.005046206280626428
37,2004,ornamentals,0.004365373029610404
37,2005,ornamentals,0.003411637003969511
37,2006,ornamentals,0.001775112779025423
37,2007,ornamentals,0.0015021683486229128
37,2008,ornamentals,0.0013656757138351197
37,2009,ornamentals,0.0013656757138351197
37,2010,ornamentals,0.0012291694623676765
37,2011,ornamentals,0.0013656757138351197
37,2012,ornamentals,0.0012291694623676765
37,2013,ornamentals,8.195689807144454e-4
37,2014,ornamentals,5.464338597136922e-4
37,2015,ornamentals,2.7324420673507016e-4
37,2016,ornamentals,0.0013656757138351197
37,2017,ornamentals,0.0021844273674146942
37,2018,ornamentals,0.003411637003969511
37,2019,ornamentals,0.0032753347178511812
37,2020,ornamentals,0.0021844273674146942
37,2021,ornamentals,0.0013656757138351197
37,2022,ornamentals,1.3662892394898982e-4
39,1980,ornamentals,6.392965317814172e-4
39,1981,ornamentals,7.558818055167729e-4
39,1982,ornamentals,8.339189354856196e-4
39,1983,ornamentals,8.362527144176976e-4
39,1984,ornamentals,8.464257573731773e-4
39,1985,ornamentals,9.474355524391273e-4
39,1986,ornamentals,7.000000372449288e-4
39,1987,ornamentals,8.959901300011618e-4
39,1988,ornamentals,7.260501104558049e-4
39,1989,ornamentals,4.069223917617181e-4
39,1990,ornamentals,4.069223917617181e-4
39,1991,ornamentals,0
39,1992,ornamentals,0
39,1993,ornamentals,0
39,1994,ornamentals,0
39,1995,ornamentals,0
39,1996,ornamentals,0
39,1997,ornamentals,0
39,1998,ornamentals,0
39,1999,ornamentals,0
39,2000,ornamentals,0
39,2001,ornamentals,0
39,2002,ornamentals,0
39,2003,ornamentals,0
39,2004,ornamentals,0
39,2005,ornamentals,0
39,2006,ornamentals,0
39,2007,ornamentals,0
39,2008,ornamentals,0
39,2009,ornamentals,0
39,2010,ornamentals,0
39,2011,ornamentals,0
39,2012,ornamentals,0
39,2013,ornamentals,0
39,2014,ornamentals,0
39,2015,ornamentals,0
39,2016,ornamentals,0
39,2017,ornamentals,0
39,2018,ornamentals,0
39,2019,ornamentals,0
39,2020,ornamentals,0
39,2021,ornamentals,0
39,2022,ornamentals,0
41,2004,ornamentals,0
41,2005,ornamentals,0
41,2006,ornamentals,0
41,2007,ornamentals,0
41,2008,ornamentals,0
41,2009,ornamentals,0
41,2010,ornamentals,0
41,2011,ornamentals,0
41,2012,ornamentals,0
41,2013,ornamentals,2.062907861215222e-4
41,2014,ornamentals,4.950456476180276e-4
41,2015,ornamentals,5.362913682670778e-4
41,2016,ornamentals,5.362913682670778e-4
41,2017,ornamentals,3.3005033114497236e-4
41,2018,ornamentals,4.126064534936884e-5
41,2019,ornamentals,0
41,2020,ornamentals,0
41,2021,ornamentals,0
41,2022,ornamentals,0
42,2000,ornamentals,0
42,2001,ornamentals,0
42,2002,ornamentals,0
42,2003,ornamentals,0
42,2004,ornamentals,0
42,2005,ornamentals,0
42,2006,ornamentals,0
42,2007,ornamentals,0
42,2008,ornamentals,0
42,2009,ornamentals,0
42,2010,ornamentals,0
42,2011,ornamentals,0
42,2012,ornamentals,0
42,2013,ornamentals,5.0847203968397906e-5
42,2014,ornamentals,1.0169251852102117e-4
42,2015,ornamentals,1.5253594379888863e-4
42,2016,ornamentals,2.0337747994209196e-4
42,2017,ornamentals,1.5253594379888863e-4
42,2018,ornamentals,1.0169251852102117e-4
42,2019,ornamentals,5.0847203968397906e-5
42,2020,ornamentals,0
42,2021,ornamentals,0
42,2022,ornamentals,0
43,2003,ornamentals,0.06782079021555586
43,2004,ornamentals,0.07260715269772466
43,2005,ornamentals,0.06044902839812102
43,2006,ornamentals,0.056264745342636605
43,2007,ornamentals,0.043146460188382675
43,2008,ornamentals,0.028491934191024394
43,2009,ornamentals,0.01958078170863555
43,2010,ornamentals,0.02354846024281508
43,2011,ornamentals,0.030956989871664446
43,2012,ornamentals,0.03236371102629721
43,2013,ornamentals,0.040458728420009096
43,2014,ornamentals,0.03506737476349794
43,2015,ornamentals,0.028421548232197228
43,2016,ornamentals,0.03137923457178712
43,2017,ornamentals,0.03383909890943415
43,2018,ornamentals,0.035803811396433044
43,2019,ornamentals,0.03137923457178712
43,2020,ornamentals,0.0222390914376657
43,2021,ornamentals,0.011539482556722332
43,2022,ornamentals,0
45,1996,ornamentals,4.3470867107074423e-4
45,1997,ornamentals,6.520112285964535e-4
45,1998,ornamentals,4.3470867107074423e-4
45,1999,ornamentals,3.260444498615624e-4
45,2000,ornamentals,2.1737159852737879e-4
45,2001,ornamentals,0
45,2002,ornamentals,0
45,2003,ornamentals,0
45,2004,ornamentals,0
45,2005,ornamentals,0
45,2006,ornamentals,0
45,2007,ornamentals,0
45,2008,ornamentals,3.260444498615624e-4
45,2009,ornamentals,4.3470867107074423e-4
45,2010,ornamentals,4.3470867107074423e-4
45,2011,ornamentals,4.3470867107074423e-4
45,2012,ornamentals,1.0869011569727352e-4
45,2013,ornamentals,0
45,2014,ornamentals,0
45,2015,ornamentals,0
45,2016,ornamentals,0
45,2017,ornamentals,0
45,2018,ornamentals,0
45,2019,ornamentals,0
45,2020,ornamentals,0
45,2021,ornamentals,0
45,2022,ornamentals,0
47,2004,ornamentals,0.0021551333991870064
47,2005,ornamentals,0.005381482409471621
47,2006,ornamentals,0.004067962095666119
47,2007,ornamentals,0.0032314285492658764
47,2008,ornamentals,0.004306877776468769
47,2009,ornamentals,0.002424286564756328
47,2010,ornamentals,0.005739496495402453
47,2011,ornamentals,0.007528163191948368
47,2012,ornamentals,0.00591846841750334
47,2013,ornamentals,0.005650001755284513
47,2014,ornamentals,0.0019756685382034474
47,2015,ornamentals,0
47,2016,ornamentals,0
47,2017,ornamentals,0
47,2018,ornamentals,0
47,2019,ornamentals,0
47,2020,ornamentals,0
47,2021,ornamentals,0
47,2022,ornamentals,0
48,1995,ornamentals,0
48,1996,ornamentals,0
48,1997,ornamentals,4.233165555739672e-4
48,1998,ornamentals,5.291252350712881e-4
48,1999,ornamentals,6.349257333412934e-4
48,2000,ornamentals,6.349257333412934e-4
48,2001,ornamentals,6.349257333412934e-4
48,2002,ornamentals,6.349257333412934e-4
48,2003,ornamentals,0.0024322837008622623
48,2004,ornamentals,0.0024322837008622623
48,2005,ornamentals,0.002115274388155338
48,2006,ornamentals,0.0019038940370403432
48,2007,ornamentals,0
48,2008,ornamentals,0
48,2009,ornamentals,0
48,2010,ornamentals,0
48,2011,ornamentals,0
48,2012,ornamentals,0
48,2013,ornamentals,0
48,2014,ornamentals,0
48,2015,ornamentals,0
48,2016,ornamentals,0
48,2017,ornamentals,0
48,2018,ornamentals,0
48,2019,ornamentals,0
48,2020,ornamentals,0
48,2021,ornamentals,0
48,2022,ornamentals,0
50,1993,ornamentals,6.235571942252876e-4
50,1994,ornamentals,3.118141170385869e-4
50,1995,ornamentals,2.771716127672012e-4
50,1996,ornamentals,2.0788397294124137e-4
50,1997,ornamentals,5.19739542035735e-5
50,1998,ornamentals,0.0010044800841172076
50,1999,ornamentals,9.525422975463459e-4
50,2000,ornamentals,0.0010910386810707145
50,2001,ornamentals,0.0024406442968809322
50,2002,ornamentals,0.002855639902450614
50,2003,ornamentals,0.002855639902450614
50,2004,ornamentals,0.0027173220181814406
50,2005,ornamentals,0.001367989401186303
50,2006,ornamentals,0
50,2007,ornamentals,6.062399975312778e-4
50,2008,ornamentals,6.062399975312778e-4
50,2009,ornamentals,6.062399975312778e-4
50,2010,ornamentals,6.062399975312778e-4
50,2011,ornamentals,0
50,2012,ornamentals,0
50,2013,ornamentals,0
50,2014,ornamentals,0
50,2015,ornamentals,0
50,2016,ornamentals,0
50,2017,ornamentals,0
50,2018,ornamentals,0
50,2019,ornamentals,0
50,2020,ornamentals,0
50,2021,ornamentals,0
50,2022,ornamentals,0
52,1994,ornamentals,0.0065133779019355825
52,1995,ornamentals,0.016225678080619664
52,1996,ornamentals,0.019447852269464185
52,1997,ornamentals,0.016225678080619664
52,1998,ornamentals,0.014611741142053407
52,1999,ornamentals,0.009758477013953895
52,2000,ornamentals,0.00326056448547244
52,2001,ornamentals,0.0016312534344090537
52,2002,ornamentals,0.0016312534344090537
52,2003,ornamentals,0
52,2004,ornamentals,0
52,2005,ornamentals,0
52,2006,ornamentals,0
52,2007,ornamentals,0
52,2008,ornamentals,0
52,2009,ornamentals,0
52,2010,ornamentals,0
52,2011,ornamentals,0
52,2012,ornamentals,0
52,2013,ornamentals,0
52,2014,ornamentals,0
52,2015,ornamentals,0
52,2016,ornamentals,0
52,2017,ornamentals,0
52,2018,ornamentals,0
52,2019,ornamentals,0
52,2020,ornamentals,0
52,2021,ornamentals,0
52,2022,ornamentals,0
54,1995,ornamentals,0.01749408567314424
54,1996,ornamentals,0.00877500037981939
54,1997,ornamentals,0.008749853420242818
54,1998,ornamentals,0.00656762991693254
54,1999,ornamentals,0.0021800803356429393
54,2000,ornamentals,0.0021800803356429393
54,2001,ornamentals,0
54,2002,ornamentals,0
54,2003,ornamentals,0
54,2004,ornamentals,0.002714977914399019
54,2005,ornamentals,0.002714977914399019
54,2006,ornamentals,0.002714977914399019
54,2007,ornamentals,0.002714977914399019
54,2008,ornamentals,0
54,2009,ornamentals,0.028324662942831435
54,2010,ornamentals,0.038797052923133256
54,2011,ornamentals,0.038797052923133256
54,2012,ornamentals,0.038797052923133256
54,2013,ornamentals,0.010690576174649798
54,2014,ornamentals,0
54,2015,ornamentals,0
54,2016,ornamentals,0
54,2017,ornamentals,0
54,2018,ornamentals,0
54,2019,ornamentals,0
54,2020,ornamentals,0
54,2021,ornamentals,0
54,2022,ornamentals,0
61,1990,ornamentals,0.001050446500728813
61,1991,ornamentals,5.253240519426263e-4
61,1992,ornamentals,3.5023844262272255e-4
61,1993,ornamentals,2.626872360402503e-4
61,1994,ornamentals,0
61,1995,ornamentals,0
61,1996,ornamentals,0
61,1997,ornamentals,0
61,1998,ornamentals,0
61,1999,ornamentals,0
61,2000,ornamentals,0
61,2001,ornamentals,0
61,2002,ornamentals,0
61,2003,ornamentals,0
61,2004,ornamentals,0
61,2005,ornamentals,0
61,2006,ornamentals,0
61,2007,ornamentals,0
61,2008,ornamentals,0
61,2009,ornamentals,7.297373536814282e-5
61,2010,ornamentals,8.756801544595704e-5
61,2011,ornamentals,8.756801544595704e-5
61,2012,ornamentals,8.756801544595704e-5
61,2013,ornamentals,1.4595058415341798e-5
61,2014,ornamentals,0
61,2015,ornamentals,0
61,2016,ornamentals,0
61,2017,ornamentals,0
61,2018,ornamentals,0
61,2019,ornamentals,0
61,2020,ornamentals,0
61,2021,ornamentals,0
61,2022,ornamentals,0
67,1997,ornamentals,3.7294527899057214e-4
67,1998,ornamentals,1.8648534551987848e-4
67,1999,ornamentals,1.8405349711350452e-4
67,2000,ornamentals,4.963624098347799e-4
67,2001,ornamentals,4.927154616010376e-4
67,2002,ornamentals,5.822810324819891e-4
67,2003,ornamentals,5.374989798686988e-4
67,2004,ornamentals,1.7918978733478722e-4
67,2005,ornamentals,8.959782689626044e-5
67,2006,ornamentals,0
67,2007,ornamentals,0
67,2008,ornamentals,0
67,2009,ornamentals,0
67,2010,ornamentals,0
67,2011,ornamentals,0
67,2012,ornamentals,0
67,2013,ornamentals,0
67,2014,ornamentals,0
67,2015,ornamentals,0
67,2016,ornamentals,0
67,2017,ornamentals,0
67,2018,ornamentals,0
67,2019,ornamentals,0
67,2020,ornamentals,0
67,2021,ornamentals,0
67,2022,ornamentals,0
71,1999,ornamentals,0.014709417285337166
71,2000,ornamentals,0.017431775158568478
71,2001,ornamentals,0.0176340643265642
71,2002,ornamentals,0.013246807645232238
71,2003,ornamentals,0.009580328700314245
71,2004,ornamentals,0.02483217717026034
71,2005,ornamentals,0.03134987629953868
71,2006,ornamentals,0.03134987629953868
71,2007,ornamentals,0.03134987629953868
71,2008,ornamentals,0.011146860849896105
71,2009,ornamentals,0
71,2010,ornamentals,0
71,2011,ornamentals,0
71,2012,ornamentals,0
71,2013,ornamentals,0
71,2014,ornamentals,0
71,2015,ornamentals,0
71,2016,ornamentals,0
71,2017,ornamentals,0
71,2018,ornamentals,0
71,2019,ornamentals,0
71,2020,ornamentals,0
71,2021,ornamentals,0
71,2022,ornamentals,0
76,2004,ornamentals,0.004918619831733698
76,2005,ornamentals,0.002461519984416068
76,2006,ornamentals,0.0016415052342678598
76,2007,ornamentals,0.0012313135030584657
76,2008,ornamentals,0
76,2009,ornamentals,0
76,2010,ornamentals,0.0012313135030584657
76,2011,ornamentals,0.0012313135030584657
76,2012,ornamentals,0.0012313135030584657
76,2013,ornamentals,0.002461519984416068
76,2014,ornamentals,0.002461519984416068
76,2015,ornamentals,0.015921292829939857
76,2016,ornamentals,0.0171383686567844
76,2017,ornamentals,0.015921292829939857
76,2018,ornamentals,0.014703133497360417
76,2019,ornamentals,0.0012313135030584657
76,2020,ornamentals,0
76,2021,ornamentals,0
76,2022,ornamentals,0
77,2001,ornamentals,0
77,2002,ornamentals,0
77,2003,ornamentals,0
77,2004,ornamentals,0
77,2005,ornamentals,0.11078651708415392
77,2006,ornamentals,0.16298811094832177
77,2007,ornamentals,0.18172911673836484
77,2008,ornamentals,0.26427743741414705
77,2009,ornamentals,0.29644020239362084
77,2010,ornamentals,0.35858291722312124
77,2011,ornamentals,0.34454492689957894
77,2012,ornamentals,0.2668358696139833
77,2013,ornamentals,0.1330725836517927
77,2014,ornamentals,0.0031028915490497215
77,2015,ornamentals,0
77,2016,ornamentals,0
77,2017,ornamentals,0
77,2018,ornamentals,0
77,2019,ornamentals,0
77,2020,ornamentals,0
77,2021,ornamentals,0
77,2022,ornamentals,0
78,2012,ornamentals,0.23901147741820886
78,2013,ornamentals,0.12471775342975185
78,2014,ornamentals,0.08439515357739698
78,2015,ornamentals,0.06377932605616678
78,2016,ornamentals,0.03226123248375839
78,2017,ornamentals,0.03226123248375839
78,2018,ornamentals,0.03226123248375839
78,2019,ornamentals,0.03226123248375839
78,2020,ornamentals,0
78,2021,ornamentals,0
78,2022,ornamentals,0
79,2012,ornamentals,0.005654833270510821
79,2013,ornamentals,0.00668542548637093
79,2014,ornamentals,0.0044605776698075535
79,2015,ornamentals,0.004336425309801743
79,2016,ornamentals,0.004338169640986126
79,2017,ornamentals,0.003974412181139357
79,2018,ornamentals,0.005819137609106085
79,2019,ornamentals,0.00483058018394395
79,2020,ornamentals,0.0034164647763493864
79,2021,ornamentals,0.0018500877315437132
79,2022,ornamentals,0
80,1991,ornamentals,0
80,1992,ornamentals,0
80,1993,ornamentals,0.014249138093737264
80,1994,ornamentals,0.011196418409682428
80,1995,ornamentals,0.011196418409682428
80,1996,ornamentals,0.013672118649522811
80,1997,ornamentals,0.021318446751004472
80,1998,ornamentals,0.020826422577559758
80,1999,ornamentals,0.020826422577559758
80,2000,ornamentals,0.01836364437316515
80,2001,ornamentals,0
80,2002,ornamentals,0
80,2003,ornamentals,0.0032439420535936496
80,2004,ornamentals,0.0032439420535936496
80,2005,ornamentals,0.010948601848391436
80,2006,ornamentals,0.010948601848391436
80,2007,ornamentals,0.007722895639867022
80,2008,ornamentals,0.007722895639867022
80,2009,ornamentals,0
80,2010,ornamentals,0
80,2011,ornamentals,0.009460759222850982
80,2012,ornamentals,0.009460759222850982
80,2013,ornamentals,0.009460759222850982
80,2014,ornamentals,0.009460759222850982
80,2015,ornamentals,0
80,2016,ornamentals,0
80,2017,ornamentals,0
80,2018,ornamentals,0
80,2019,ornamentals,0
80,2020,ornamentals,0
80,2021,ornamentals,0
80,2022,ornamentals,0
82,2000,ornamentals,0
82,2001,ornamentals,0
82,2002,ornamentals,0
82,2003,ornamentals,0
82,2004,ornamentals,0.0015754868133741285
82,2005,ornamentals,0.0023625504891223808
82,2006,ornamentals,0.003149161705623369
82,2007,ornamentals,0.003149161705623369
82,2008,ornamentals,0.00393532098278927
82,2009,ornamentals,0.00393532098278927
82,2010,ornamentals,0.003149161705623369
82,2011,ornamentals,0.003149161705623369
82,2012,ornamentals,7.879701575696658e-4
82,2013,ornamentals,0
82,2014,ornamentals,0
82,2015,ornamentals,0
82,2016,ornamentals,0
82,2017,ornamentals,0
82,2018,ornamentals,0
82,2019,ornamentals,0
82,2020,ornamentals,0
82,2021,ornamentals,0
82,2022,ornamentals,0
84,2001,ornamentals,0
84,2002,ornamentals,0
84,2003,ornamentals,5.893905380970501e-4
84,2004,ornamentals,8.839906322636615e-4
84,2005,ornamentals,0.0013257718817310418
84,2006,ornamentals,0.0013257718817310418
84,2007,ornamentals,8.839906322636615e-4
84,2008,ornamentals,4.4206670241709115e-4
84,2009,ornamentals,0
84,2010,ornamentals,0
84,2011,ornamentals,0
84,2012,ornamentals,0
84,2013,ornamentals,0
84,2014,ornamentals,0
84,2015,ornamentals,0
84,2016,ornamentals,0
84,2017,ornamentals,0
84,2018,ornamentals,0
84,2019,ornamentals,0
84,2020,ornamentals,0
84,2021,ornamentals,0
84,2022,ornamentals,0
102,1985,ornamentals,0.07178965227401665
102,1986,ornamentals,0.03636557942385717
102,1987,ornamentals,0.024350786495261352
102,1988,ornamentals,0.018303595490235997
102,1989,ornamentals,0
102,1990,ornamentals,0
102,1991,ornamentals,0
102,1992,ornamentals,0
102,1993,ornamentals,0
102,1994,ornamentals,0
102,1995,ornamentals,0
102,1996,ornamentals,0
102,1997,ornamentals,0
102,1998,ornamentals,0.016936139170456506
102,1999,ornamentals,0.02646214704271973
102,2000,ornamentals,0.032500003568266704
102,2001,ornamentals,0.03920367062520075
102,2002,ornamentals,0.02477516195895441
102,2003,ornamentals,0.029906613450671252
102,2004,ornamentals,0.02730476239208256
102,2005,ornamentals,0.02217215145762278
102,2006,ornamentals,0.021544286272163548
102,2007,ornamentals,0.008022541895645847
102,2008,ornamentals,0.004526068939051477
102,2009,ornamentals,0.004073050223906999
102,2010,ornamentals,0.0038029154094323787
102,2011,ornamentals,0.0038987939532105355
102,2012,ornamentals,0.0038987939532105355
102,2013,ornamentals,0.0034152950687574538
102,2014,ornamentals,0.007764063185279312
102,2015,ornamentals,0.007855059540344893
102,2016,ornamentals,0.024838438709572586
102,2017,ornamentals,0.029752475952396443
102,2018,ornamentals,0.031153251278541832
102,2019,ornamentals,0.029752475952396443
102,2020,ornamentals,0.01283035729869594
102,2021,ornamentals,0.007142823647818956
102,2022,ornamentals,0
103,1997,ornamentals,0.06634289352122134
103,1998,ornamentals,0.062298272692834125
103,1999,ornamentals,0.041845720846701906
103,2000,ornamentals,0.031503650819285814
103,2001,ornamentals,0.014794465847169251
103,2002,ornamentals,0
103,2003,ornamentals,0
103,2004,ornamentals,0
103,2005,ornamentals,0
103,2006,ornamentals,0
103,2007,ornamentals,0
103,2008,ornamentals,0
103,2009,ornamentals,0
103,2010,ornamentals,0
103,2011,ornamentals,0
103,2012,ornamentals,0
103,2013,ornamentals,0
103,2014,ornamentals,0
103,2015,ornamentals,0
103,2016,ornamentals,0
103,2017,ornamentals,0
103,2018,ornamentals,0
103,2019,ornamentals,0
103,2020,ornamentals,0
103,2021,ornamentals,0
103,2022,ornamentals,0
104,1995,ornamentals,0.008527077225828045
104,1996,ornamentals,0.004270180923132644
104,1997,ornamentals,0.004597498088280762
104,1998,ornamentals,0.003449570939400394
104,1999,ornamentals,0.0013148654022694878
104,2000,ornamentals,0.0013148654022694878
104,2001,ornamentals,0
104,2002,ornamentals,0
104,2003,ornamentals,0.0012207381790828504
104,2004,ornamentals,0.0012207381790828504
104,2005,ornamentals,0.0012207381790828504
104,2006,ornamentals,0.0012207381790828504
104,2007,ornamentals,0
104,2008,ornamentals,0
104,2009,ornamentals,0
104,2010,ornamentals,0
104,2011,ornamentals,0
104,2012,ornamentals,0
104,2013,ornamentals,0
104,2014,ornamentals,0
104,2015,ornamentals,0
104,2016,ornamentals,0
104,2017,ornamentals,0
104,2018,ornamentals,0
104,2019,ornamentals,0
104,2020,ornamentals,0
104,2021,ornamentals,0
104,2022,ornamentals,0
106,1986,ornamentals,0
106,1987,ornamentals,0.0040607659162707295
106,1988,ornamentals,0.003897790631212263
106,1989,ornamentals,0.004007119601044669
106,1990,ornamentals,0.004007119601044669
106,1991,ornamentals,0.0021155232827212104
106,1992,ornamentals,0.0015511037847571656
106,1993,ornamentals,0.0338315262522563
106,1994,ornamentals,0.0338315262522563
106,1995,ornamentals,0.03587494652194595
106,1996,ornamentals,0.09673625396852605
106,1997,ornamentals,0.11022378567797657
106,1998,ornamentals,0.11022378567797657
106,1999,ornamentals,0.1081614053714242
106,2000,ornamentals,0.047499805711267926
106,2001,ornamentals,0
106,2002,ornamentals,0
106,2003,ornamentals,0
106,2004,ornamentals,0
106,2005,ornamentals,0
106,2006,ornamentals,0
106,2007,ornamentals,0
106,2008,ornamentals,0.014984370292445395
106,2009,ornamentals,0.014984370292445395
106,2010,ornamentals,0.014984370292445395
106,2011,ornamentals,0.014984370292445395
106,2012,ornamentals,0
106,2013,ornamentals,0.7474201797655134
106,2014,ornamentals,0.7474201797655134
106,2015,ornamentals,0.7474201797655134
106,2016,ornamentals,0.7474201797655134
106,2017,ornamentals,0.014984370292445395
106,2018,ornamentals,0.029806424840008384
106,2019,ornamentals,0.029806424840008384
106,2020,ornamentals,0.029806424840008384
106,2021,ornamentals,0.014984370292445395
106,2022,ornamentals,0
112,1999,ornamentals,0.0046294404529333985
112,2000,ornamentals,0.005553451983412236
112,2001,ornamentals,0.006169113201947579
112,2002,ornamentals,0.0062460513807573925
112,2003,ornamentals,0.006707589628335169
112,2004,ornamentals,0.006707589628335169
112,2005,ornamentals,0.0062460513807573925
112,2006,ornamentals,0.006822949869778029
112,2007,ornamentals,0.007514907152899157
112,2008,ornamentals,0.007053641179602689
112,2009,ornamentals,0.006938300386320707
112,2010,ornamentals,0.005784357403510009
112,2011,ornamentals,0.0041672005932732094
112,2012,ornamentals,0.003473547889076982
112,2013,ornamentals,0.002548130287980831
112,2014,ornamentals,0.001969426300782771
112,2015,ornamentals,0.0015062868265291872
112,2016,ornamentals,0.0010429905399940175
112,2017,ornamentals,6.954153531360493e-4
112,2018,ornamentals,0.0012746582914331625
112,2019,ornamentals,0.0010429905399940175
112,2020,ornamentals,0.0010429905399940175
112,2021,ornamentals,0.0010429905399940175
112,2022,ornamentals,0
115,1979,ornamentals,0
115,1980,ornamentals,0
115,1981,ornamentals,0
115,1982,ornamentals,0
115,1983,ornamentals,0
115,1984,ornamentals,0
115,1985,ornamentals,0
115,1986,ornamentals,0
115,1987,ornamentals,0
115,1988,ornamentals,0
115,1989,ornamentals,0
115,1990,ornamentals,0
115,1991,ornamentals,9.897544117508817e-5
115,1992,ornamentals,0.002576341714749556
115,1993,ornamentals,0.0032443286709653786
115,1994,ornamentals,0.0032443286709653786
115,1995,ornamentals,0.0031455804897561985
115,1996,ornamentals,0.0021152134090588613
115,1997,ornamentals,0.002634255066496042
115,1998,ornamentals,0.0031504829583127955
115,1999,ornamentals,0.003512319953148332
115,2000,ornamentals,0.002637168282902201
115,2001,ornamentals,0.002278124297330713
115,2002,ornamentals,0.006303952116778146
115,2003,ornamentals,0.010472024599374281
115,2004,ornamentals,0.012424371504352239
115,2005,ornamentals,0.01160196058359392
115,2006,ornamentals,0.009653428249098393
115,2007,ornamentals,0.005121541468099041
115,2008,ornamentals,0.0025896166838974975
115,2009,ornamentals,0.0025896166838974975
115,2010,ornamentals,0
115,2011,ornamentals,0
115,2012,ornamentals,0
115,2013,ornamentals,0
115,2014,ornamentals,0
115,2015,ornamentals,0
115,2016,ornamentals,0
115,2017,ornamentals,0
115,2018,ornamentals,0
115,2019,ornamentals,0
115,2020,ornamentals,0
115,2021,ornamentals,0
115,2022,ornamentals,0
124,1976,ornamentals,0
124,1977,ornamentals,0
124,1978,ornamentals,0
124,1979,ornamentals,0
124,1980,ornamentals,0
124,1981,ornamentals,0
124,1982,ornamentals,0
124,1983,ornamentals,0
124,1984,ornamentals,0
124,1985,ornamentals,0
124,1986,ornamentals,0
124,1987,ornamentals,0
124,1988,ornamentals,0
124,1989,ornamentals,0
124,1990,ornamentals,0
124,1991,ornamentals,0
124,1992,ornamentals,0
124,1993,ornamentals,0
124,1994,ornamentals,0
124,1995,ornamentals,0
124,1996,ornamentals,0
124,1997,ornamentals,0
124,1998,ornamentals,0
124,1999,ornamentals,0
124,2000,ornamentals,0.05484797064485298
124,2001,ornamentals,0.07618602770879192
124,2002,ornamentals,0.0919740017785654
124,2003,ornamentals,0.10758188787665038
124,2004,ornamentals,0.0708826276807573
124,2005,ornamentals,0.05484797064485298
124,2006,ornamentals,0.038623182495760605
124,2007,ornamentals,0.02220370010875741
124,2008,ornamentals,0.005584794090186681
124,2009,ornamentals,0.004014740612757136
124,2010,ornamentals,0.004014740612757136
124,2011,ornamentals,0.004014740612757136
124,2012,ornamentals,0.004014740612757136
124,2013,ornamentals,0
124,2014,ornamentals,0
124,2015,ornamentals,0
124,2016,ornamentals,0
124,2017,ornamentals,0
124,2018,ornamentals,0
124,2019,ornamentals,0
124,2020,ornamentals,0
124,2021,ornamentals,0
124,2022,ornamentals,0
126,1982,ornamentals,0.0639529410975212
126,1983,ornamentals,0.04890602006302567
126,1984,ornamentals,0.04552218359458263
126,1985,ornamentals,0.04276992669968182
126,1986,ornamentals,0.03853295791241621
126,1987,ornamentals,0.05244979394057657
126,1988,ornamentals,0.07018686299101914
126,1989,ornamentals,0.08974230956227715
126,1990,ornamentals,0.1130467543949019
126,1991,ornamentals,0.09890876649712264
126,1992,ornamentals,0.1029631194957899
126,1993,ornamentals,0.12803423101592923
126,1994,ornamentals,0.17107357341774165
126,1995,ornamentals,0.16431631294311397
126,1996,ornamentals,0.13497260138662479
126,1997,ornamentals,0.08257014561491688
126,1998,ornamentals,0
126,1999,ornamentals,0
126,2000,ornamentals,0
126,2001,ornamentals,0
126,2002,ornamentals,0
126,2003,ornamentals,0.09280462319202526
126,2004,ornamentals,0.17395935814600522
126,2005,ornamentals,0.2505691567076979
126,2006,ornamentals,0.2505691567076979
126,2007,ornamentals,0.24875076217371855
126,2008,ornamentals,0.24966026150241186
126,2009,ornamentals,0.23411595142193425
126,2010,ornamentals,0.23411595142193425
126,2011,ornamentals,0.15531580010377205
126,2012,ornamentals,0.07561519457783378
126,2013,ornamentals,0.009642805261879356
126,2014,ornamentals,0.009642805261879356
126,2015,ornamentals,0.006681928819223718
126,2016,ornamentals,0.0028573078091904
126,2017,ornamentals,0
126,2018,ornamentals,0
126,2019,ornamentals,0
126,2020,ornamentals,0
126,2021,ornamentals,0
126,2022,ornamentals,0
129,1989,ornamentals,1.0763734591715955e-4
129,1990,ornamentals,5.3819731347844346e-5
129,1991,ornamentals,4.535905068768917e-5
129,1992,ornamentals,5.048586148044237e-4
129,1993,ornamentals,4.7795788250814414e-4
129,1994,ornamentals,8.276261583273015e-4
129,1995,ornamentals,8.205209817131161e-4
129,1996,ornamentals,3.4979042080868233e-4
129,1997,ornamentals,3.4979042080868233e-4
129,1998,ornamentals,0
129,1999,ornamentals,0
129,2000,ornamentals,0
129,2001,ornamentals,0
129,2002,ornamentals,0
129,2003,ornamentals,0
129,2004,ornamentals,0
129,2005,ornamentals,0
129,2006,ornamentals,0
129,2007,ornamentals,0
129,2008,ornamentals,0
129,2009,ornamentals,0
129,2010,ornamentals,0
129,2011,ornamentals,0
129,2012,ornamentals,0
129,2013,ornamentals,0
129,2014,ornamentals,0
129,2015,ornamentals,0
129,2016,ornamentals,0
129,2017,ornamentals,0
129,2018,ornamentals,0
129,2019,ornamentals,0
129,2020,ornamentals,0
129,2021,ornamentals,0
129,2022,ornamentals,0
130,1984,ornamentals,0.0032042597979521064
130,1985,ornamentals,0.0016030678384367299
130,1986,ornamentals,0.001899726264283553
130,1987,ornamentals,0.003915299682335511
130,1988,ornamentals,0.008970792152902595
130,1989,ornamentals,0.016122933535488597
130,1990,ornamentals,0.015506320863275948
130,1991,ornamentals,0.021572264379215833
130,1992,ornamentals,0.023413096236639026
130,1993,ornamentals,0.0230626524758212
130,1994,ornamentals,0.0230626524758212
130,1995,ornamentals,0.022186150205737696
130,1996,ornamentals,0.021835392029646742
130,1997,ornamentals,0.02297502751000678
130,1998,ornamentals,0.02297502751000678
130,1999,ornamentals,0.02350069315482502
130,2000,ornamentals,0.024551419003311353
130,2001,ornamentals,0.02516397001751426
130,2002,ornamentals,0.02516397001751426
130,2003,ornamentals,0.01700332704933218
130,2004,ornamentals,0.016122933535488597
130,2005,ornamentals,0.01418407158177005
130,2006,ornamentals,0.020255866605616984
130,2007,ornamentals,0.026650453268901926
130,2008,ornamentals,0.025513876090118143
130,2009,ornamentals,0.0210458572325132
130,2010,ornamentals,0.01594678683806357
130,2011,ornamentals,0.010563390716741353
130,2012,ornamentals,0.004181844409870255
130,2013,ornamentals,0.002937524554448971
130,2014,ornamentals,0.00231494003830696
130,2015,ornamentals,0.0017810706118208737
130,2016,ornamentals,0.0022259762642593476
130,2017,ornamentals,0.0016030678384367299
130,2018,ornamentals,0.0018700633157768198
130,2019,ornamentals,0.0013360202533838456
130,2020,ornamentals,8.908250947861012e-4
130,2021,ornamentals,6.236384563443113e-4
130,2022,ornamentals,0
131,1993,ornamentals,0.002395355484014853
131,1994,ornamentals,0.0012837476107059728
131,1995,ornamentals,8.749809243756506e-4
131,1996,ornamentals,6.70551779867596e-4
131,1997,ornamentals,1.0702498072627001e-4
131,1998,ornamentals,1.2129434569819579e-4
131,1999,ornamentals,1.0702498072627001e-4
131,2000,ornamentals,1.0702498072627001e-4
131,2001,ornamentals,7.848580435810122e-5
131,2002,ornamentals,2.140566583941127e-5
131,2003,ornamentals,2.140566583941127e-5
131,2004,ornamentals,3.5675923699713614e-5
131,2005,ornamentals,2.854081337256761e-5
131,2006,ornamentals,7.135091725886905e-5
131,2007,ornamentals,1.6410154780318895e-4
131,2008,ornamentals,2.211757341672071e-4
131,2009,ornamentals,2.211757341672071e-4
131,2010,ornamentals,1.9263893856189787e-4
131,2011,ornamentals,1.2842897238251482e-4
131,2012,ornamentals,5.708103144896978e-5
131,2013,ornamentals,7.135091725886905e-5
131,2014,ornamentals,9.27554669473743e-5
131,2015,ornamentals,1.2842897238251482e-4
131,2016,ornamentals,1.997731932578867e-4
131,2017,ornamentals,3.2818341752618286e-4
131,2018,ornamentals,4.7798011680799175e-4
131,2019,ornamentals,4.1378353941583587e-4
131,2020,ornamentals,3.2818341752618286e-4
131,2021,ornamentals,1.8550464666882154e-4
131,2022,ornamentals,0
133,1997,ornamentals,6.856578841608796e-4
133,1998,ornamentals,7.479733855585708e-4
133,1999,ornamentals,4.986943505794297e-4
133,2000,ornamentals,0.0010127826104105492
133,2001,ornamentals,0.0010906579244910181
133,2002,ornamentals,8.881728883890071e-4
133,2003,ornamentals,8.881728883890071e-4
133,2004,ornamentals,2.493698942452912e-4
133,2005,ornamentals,3.428718892363592e-4
133,2006,ornamentals,3.428718892363592e-4
133,2007,ornamentals,3.428718892363592e-4
133,2008,ornamentals,3.428718892363592e-4
133,2009,ornamentals,0
133,2010,ornamentals,0
133,2011,ornamentals,0
133,2012,ornamentals,0
133,2013,ornamentals,0
133,2014,ornamentals,0
133,2015,ornamentals,0
133,2016,ornamentals,0
133,2017,ornamentals,0
133,2018,ornamentals,0
133,2019,ornamentals,0
133,2020,ornamentals,0
133,2021,ornamentals,0
133,2022,ornamentals,0
134,1976,ornamentals,0
134,1977,ornamentals,0
134,1978,ornamentals,0
134,1979,ornamentals,0
134,1980,ornamentals,0
134,1981,ornamentals,0
134,1982,ornamentals,0
134,1983,ornamentals,0
134,1984,ornamentals,0
134,1985,ornamentals,0
134,1986,ornamentals,0
134,1987,ornamentals,0
134,1988,ornamentals,1.1124084092062176e-4
134,1989,ornamentals,1.1124084092062176e-4
134,1990,ornamentals,1.1124084092062176e-4
134,1991,ornamentals,1.1124084092062176e-4
134,1992,ornamentals,0
134,1993,ornamentals,0
134,1994,ornamentals,0
134,1995,ornamentals,2.1725095262033734e-4
134,1996,ornamentals,2.1725095262033734e-4
134,1997,ornamentals,2.1725095262033734e-4
134,1998,ornamentals,2.1725095262033734e-4
134,1999,ornamentals,0
134,2000,ornamentals,0.008663245410533503
134,2001,ornamentals,0.008663245410533503
134,2002,ornamentals,0.008663245410533503
134,2003,ornamentals,0.008663245410533503
134,2004,ornamentals,0
134,2005,ornamentals,0
134,2006,ornamentals,0
134,2007,ornamentals,0
134,2008,ornamentals,0
134,2009,ornamentals,0
134,2010,ornamentals,0
134,2011,ornamentals,0
134,2012,ornamentals,0
134,2013,ornamentals,0
134,2014,ornamentals,0
134,2015,ornamentals,0
134,2016,ornamentals,0
134,2017,ornamentals,0
134,2018,ornamentals,0
134,2019,ornamentals,0
134,2020,ornamentals,0
134,2021,ornamentals,0
134,2022,ornamentals,0
135,1976,ornamentals,0
135,1977,ornamentals,5.78510743500189e-5
135,1978,ornamentals,3.856765466130416e-5
135,1979,ornamentals,2.8925842908164513e-5
135,1980,ornamentals,4.247415907592611e-5
135,1981,ornamentals,1.354860257450464e-5
135,1982,ornamentals,1.8709277029063843e-4
135,1983,ornamentals,2.1601465845639598e-4
135,1984,ornamentals,2.166455871526227e-4
135,1985,ornamentals,2.45566850683965e-4
135,1986,ornamentals,1.588012261690228e-4
135,1987,ornamentals,1.8772371232272017e-4
135,1988,ornamentals,2.0246806047483955e-4
135,1989,ornamentals,2.892309162116327e-4
135,1990,ornamentals,2.0246806047483955e-4
135,1991,ornamentals,4.049061667137705e-4
135,1992,ornamentals,5.205716391347631e-4
135,1993,ornamentals,6.36227335127562e-4
135,1994,ornamentals,6.651397317526737e-4
135,1995,ornamentals,4.049061667137705e-4
135,1996,ornamentals,3.288562609849683e-4
135,1997,ornamentals,0.0013028170212556552
135,1998,ornamentals,0.001657309146676284
135,1999,ornamentals,0.002005810256517918
135,2000,ornamentals,0.003211356991064165
135,2001,ornamentals,0.0024262920611212687
135,2002,ornamentals,0.0031951611200777157
135,2003,ornamentals,0.003370330265692383
135,2004,ornamentals,0.002917110702041763
135,2005,ornamentals,0.003877627695297874
135,2006,ornamentals,0.0037386788717097964
135,2007,ornamentals,0.003983560338947119
135,2008,ornamentals,0.004263281353775592
135,2009,ornamentals,0.0028847150843973775
135,2010,ornamentals,0.0018715615814759816
135,2011,ornamentals,0.0011022667649325615
135,2012,ornamentals,0.0013819398483011398
135,2013,ornamentals,0.0018711376876335557
135,2014,ornamentals,0.0022831755286071066
135,2015,ornamentals,0.002604643574759436
135,2016,ornamentals,0.0016237588321031447
135,2017,ornamentals,0.0017405648288190466
135,2018,ornamentals,0.0015943417320628754
135,2019,ornamentals,0.0012726362153366248
135,2020,ornamentals,8.727134223095969e-4
135,2021,ornamentals,2.662365046585218e-4
135,2022,ornamentals,0
136,1978,ornamentals,0.0017053624511410529
136,1979,ornamentals,8.52946901879991e-4
136,1980,ornamentals,5.686903398076929e-4
136,1981,ornamentals,4.26539911416419e-4
136,1982,ornamentals,0
136,1983,ornamentals,0
136,1984,ornamentals,0
136,1985,ornamentals,0
136,1986,ornamentals,0
136,1987,ornamentals,8.52946901879991e-4
136,1988,ornamentals,8.52946901879991e-4
136,1989,ornamentals,8.52946901879991e-4
136,1990,ornamentals,8.52946901879991e-4
136,1991,ornamentals,0
136,1992,ornamentals,0
136,1993,ornamentals,0
136,1994,ornamentals,0
136,1995,ornamentals,0
136,1996,ornamentals,0
136,1997,ornamentals,0
136,1998,ornamentals,4.26539911416419e-4
136,1999,ornamentals,4.26539911416419e-4
136,2000,ornamentals,4.26539911416419e-4
136,2001,ornamentals,4.26539911416419e-4
136,2002,ornamentals,0
136,2003,ornamentals,0
136,2004,ornamentals,0
136,2005,ornamentals,0
136,2006,ornamentals,0
136,2007,ornamentals,0.0012792210542081747
136,2008,ornamentals,0.002131371175341429
136,2009,ornamentals,0.002557247309395225
136,2010,ornamentals,0.002557247309395225
136,2011,ornamentals,0.0012792210542081747
136,2012,ornamentals,4.26539911416419e-4
136,2013,ornamentals,0
136,2014,ornamentals,0
136,2015,ornamentals,0
136,2016,ornamentals,0
136,2017,ornamentals,0
136,2018,ornamentals,0
136,2019,ornamentals,0
136,2020,ornamentals,0
136,2021,ornamentals,0
136,2022,ornamentals,0
137,1976,ornamentals,0.0019283661284314683
137,1977,ornamentals,0.0028915310423731806
137,1978,ornamentals,0.0025705513952156514
137,1979,ornamentals,0.0024100333317056007
137,1980,ornamentals,0.0024100333317056007
137,1981,ornamentals,0.0019283661284314683
137,1982,ornamentals,0.0019283661284314683
137,1983,ornamentals,0.0014465293131815517
137,1984,ornamentals,0.0014465293131815517
137,1985,ornamentals,0.007217402904680319
137,1986,ornamentals,0.006737425276613051
137,1987,ornamentals,0.006737425276613051
137,1988,ornamentals,0.012007941793206996
137,1989,ornamentals,0.016305133645575773
137,1990,ornamentals,0.03383093817465362
137,1991,ornamentals,0.04787808365851456
137,1992,ornamentals,0.051135104834189996
137,1993,ornamentals,0.05159976134856049
137,1994,ornamentals,0.04741216140290725
137,1995,ornamentals,0.04834384731947911
137,1996,ornamentals,0.05947487577322735
137,1997,ornamentals,0.07828338720366747
137,1998,ornamentals,0.09143257057983795
137,1999,ornamentals,0.09413738629729114
137,2000,ornamentals,0.09143257057983795
137,2001,ornamentals,0.08645981238263341
137,2002,ornamentals,0.08691262882350335
137,2003,ornamentals,0.09458766955632712
137,2004,ornamentals,0.08101429453768226
137,2005,ornamentals,0.061782486526782136
137,2006,ornamentals,0.04508016741991407
137,2007,ornamentals,0.023911422446791928
137,2008,ornamentals,0.02343726611959685
137,2009,ornamentals,0.02296294542977446
137,2010,ornamentals,0.02201381050616955
137,2011,ornamentals,0.02627974262470464
137,2012,ornamentals,0.03477191430286768
137,2013,ornamentals,0.03524215981831716
137,2014,ornamentals,0.031947042411587884
137,2015,ornamentals,0.02769876964949149
137,2016,ornamentals,0.016305133645575773
137,2017,ornamentals,0.014874235303152161
137,2018,ornamentals,0.011529641928515102
137,2019,ornamentals,0.007697212226928156
137,2020,ornamentals,0.007697212226928156
137,2021,ornamentals,0.0038540184627323124
137,2022,ornamentals,9.645227664616848e-4
139,1976,ornamentals,0
139,1977,ornamentals,0
139,1978,ornamentals,0
139,1979,ornamentals,0
139,1980,ornamentals,0
139,1981,ornamentals,0
139,1982,ornamentals,0
139,1983,ornamentals,0
139,1984,ornamentals,0
139,1985,ornamentals,7.670318206721118e-5
139,1986,ornamentals,3.451304643767226e-4
139,1987,ornamentals,4.6015461044464785e-4
139,1988,ornamentals,6.901738992473799e-4
139,1989,ornamentals,0.001303369698875898
139,1990,ornamentals,0.0025672188430778085
139,1991,ornamentals,0.0039828750398913796
139,1992,ornamentals,0.005244252835529758
139,1993,ornamentals,0.005244644086805556
139,1994,ornamentals,0.0068865143268590735
139,1995,ornamentals,0.006543030049683747
139,1996,ornamentals,0.005901569940160069
139,1997,ornamentals,0.005672033977229042
139,1998,ornamentals,0.0025748161613573964
139,1999,ornamentals,0.0014642292088518929
139,2000,ornamentals,9.96806148354757e-4
139,2001,ornamentals,8.051690452327815e-4
139,2002,ornamentals,9.201545277730096e-4
139,2003,ornamentals,0.0011500965090146297
139,2004,ornamentals,0.0016098645815866832
139,2005,ornamentals,0.0019162908272420134
139,2006,ornamentals,0.0018396906988708773
139,2007,ornamentals,0.0015332472968339296
139,2008,ornamentals,6.901738992473799e-4
139,2009,ornamentals,1.1505316078062224e-4
139,2010,ornamentals,0
139,2011,ornamentals,0
139,2012,ornamentals,0
139,2013,ornamentals,0
139,2014,ornamentals,0
139,2015,ornamentals,0
139,2016,ornamentals,0
139,2017,ornamentals,0
139,2018,ornamentals,0
139,2019,ornamentals,0
139,2020,ornamentals,0
139,2021,ornamentals,0
139,2022,ornamentals,0
140,1988,ornamentals,9.657101407999427e-4
140,1989,ornamentals,0.003858757935018798
140,1990,ornamentals,0.004500827620012685
140,1991,ornamentals,0.005062391554908529
140,1992,ornamentals,0.005784063849008327
140,1993,ornamentals,0.005543548706070803
140,1994,ornamentals,0.006024536723334939
140,1995,ornamentals,0.006024536723334939
140,1996,ornamentals,0.005062391554908529
140,1997,ornamentals,0.003617904107506466
140,1998,ornamentals,0.0016895457366305532
140,1999,ornamentals,0
140,2000,ornamentals,0
140,2001,ornamentals,0
140,2002,ornamentals,0
140,2003,ornamentals,0
140,2004,ornamentals,0
140,2005,ornamentals,0
140,2006,ornamentals,0
140,2007,ornamentals,0
140,2008,ornamentals,0
140,2009,ornamentals,0
140,2010,ornamentals,0
140,2011,ornamentals,0
140,2012,ornamentals,0
140,2013,ornamentals,0
140,2014,ornamentals,0
140,2015,ornamentals,0
140,2016,ornamentals,0
140,2017,ornamentals,0
140,2018,ornamentals,0
140,2019,ornamentals,0
140,2020,ornamentals,0
140,2021,ornamentals,0
140,2022,ornamentals,0
147,1976,ornamentals,0
147,1977,ornamentals,4.593434957188447e-5
147,1978,ornamentals,6.124545676883032e-5
147,1979,ornamentals,4.593434957188447e-5
147,1980,ornamentals,4.593434957188447e-5
147,1981,ornamentals,2.3040444985509814e-5
147,1982,ornamentals,7.307867608297981e-8
147,1983,ornamentals,7.307867608297981e-8
147,1984,ornamentals,7.307867608297981e-8
147,1985,ornamentals,0
147,1986,ornamentals,0
147,1987,ornamentals,0
147,1988,ornamentals,0
147,1989,ornamentals,0
147,1990,ornamentals,0
147,1991,ornamentals,0
147,1992,ornamentals,0
147,1993,ornamentals,0
147,1994,ornamentals,0
147,1995,ornamentals,0
147,1996,ornamentals,0
147,1997,ornamentals,0
147,1998,ornamentals,6.890094612077747e-5
147,1999,ornamentals,3.4447004140811434e-4
147,2000,ornamentals,8.036285758103251e-4
147,2001,ornamentals,0.0015838446539879405
147,2002,ornamentals,0.0026157999998050155
147,2003,ornamentals,0.003624071041760888
147,2004,ornamentals,0.004379787056485763
147,2005,ornamentals,0.004677378806876726
147,2006,ornamentals,0.00442557461557885
147,2007,ornamentals,0.0037615050016069256
147,2008,ornamentals,0.0033491617038389184
147,2009,ornamentals,0.002890856701220625
147,2010,ornamentals,0.002592876112054092
147,2011,ornamentals,0.0024553247199455897
147,2012,ornamentals,0.0021801804466818073
147,2013,ornamentals,0.0019049808361459098
147,2014,ornamentals,0.0020196540669792907
147,2015,ornamentals,0.0020196540669792907
147,2016,ornamentals,0.001492077614251584
147,2017,ornamentals,0.0011478963925542318
147,2018,ornamentals,4.822337804242696e-4
147,2019,ornamentals,0
147,2020,ornamentals,0
147,2021,ornamentals,0
147,2022,ornamentals,0
152,1995,ornamentals,0.0025457693150829764
152,1996,ornamentals,0.0013927176855837791
152,1997,ornamentals,0.0012069818256231885
152,1998,ornamentals,0.0012995146227351014
152,1999,ornamentals,0.001605524771510092
152,2000,ornamentals,0.001545914852424235
152,2001,ornamentals,0.001337212455084437
152,2002,ornamentals,9.430448598989322e-4
152,2003,ornamentals,0
152,2004,ornamentals,0
152,2005,ornamentals,0
152,2006,ornamentals,0
152,2007,ornamentals,2.5820463604816026e-4
152,2008,ornamentals,2.5820463604816026e-4
152,2009,ornamentals,2.5820463604816026e-4
152,2010,ornamentals,0.002042495426938218
152,2011,ornamentals,0.00178462730007082
152,2012,ornamentals,0.00178462730007082
152,2013,ornamentals,0.00178462730007082
152,2014,ornamentals,0
152,2015,ornamentals,0
152,2016,ornamentals,0
152,2017,ornamentals,0
152,2018,ornamentals,0
152,2019,ornamentals,0
152,2020,ornamentals,0
152,2021,ornamentals,0
152,2022,ornamentals,0
153,1992,ornamentals,0.017972196183834305
153,1993,ornamentals,0.0152225608786806
153,1994,ornamentals,0.017514307166381148
153,1995,ornamentals,0.013156702307276218
153,1996,ornamentals,0.008669946812282168
153,1997,ornamentals,0.005555090622075956
153,1998,ornamentals,0.004861936374626357
153,1999,ornamentals,0.0076324490650801075
153,2000,ornamentals,0.012467389098113452
153,2001,ornamentals,0.014534287848487615
153,2002,ornamentals,0.013845668440955687
153,2003,ornamentals,0.017628793786398613
153,2004,ornamentals,0.015910487879816256
153,2005,ornamentals,0.01764947984306065
153,2006,ornamentals,0.018008353084983733
153,2007,ornamentals,0.01146909786347995
153,2008,ornamentals,0.008360614367000752
153,2009,ornamentals,0.004530856754376288
153,2010,ornamentals,0
153,2011,ornamentals,0
153,2012,ornamentals,0
153,2013,ornamentals,0
153,2014,ornamentals,0
153,2015,ornamentals,0
153,2016,ornamentals,0
153,2017,ornamentals,0
153,2018,ornamentals,0
153,2019,ornamentals,0
153,2020,ornamentals,0
153,2021,ornamentals,0
153,2022,ornamentals,0
155,2009,ornamentals,2.9600742177781324e-4
155,2010,ornamentals,1.4801171521315026e-4
155,2011,ornamentals,2.4113802581448942e-4
155,2012,ornamentals,8.466961852973535e-4
155,2013,ornamentals,9.946163469340317e-4
155,2014,ornamentals,9.946163469340317e-4
155,2015,ornamentals,8.878302307897274e-4
155,2016,ornamentals,2.2201156936006887e-4
155,2017,ornamentals,0
155,2018,ornamentals,0
155,2019,ornamentals,0
155,2020,ornamentals,0
155,2021,ornamentals,0
155,2022,ornamentals,0
164,1977,ornamentals,4.974308977702413e-4
164,1978,ornamentals,2.487380528684531e-4
164,1979,ornamentals,0.0012838190138689744
164,1980,ornamentals,0.002363080914113721
164,1981,ornamentals,0.002238909566383727
164,1982,ornamentals,0.002428865409789846
164,1983,ornamentals,0.0017381746635186381
164,1984,ornamentals,5.064079355182747e-4
164,1985,ornamentals,8.918487923951898e-4
164,1986,ornamentals,0.0011305079603629563
164,1987,ornamentals,0.0011312878600879923
164,1988,ornamentals,0.001326665163648127
164,1989,ornamentals,0.0018462358092786952
164,1990,ornamentals,0.0017605638657189593
164,1991,ornamentals,0.002215152260492208
164,1992,ornamentals,0.002496785267680168
164,1993,ornamentals,0.0021734974657567304
164,1994,ornamentals,0.0026063487029470544
164,1995,ornamentals,0.0022184902951706467
164,1996,ornamentals,0.0018228342332713358
164,1997,ornamentals,0.001670416712435226
164,1998,ornamentals,8.942057746022015e-4
164,1999,ornamentals,6.79649676772722e-4
164,2000,ornamentals,0.0013582837730229745
164,2001,ornamentals,0.0013609648172482353
164,2002,ornamentals,0.0018575424614854289
164,2003,ornamentals,0.0038570382200931834
164,2004,ornamentals,0.004820714302419216
164,2005,ornamentals,0.007596242008991343
164,2006,ornamentals,0.009129138267433428
164,2007,ornamentals,0.008560348049930595
164,2008,ornamentals,0.008062462584237168
164,2009,ornamentals,0.005855360981765894
164,2010,ornamentals,0.004536521497610583
164,2011,ornamentals,0.004179860084228193
164,2012,ornamentals,0.004465196651784602
164,2013,ornamentals,0.00442953283463175
164,2014,ornamentals,0.0037160612199552043
164,2015,ornamentals,0.002645155780648467
164,2016,ornamentals,9.657169983686106e-4
164,2017,ornamentals,0
164,2018,ornamentals,0
164,2019,ornamentals,0
164,2020,ornamentals,0
164,2021,ornamentals,0
164,2022,ornamentals,0
166,1976,ornamentals,0.004230901021163381
166,1977,ornamentals,0.013610993977043394
166,1978,ornamentals,0.013572992477346599
166,1979,ornamentals,0.012667051564037708
166,1980,ornamentals,0.011959386075267848
166,1981,ornamentals,0.006217559593821267
166,1982,ornamentals,0.004494557124337567
166,1983,ornamentals,0.005509439048989317
166,1984,ornamentals,0.006999188235827601
166,1985,ornamentals,0.009899268718536983
166,1986,ornamentals,0.0125095722127956
166,1987,ornamentals,0.009023051194052901
166,1988,ornamentals,0.007192058426711914
166,1989,ornamentals,0.004286228413138666
166,1990,ornamentals,0
166,1991,ornamentals,0.003455750194265452
166,1992,ornamentals,0.003455750194265452
166,1993,ornamentals,0.003455750194265452
166,1994,ornamentals,0.003455750194265452
166,1995,ornamentals,0
166,1996,ornamentals,0
166,1997,ornamentals,0
166,1998,ornamentals,0.00511114900924187
166,1999,ornamentals,0.006385958731581473
166,2000,ornamentals,0.01189645093159476
166,2001,ornamentals,0.013164957667737653
166,2002,ornamentals,0.00893202065319377
166,2003,ornamentals,0.008508005855228628
166,2004,ornamentals,0.003409553101041985
166,2005,ornamentals,0.002131966082975309
166,2006,ornamentals,0.002557960976369918
166,2007,ornamentals,0.0017058385254644125
166,2008,ornamentals,0.0012795782211821754
166,2009,ornamentals,0.0012795782211821754
166,2010,ornamentals,0
166,2011,ornamentals,0
166,2012,ornamentals,0
166,2013,ornamentals,4.266590412979339e-4
166,2014,ornamentals,8.531850873965789e-4
166,2015,ornamentals,8.531850873965789e-4
166,2016,ornamentals,8.531850873965789e-4
166,2017,ornamentals,4.266590412979339e-4
166,2018,ornamentals,0
166,2019,ornamentals,0
166,2020,ornamentals,0
166,2021,ornamentals,0
166,2022,ornamentals,0
168,1997,ornamentals,0.007609993172417193
168,1998,ornamentals,0.0038102869731736844
168,1999,ornamentals,0.0025413698649499952
168,2000,ornamentals,0.0019064697649870117
168,2001,ornamentals,0
168,2002,ornamentals,0.0027487046509830325
168,2003,ornamentals,0.003986637584975398
168,2004,ornamentals,0.0051522143380521475
168,2005,ornamentals,0.005672529588682287
168,2006,ornamentals,0.002929697942126128
168,2007,ornamentals,0.004079693339371083
168,2008,ornamentals,0.004655207750596896
168,2009,ornamentals,0.004134505439813329
168,2010,ornamentals,0.004134505439813329
168,2011,ornamentals,0.0017457158632312232
168,2012,ornamentals,5.972826359373802e-4
168,2013,ornamentals,5.972826359373802e-4
168,2014,ornamentals,5.972826359373802e-4
168,2015,ornamentals,5.972826359373802e-4
168,2016,ornamentals,0
168,2017,ornamentals,0
168,2018,ornamentals,0
168,2019,ornamentals,0
168,2020,ornamentals,0
168,2021,ornamentals,0
168,2022,ornamentals,0
171,2004,ornamentals,0.002146074366544759
171,2005,ornamentals,0.00107345791857596
171,2006,ornamentals,7.157321743039708e-4
171,2007,ornamentals,5.36834225622825e-4
171,2008,ornamentals,0
171,2009,ornamentals,5.481337354257317e-4
171,2010,ornamentals,0.0010339244067306074
171,2011,ornamentals,0.0014630842855871153
171,2012,ornamentals,0.0015026054003475743
171,2013,ornamentals,9.830939274012064e-4
171,2014,ornamentals,5.198847859602513e-4
171,2015,ornamentals,1.1303523568878464e-4
171,2016,ornamentals,9.608054559875987e-5
171,2017,ornamentals,9.042893554997103e-5
171,2018,ornamentals,8.477730215823844e-5
171,2019,ornamentals,6.21705351586219e-5
171,2020,ornamentals,3.956339465647895e-5
171,2021,ornamentals,1.6955880639467622e-5
171,2022,ornamentals,0
175,1988,ornamentals,0.0983384601576197
175,1989,ornamentals,0.050052458084878286
175,1990,ornamentals,0.047463269016709705
175,1991,ornamentals,0.08831362272806961
175,1992,ornamentals,0.08074649997253824
175,1993,ornamentals,0.08579589535337985
175,1994,ornamentals,0.08074649997253824
175,1995,ornamentals,0.03396715102567421
175,1996,ornamentals,0.0168478696059787
175,1997,ornamentals,0.011537016557830047
175,1998,ornamentals,0.01949558625947005
175,1999,ornamentals,0.01733003212390895
175,2000,ornamentals,0.01865406445702601
175,2001,ornamentals,0.023937419163537903
175,2002,ornamentals,0.012021053782973615
175,2003,ornamentals,0.00935882021708431
175,2004,ornamentals,0.008025758536588243
175,2005,ornamentals,0.002680486700049473
175,2006,ornamentals,0.002680486700049473
175,2007,ornamentals,0.0013408997169811149
175,2008,ornamentals,0.0013408997169811149
175,2009,ornamentals,0.0013408997169811149
175,2010,ornamentals,0
175,2011,ornamentals,0
175,2012,ornamentals,0
175,2013,ornamentals,0
175,2014,ornamentals,0.0013408997169811149
175,2015,ornamentals,0.00935882021708431
175,2016,ornamentals,0.034443319789096614
175,2017,ornamentals,0.040968780301390985
175,2018,ornamentals,0.044869171325588764
175,2019,ornamentals,0.03705723951104132
175,2020,ornamentals,0.012021053782973615
175,2021,ornamentals,0.005355732728145486
175,2022,ornamentals,0
179,1988,ornamentals,0.001009348656838421
179,1989,ornamentals,5.234589100204223e-4
179,1990,ornamentals,3.6145731172330394e-4
179,1991,ornamentals,2.711019348767693e-4
179,1992,ornamentals,7.479210566937048e-5
179,1993,ornamentals,6.544331602529807e-5
179,1994,ornamentals,5.6094462507360815e-5
179,1995,ornamentals,1.9632055891710207e-4
179,1996,ornamentals,1.495801234672434e-4
179,1997,ornamentals,1.495801234672434e-4
179,1998,ornamentals,1.495801234672434e-4
179,1999,ornamentals,7.383929630618424e-4
179,2000,ornamentals,0.001635144642784686
179,2001,ornamentals,0.001635144642784686
179,2002,ornamentals,0.001635144642784686
179,2003,ornamentals,9.065786751432101e-4
179,2004,ornamentals,0
179,2005,ornamentals,0
179,2006,ornamentals,0
179,2007,ornamentals,0
179,2008,ornamentals,0
179,2009,ornamentals,7.66425350687354e-4
179,2010,ornamentals,7.66425350687354e-4
179,2011,ornamentals,0.0010934274465414855
179,2012,ornamentals,0.001485726835881189
179,2013,ornamentals,0.0013456328220997928
179,2014,ornamentals,0.0020739651153258787
179,2015,ornamentals,0.0024473185290179817
179,2016,ornamentals,0.0026712816890327915
179,2017,ornamentals,0.0026712816890327915
179,2018,ornamentals,0.0023073229365962564
179,2019,ornamentals,0.0016071300467837997
179,2020,ornamentals,9.906637797272462e-4
179,2021,ornamentals,3.6457290795839577e-4
179,2022,ornamentals,0
180,1988,ornamentals,0
180,1989,ornamentals,8.002896521051535e-4
180,1990,ornamentals,0.0015181000165060679
180,1991,ornamentals,0.0011387328829507886
180,1992,ornamentals,0.0024916693196936728
180,1993,ornamentals,0.002245780355391651
180,1994,ornamentals,0.002399466136083329
180,1995,ornamentals,0.002399466136083329
180,1996,ornamentals,0.0023687303608286117
180,1997,ornamentals,0.0035976231810447208
180,1998,ornamentals,0.002706785922862327
180,1999,ornamentals,0.002706785922862327
180,2000,ornamentals,0.0039967758319600834
180,2001,ornamentals,0.003382646592857911
180,2002,ornamentals,0.004641315022020564
180,2003,ornamentals,0.005500228606928055
180,2004,ornamentals,0.0038739720326882426
180,2005,ornamentals,0.004549256580811083
180,2006,ornamentals,0.005285550750584166
180,2007,ornamentals,0.006236011376505691
180,2008,ornamentals,0.007828851381866658
180,2009,ornamentals,0.0063892496667328534
180,2010,ornamentals,0.004395812080773619
180,2011,ornamentals,0.0025838662907233124
180,2012,ornamentals,0
180,2013,ornamentals,0
180,2014,ornamentals,0
180,2015,ornamentals,0.002706785922862327
180,2016,ornamentals,0.002706785922862327
180,2017,ornamentals,0.002706785922862327
180,2018,ornamentals,0.002706785922862327
180,2019,ornamentals,0
180,2020,ornamentals,0
180,2021,ornamentals,2.4629282642765136e-4
180,2022,ornamentals,4.925413292769635e-4
181,1992,ornamentals,2.3649822331881716e-4
181,1993,ornamentals,1.182542211222184e-4
181,1994,ornamentals,7.883728293818066e-5
181,1995,ornamentals,5.912838803716545e-5
181,1996,ornamentals,2.3649822331881716e-4
181,1997,ornamentals,0.003189282284987333
181,1998,ornamentals,0.003189282284987333
181,1999,ornamentals,0.00895832043229767
181,2000,ornamentals,0.008840827760692121
181,2001,ornamentals,0.0059002273807556216
181,2002,ornamentals,0.0059002273807556216
181,2003,ornamentals,4.72955577999841e-4
181,2004,ornamentals,0.0010639202570722095
181,2005,ornamentals,0.0010639202570722095
181,2006,ornamentals,0.0011820825714035056
181,2007,ornamentals,0.001477443722750651
181,2008,ornamentals,0.006017972810004501
181,2009,ornamentals,0.006017972810004501
181,2010,ornamentals,0.0059002273807556216
181,2011,ornamentals,0.005252446347029868
181,2012,ornamentals,5.912838803716545e-5
181,2013,ornamentals,5.912838803716545e-5
181,2014,ornamentals,1.7737749947564576e-4
181,2015,ornamentals,2.3649822331881716e-4
181,2016,ornamentals,2.3649822331881716e-4
181,2017,ornamentals,4.1384506999216406e-4
181,2018,ornamentals,4.72955577999841e-4
181,2019,ornamentals,4.1384506999216406e-4
181,2020,ornamentals,3.547320083563858e-4
181,2021,ornamentals,1.7737749947564576e-4
181,2022,ornamentals,0
182,1977,ornamentals,0.6032947953653901
182,1978,ornamentals,0.3470517931578053
182,1979,ornamentals,0.24584189082167746
182,1980,ornamentals,0.19519821389964842
182,1981,ornamentals,0.020110002205679278
182,1982,ornamentals,0.012236226593512853
182,1983,ornamentals,0.007802127814462171
182,1984,ornamentals,0
182,1985,ornamentals,0
182,1986,ornamentals,0
182,1987,ornamentals,0.007304417999952018
182,1988,ornamentals,0.007304417999952018
182,1989,ornamentals,0.008758142710063602
182,1990,ornamentals,0.03873863592379752
182,1991,ornamentals,0.031600540850037856
182,1992,ornamentals,0.04389326973095359
182,1993,ornamentals,0.042476416806959655
182,1994,ornamentals,0.3974830320768468
182,1995,ornamentals,0.3974830320768468
182,1996,ornamentals,0.3879993470301935
182,1997,ornamentals,0.3879993470301935
182,1998,ornamentals,0
182,1999,ornamentals,0
182,2000,ornamentals,0
182,2001,ornamentals,0
182,2002,ornamentals,0
182,2003,ornamentals,0
182,2004,ornamentals,0
182,2005,ornamentals,0
182,2006,ornamentals,0
182,2007,ornamentals,0
182,2008,ornamentals,0
182,2009,ornamentals,0
182,2010,ornamentals,0
182,2011,ornamentals,0
182,2012,ornamentals,0
182,2013,ornamentals,0
182,2014,ornamentals,0
182,2015,ornamentals,0
182,2016,ornamentals,0
182,2017,ornamentals,0
182,2018,ornamentals,0
182,2019,ornamentals,0
182,2020,ornamentals,0
182,2021,ornamentals,0
182,2022,ornamentals,0
183,1988,ornamentals,0.0010470197101901475
183,1989,ornamentals,5.236100000716338e-4
183,1990,ornamentals,3.490955953894515e-4
183,1991,ornamentals,2.6183004585981123e-4
183,1992,ornamentals,0
183,1993,ornamentals,5.597663430379893e-5
183,1994,ornamentals,5.597663430379893e-5
183,1995,ornamentals,5.597663430379893e-5
183,1996,ornamentals,5.597663430379893e-5
183,1997,ornamentals,0
183,1998,ornamentals,0
183,1999,ornamentals,0
183,2000,ornamentals,0
183,2001,ornamentals,0
183,2002,ornamentals,0
183,2003,ornamentals,0
183,2004,ornamentals,0
183,2005,ornamentals,0.010694159896583871
183,2006,ornamentals,0.020789671284360642
183,2007,ornamentals,0.023366310589775795
183,2008,ornamentals,0.04152224871973039
183,2009,ornamentals,0.03770650736124246
183,2010,ornamentals,0.02876151138160145
183,2011,ornamentals,0.02747886794167861
183,2012,ornamentals,0.011992626361667251
183,2013,ornamentals,0.008874234306974642
183,2014,ornamentals,0.009654498831249789
183,2015,ornamentals,0.014844922737872078
183,2016,ornamentals,0.022593828125409023
183,2017,ornamentals,0.028505078861465857
183,2018,ornamentals,0.03694208055034934
183,2019,ornamentals,0.03055519468919176
183,2020,ornamentals,0.020015732410505374
183,2021,ornamentals,0.010434318677560566
183,2022,ornamentals,0
184,1988,ornamentals,0.01822777476423035
184,1989,ornamentals,0.009957725170492532
184,1990,ornamentals,0.008710182062512327
184,1991,ornamentals,0.008493101889086755
184,1992,ornamentals,0.006048573926667256
184,1993,ornamentals,0.010201676708499917
184,1994,ornamentals,0.011014534530808385
184,1995,ornamentals,0.009551042598426866
184,1996,ornamentals,0.007434342586717494
184,1997,ornamentals,0.0028641446361038123
184,1998,ornamentals,4.914221958789519e-4
184,1999,ornamentals,0
184,2000,ornamentals,0
184,2001,ornamentals,0
184,2002,ornamentals,0
184,2003,ornamentals,0
184,2004,ornamentals,0
184,2005,ornamentals,0.0077602019432897905
184,2006,ornamentals,0.0077602019432897905
184,2007,ornamentals,0.015719611211615036
184,2008,ornamentals,0.015719611211615036
184,2009,ornamentals,0.008004545544870826
184,2010,ornamentals,0.015314637788388912
184,2011,ornamentals,0.009551042598426866
184,2012,ornamentals,0.013450214731413614
184,2013,ornamentals,0.016286372720246904
184,2014,ornamentals,0.012395285585256233
184,2015,ornamentals,0.012882277024572484
184,2016,ornamentals,0.016610131071576023
184,2017,ornamentals,0.013774644758277069
184,2018,ornamentals,0.013612439360116635
184,2019,ornamentals,0.010933270474706101
184,2020,ornamentals,0.0032728191950209015
184,2021,ornamentals,0.004498111036424094
184,2022,ornamentals,0.002455347983167578
191,1997,ornamentals,8.494856779647039e-4
191,1998,ornamentals,8.494856779647039e-4
191,1999,ornamentals,8.494856779647039e-4
191,2000,ornamentals,8.494856779647039e-4
191,2001,ornamentals,8.494856779647039e-4
191,2002,ornamentals,8.494856779647039e-4
191,2003,ornamentals,6.371636949956542e-4
191,2004,ornamentals,4.248087611653583e-4
191,2005,ornamentals,2.124208662447502e-4
191,2006,ornamentals,0.002970895457281496
191,2007,ornamentals,0.002970895457281496
191,2008,ornamentals,0.007203873558605431
191,2009,ornamentals,0.01289770116467948
191,2010,ornamentals,0.02108051491977291
191,2011,ornamentals,0.025257924185459697
191,2012,ornamentals,0.02108051491977291
191,2013,ornamentals,0.01584075484349798
191,2014,ornamentals,0.005723820304419055
191,2015,ornamentals,0.007415179112637137
191,2016,ornamentals,0.007415179112637137
191,2017,ornamentals,0.009948303808454004
191,2018,ornamentals,0.013949518574693988
191,2019,ornamentals,0.008048900058848221
191,2020,ornamentals,0.008048900058848221
191,2021,ornamentals,0.005089021367187417
191,2022,ornamentals,0
202,1991,ornamentals,0.0011810580252842463
202,1992,ornamentals,0.001059384064825145
202,1993,ornamentals,0.0021893266772249702
202,1994,ornamentals,0.0022616593791647305
202,1995,ornamentals,0.0020560285901913434
202,1996,ornamentals,0.0018218554887742113
202,1997,ornamentals,7.094727455625806e-4
202,1998,ornamentals,8.943357377059997e-5
202,1999,ornamentals,0.001405225196637639
202,2000,ornamentals,0.0032695741796373748
202,2001,ornamentals,0.005949781981905488
202,2002,ornamentals,0.007807953470686077
202,2003,ornamentals,0.010566702582228613
202,2004,ornamentals,0.011455935344023713
202,2005,ornamentals,0.01071494817912827
202,2006,ornamentals,0.011604084637419102
202,2007,ornamentals,0.007746980343018525
202,2008,ornamentals,0.008415334612549959
202,2009,ornamentals,0.01352856721803024
202,2010,ornamentals,0.011085491919647528
202,2011,ornamentals,0.010863177716750475
202,2012,ornamentals,0.007449829180844255
202,2013,ornamentals,3.7345634333021976e-4
202,2014,ornamentals,4.4813538231693295e-4
202,2015,ornamentals,3.7345634333021976e-4
202,2016,ornamentals,0.005814343305135435
202,2017,ornamentals,0.005963104642620076
202,2018,ornamentals,0.006144163140278958
202,2019,ornamentals,0.006144163140278958
202,2020,ornamentals,7.045900929752519e-4
202,2021,ornamentals,5.552559316653065e-4
202,2022,ornamentals,0
203,1976,ornamentals,5.412739361061584e-4
203,1977,ornamentals,4.510764810953631e-4
203,1978,ornamentals,3.0073417563675984e-4
203,1979,ornamentals,2.2555682799842717e-4
203,1980,ornamentals,9.022719297204255e-5
203,1981,ornamentals,4.511434018015846e-5
203,1982,ornamentals,4.511434018015846e-5
203,1983,ornamentals,1.3533855847342157e-4
203,1984,ornamentals,2.2555682799842717e-4
203,1985,ornamentals,2.2555682799842717e-4
203,1986,ornamentals,4.059755238798579e-4
203,1987,ornamentals,4.059755238798579e-4
203,1988,ornamentals,3.608730800603913e-4
203,1989,ornamentals,6.765589715423663e-4
203,1990,ornamentals,8.569182150218032e-4
203,1991,ornamentals,0.0018484693334761123
203,1992,ornamentals,0.001983625196180511
203,1993,ornamentals,0.0030643917689008003
203,1994,ornamentals,0.0030643917689008003
203,1995,ornamentals,0.0037394376459139443
203,1996,ornamentals,0.004054345123065044
203,1997,ornamentals,0.00396437895311125
203,1998,ornamentals,0.004504087266527677
203,1999,ornamentals,0.00396437895311125
203,2000,ornamentals,0.00634648614043894
203,2001,ornamentals,0.007917305318125461
203,2002,ornamentals,0.009575927140349546
203,2003,ornamentals,0.008365779782831222
203,2004,ornamentals,0.007872449786198766
203,2005,ornamentals,0.00634648614043894
203,2006,ornamentals,0.006975030221004157
203,2007,ornamentals,0.010605949917189869
203,2008,ornamentals,0.011679930273527022
203,2009,ornamentals,0.013736039434431734
203,2010,ornamentals,0.012484862716014821
203,2011,ornamentals,0.012440156667128936
203,2012,ornamentals,0.012618972099523638
203,2013,ornamentals,0.010964037038647402
203,2014,ornamentals,0.011500992075497797
203,2015,ornamentals,0.009307097981093205
203,2016,ornamentals,0.007109680683070511
203,2017,ornamentals,0.0053132508030541165
203,2018,ornamentals,0.006481198465567183
203,2019,ornamentals,0.005088531147511902
203,2020,ornamentals,0.0036494507680674363
203,2021,ornamentals,0.00396437895311125
203,2022,ornamentals,6.314654458772323e-4
204,1984,ornamentals,0.03486323118261321
204,1985,ornamentals,0.022978918201388258
204,1986,ornamentals,0.01536207562970602
204,1987,ornamentals,0.012358105715939765
204,1988,ornamentals,0.003581598389656886
204,1989,ornamentals,8.273551813581067e-4
204,1990,ornamentals,8.273551813581067e-4
204,1991,ornamentals,0
204,1992,ornamentals,0
204,1993,ornamentals,0
204,1994,ornamentals,0
204,1995,ornamentals,0
204,1996,ornamentals,0
204,1997,ornamentals,0
204,1998,ornamentals,0
204,1999,ornamentals,0
204,2000,ornamentals,0
204,2001,ornamentals,2.7584064833080735e-4
204,2002,ornamentals,8.273551813581067e-4
204,2003,ornamentals,0.0011030291108530264
204,2004,ornamentals,0.00137864751217781
204,2005,ornamentals,0.004131782389759242
204,2006,ornamentals,0.00633030885007096
204,2007,ornamentals,0.006604876450216165
204,2008,ornamentals,0.00633030885007096
204,2009,ornamentals,0.0033064234096755706
204,2010,ornamentals,8.273551813581067e-4
204,2011,ornamentals,0.0030311930800683787
204,2012,ornamentals,0.0030311930800683787
204,2013,ornamentals,0.0030311930800683787
204,2014,ornamentals,0.002755907378565014
204,2015,ornamentals,0
204,2016,ornamentals,0
204,2017,ornamentals,0
204,2018,ornamentals,0
204,2019,ornamentals,0
204,2020,ornamentals,0
204,2021,ornamentals,0
204,2022,ornamentals,0
206,1976,ornamentals,3.982064220441329e-4
206,1977,ornamentals,1.9911769660520848e-4
206,1978,ornamentals,1.327483505050815e-4
206,1979,ornamentals,9.956247022536158e-5
206,1980,ornamentals,1.109376491698063e-4
206,1981,ornamentals,1.109376491698063e-4
206,1982,ornamentals,2.1627896369456987e-4
206,1983,ornamentals,2.1627896369456987e-4
206,1984,ornamentals,1.8029992868244424e-4
206,1985,ornamentals,1.8029992868244424e-4
206,1986,ornamentals,7.495584415511287e-5
206,1987,ornamentals,7.495584415511287e-5
206,1988,ornamentals,0
206,1989,ornamentals,0
206,1990,ornamentals,0
206,1991,ornamentals,0
206,1992,ornamentals,0
206,1993,ornamentals,0
206,1994,ornamentals,0
206,1995,ornamentals,0
206,1996,ornamentals,0
206,1997,ornamentals,0
206,1998,ornamentals,0
206,1999,ornamentals,0
206,2000,ornamentals,0
206,2001,ornamentals,0
206,2002,ornamentals,0
206,2003,ornamentals,0
206,2004,ornamentals,0
206,2005,ornamentals,1.2022053231183951e-5
206,2006,ornamentals,3.6745263737585754e-5
206,2007,ornamentals,9.654801622324639e-5
206,2008,ornamentals,2.0447909667233117e-4
206,2009,ornamentals,1.9245873424517774e-4
206,2010,ornamentals,3.9305364012721835e-4
206,2011,ornamentals,4.008541553103292e-4
206,2012,ornamentals,3.830608913091513e-4
206,2013,ornamentals,3.830608913091513e-4
206,2014,ornamentals,1.577439426513858e-4
206,2015,ornamentals,9.014162253097233e-5
206,2016,ornamentals,0
206,2017,ornamentals,0
206,2018,ornamentals,0
206,2019,ornamentals,0
206,2020,ornamentals,0
206,2021,ornamentals,0
206,2022,ornamentals,0
207,2001,ornamentals,0.003964450301784677
207,2002,ornamentals,0.001983660922196379
207,2003,ornamentals,0.0013227600860851966
207,2004,ornamentals,9.921899241878307e-4
207,2005,ornamentals,7.442098831876718e-4
207,2006,ornamentals,0.0029496539481795427
207,2007,ornamentals,0.0047806913058632125
207,2008,ornamentals,0.0047806913058632125
207,2009,ornamentals,0.004038674152837324
207,2010,ornamentals,0.0018349860630854974
207,2011,ornamentals,0
207,2012,ornamentals,0
207,2013,ornamentals,0
207,2014,ornamentals,0
207,2015,ornamentals,0
207,2016,ornamentals,0
207,2017,ornamentals,0
207,2018,ornamentals,0
207,2019,ornamentals,0
207,2020,ornamentals,0
207,2021,ornamentals,0
207,2022,ornamentals,0
209,1978,ornamentals,2.4978109968235403e-4
209,1979,ornamentals,1.2489624936564808e-4
209,1980,ornamentals,1.3001318749232703e-4
209,1981,ornamentals,1.2262755261633314e-4
209,1982,ornamentals,8.584920924758669e-5
209,1983,ornamentals,1.4360408663725212e-4
209,1984,ornamentals,1.941532010538607e-4
209,1985,ornamentals,1.6903801003772487e-4
209,1986,ornamentals,1.433711107000864e-4
209,1987,ornamentals,1.2003789472525114e-4
209,1988,ornamentals,1.5341145292773354e-4
209,1989,ornamentals,2.2941353055409201e-4
209,1990,ornamentals,2.2941353055409201e-4
209,1991,ornamentals,1.9499461068251433e-4
209,1992,ornamentals,7.601059890924482e-5
209,1993,ornamentals,0
209,1994,ornamentals,0
209,1995,ornamentals,0
209,1996,ornamentals,0
209,1997,ornamentals,0
209,1998,ornamentals,1.3497987638863241e-5
209,1999,ornamentals,1.3497987638863241e-5
209,2000,ornamentals,1.4205149204242926e-4
209,2001,ornamentals,1.7519332711838606e-4
209,2002,ornamentals,2.373681988233851e-4
209,2003,ornamentals,2.461238539609171e-4
209,2004,ornamentals,1.3888244305296197e-4
209,2005,ornamentals,1.6207777150221807e-4
209,2006,ornamentals,1.1180637712578281e-4
209,2007,ornamentals,1.395001402145083e-4
209,2008,ornamentals,1.327091828487563e-4
209,2009,ornamentals,8.243670946075835e-5
209,2010,ornamentals,5.7032130245943485e-5
209,2011,ornamentals,2.4750376597399216e-5
209,2012,ornamentals,3.877700557688135e-5
209,2013,ornamentals,3.271003313843178e-5
209,2014,ornamentals,7.751930000099421e-5
209,2015,ornamentals,7.334873982522882e-5
209,2016,ornamentals,4.4810338027514406e-5
209,2017,ornamentals,4.4810338027514406e-5
209,2018,ornamentals,0
209,2019,ornamentals,0
209,2020,ornamentals,0
209,2021,ornamentals,0
209,2022,ornamentals,0
210,1988,ornamentals,0.001929382732621655
210,1989,ornamentals,0.0019982389690345994
210,1990,ornamentals,0.0022353839317397813
210,1991,ornamentals,0.0025260216999751666
210,1992,ornamentals,0.0029045230758878346
210,1993,ornamentals,0.0032829197813085973
210,1994,ornamentals,0.0036382880574986768
210,1995,ornamentals,0.002789836745261096
210,1996,ornamentals,0.001929382732621655
210,1997,ornamentals,0.0010339362066269571
210,1998,ornamentals,0
210,1999,ornamentals,0.0010224523176173912
210,2000,ornamentals,0.0020900418946725972
210,2001,ornamentals,0.0031797310570692715
210,2002,ornamentals,0.0031797310570692715
210,2003,ornamentals,0.0021588900471689195
210,2004,ornamentals,0.0010913542060185107
210,2005,ornamentals,0
210,2006,ornamentals,0
210,2007,ornamentals,0
210,2008,ornamentals,0
210,2009,ornamentals,0
210,2010,ornamentals,0
210,2011,ornamentals,0
210,2012,ornamentals,2.2984849979770177e-5
210,2013,ornamentals,5.7461401039963375e-5
210,2014,ornamentals,1.608858424795617e-4
210,2015,ornamentals,1.9535891919186257e-4
210,2016,ornamentals,2.643024672272328e-4
210,2017,ornamentals,2.643024672272328e-4
210,2018,ornamentals,1.838679901206622e-4
210,2019,ornamentals,1.4939462390611618e-4
210,2020,ornamentals,5.7461401039963375e-5
210,2021,ornamentals,2.2984849979770177e-5
210,2022,ornamentals,0
214,1994,ornamentals,0.014285616681307258
214,1995,ornamentals,0.013586521571139256
214,1996,ornamentals,0.009072653843853824
214,1997,ornamentals,0.008858264064653567
214,1998,ornamentals,0.007044352161312899
214,1999,ornamentals,0.005521150382664619
214,2000,ornamentals,0.00920906621610577
214,2001,ornamentals,0.00944288436254675
214,2002,ornamentals,0.009033676382389489
214,2003,ornamentals,0.008039375790385606
214,2004,ornamentals,0.00499349292471615
214,2005,ornamentals,0.0027046230674170058
214,2006,ornamentals,0.0014117746456760423
214,2007,ornamentals,7.060693977889497e-4
214,2008,ornamentals,3.53080241118785e-4
214,2009,ornamentals,5.884164631591734e-4
214,2010,ornamentals,0.0015881441032329871
214,2011,ornamentals,0.0017644908307480106
214,2012,ornamentals,0.0020583515479785366
214,2013,ornamentals,0.002293394691610466
214,2014,ornamentals,0.0026458837226459027
214,2015,ornamentals,0.0024696505575154018
214,2016,ornamentals,0.0042309616379341474
214,2017,ornamentals,0.005521150382664619
214,2018,ornamentals,0.005462531823428774
214,2019,ornamentals,0.005462531823428774
214,2020,ornamentals,0.00311572789255351
214,2021,ornamentals,0.0013529797743569401
214,2022,ornamentals,0
216,1981,ornamentals,6.785418392296028e-5
216,1982,ornamentals,2.620248714784867e-4
216,1983,ornamentals,2.796799419053449e-4
216,1984,ornamentals,3.278767306252057e-4
216,1985,ornamentals,3.1091672331810057e-4
216,1986,ornamentals,1.9687687178311544e-4
216,1987,ornamentals,1.181295222636583e-4
216,1988,ornamentals,0
216,1989,ornamentals,0
216,1990,ornamentals,0
216,1991,ornamentals,0
216,1992,ornamentals,0
216,1993,ornamentals,0
216,1994,ornamentals,0
216,1995,ornamentals,0
216,1996,ornamentals,0
216,1997,ornamentals,0
216,1998,ornamentals,0
216,1999,ornamentals,0
216,2000,ornamentals,0
216,2001,ornamentals,0
216,2002,ornamentals,0
216,2003,ornamentals,0
216,2004,ornamentals,0
216,2005,ornamentals,0
216,2006,ornamentals,0
216,2007,ornamentals,0
216,2008,ornamentals,0
216,2009,ornamentals,0
216,2010,ornamentals,0
216,2011,ornamentals,0
216,2012,ornamentals,0
216,2013,ornamentals,0
216,2014,ornamentals,0
216,2015,ornamentals,0
216,2016,ornamentals,0
216,2017,ornamentals,0
216,2018,ornamentals,0
216,2019,ornamentals,0
216,2020,ornamentals,0
216,2021,ornamentals,0
216,2022,ornamentals,0
218,1988,ornamentals,2.81490689571805e-4
218,1989,ornamentals,1.4075258326864517e-4
218,1990,ornamentals,2.81490689571805e-4
218,1991,ornamentals,9.146330953112614e-4
218,1992,ornamentals,0.0010552916315080655
218,1993,ornamentals,0.0015474826738896004
218,1994,ornamentals,0.0014771805062267673
218,1995,ornamentals,0.001266252328682928
218,1996,ornamentals,0.0011256154778109613
218,1997,ornamentals,9.146330953112614e-4
218,1998,ornamentals,0.0014771805062267673
218,1999,ornamentals,0.0016177812297448286
218,2000,ornamentals,0.0021800396960456234
218,2001,ornamentals,0.0021800396960456234
218,2002,ornamentals,0.0018989393425150334
218,2003,ornamentals,0.0013365653339945198
218,2004,ornamentals,0.001828655230178304
218,2005,ornamentals,0.003303863992085065
218,2006,ornamentals,0.004075958125742143
218,2007,ornamentals,0.005548747339573688
218,2008,ornamentals,0.004567064020746165
218,2009,ornamentals,0.0028825380388689432
218,2010,ornamentals,0.0018989393425150334
218,2011,ornamentals,3.518543147921675e-4
218,2012,ornamentals,2.111234458545918e-4
218,2013,ornamentals,1.4075258326864517e-4
218,2014,ornamentals,7.037810144111374e-5
218,2015,ornamentals,7.037810144111374e-5
218,2016,ornamentals,7.037810144111374e-5
218,2017,ornamentals,1.4075258326864517e-4
218,2018,ornamentals,7.037810144111374e-5
218,2019,ornamentals,7.037810144111374e-5
218,2020,ornamentals,7.037810144111374e-5
218,2021,ornamentals,0
218,2022,ornamentals,0
220,1997,ornamentals,0.004231891251959803
220,1998,ornamentals,0.0058744361687838665
220,1999,ornamentals,0.004857951684680984
220,2000,ornamentals,0.004349426135590131
220,2001,ornamentals,0.003645079721254416
220,2002,ornamentals,0.0024701935309052606
220,2003,ornamentals,0.0024701935309052606
220,2004,ornamentals,0.0017648788688269471
220,2005,ornamentals,0.0035274843184510555
220,2006,ornamentals,0.005639618179091008
220,2007,ornamentals,0.008099660796588384
220,2008,ornamentals,0.00880171853400094
220,2009,ornamentals,0.00739724266479964
220,2010,ornamentals,0.004632843814345008
220,2011,ornamentals,0.0014610836372248802
220,2012,ornamentals,7.552484964042708e-4
220,2013,ornamentals,4.904907158284776e-5
220,2014,ornamentals,0
220,2015,ornamentals,0
220,2016,ornamentals,0
220,2017,ornamentals,0
220,2018,ornamentals,0
220,2019,ornamentals,0
220,2020,ornamentals,0
220,2021,ornamentals,0
220,2022,ornamentals,0
222,1976,ornamentals,0.010039879601649426
222,1977,ornamentals,0.009539631341008756
222,1978,ornamentals,0.010039879601649426
222,1979,ornamentals,0.009289438611692756
222,1980,ornamentals,0.010289935166404814
222,1981,ornamentals,0.014533903080337031
222,1982,ornamentals,0.015530573713731014
222,1983,ornamentals,0.021743371350980412
222,1984,ornamentals,0.03088685138837713
222,1985,ornamentals,0.037030470175573836
222,1986,ornamentals,0.046559772994078666
222,1987,ornamentals,0.04972151658052276
222,1988,ornamentals,0.043878733399427425
222,1989,ornamentals,0.037520770113487804
222,1990,ornamentals,0.029161683499935722
222,1991,ornamentals,0.022239178680156815
222,1992,ornamentals,0.019261636319090246
222,1993,ornamentals,0.01677539199074677
222,1994,ornamentals,0.015779627982103906
222,1995,ornamentals,0.011539528002322495
222,1996,ornamentals,0.00778732079534473
222,1997,ornamentals,0.004024796054511503
222,1998,ornamentals,0
222,1999,ornamentals,0
222,2000,ornamentals,5.037474018129004e-4
222,2001,ornamentals,5.037474018129004e-4
222,2002,ornamentals,5.037474018129004e-4
222,2003,ornamentals,0.013037534631619732
222,2004,ornamentals,0.0125383812856657
222,2005,ornamentals,0.0125383812856657
222,2006,ornamentals,0.012787980719438173
222,2007,ornamentals,2.5189688259683133e-4
222,2008,ornamentals,2.5189688259683133e-4
222,2009,ornamentals,5.037474018129004e-4
222,2010,ornamentals,0.001510686186005665
222,2011,ornamentals,0.0027683185350560807
222,2012,ornamentals,0.0035223434905394704
222,2013,ornamentals,0.004275953165418347
222,2014,ornamentals,0.003773592835196088
222,2015,ornamentals,0.003271048003599686
222,2016,ornamentals,0.003271048003599686
222,2017,ornamentals,0.003019706357425437
222,2018,ornamentals,0.0035223434905394704
222,2019,ornamentals,0.0027683185350560807
222,2020,ornamentals,0.002013877841030966
222,2021,ornamentals,0.0012590209497681227
222,2022,ornamentals,0
223,1980,ornamentals,0.003647668607127016
223,1981,ornamentals,0.0030651658345118627
223,1982,ornamentals,0.0029080421877620997
223,1983,ornamentals,0.0021816108404244918
223,1984,ornamentals,0.001269627978231276
223,1985,ornamentals,0.0013345272076660144
223,1986,ornamentals,0.0011422180414532592
223,1987,ornamentals,0.010688742333694212
223,1988,ornamentals,0.011406132857044742
223,1989,ornamentals,0.010725531232834559
223,1990,ornamentals,0.010272454141970234
223,1991,ornamentals,7.230148989781952e-4
223,1992,ornamentals,0
223,1993,ornamentals,0
223,1994,ornamentals,0
223,1995,ornamentals,0
223,1996,ornamentals,0
223,1997,ornamentals,0
223,1998,ornamentals,0
223,1999,ornamentals,0
223,2000,ornamentals,0
223,2001,ornamentals,0
223,2002,ornamentals,0
223,2003,ornamentals,0
223,2004,ornamentals,0
223,2005,ornamentals,0
223,2006,ornamentals,0
223,2007,ornamentals,0
223,2008,ornamentals,0
223,2009,ornamentals,0
223,2010,ornamentals,0
223,2011,ornamentals,0
223,2012,ornamentals,0
223,2013,ornamentals,0
223,2014,ornamentals,0
223,2015,ornamentals,0
223,2016,ornamentals,0
223,2017,ornamentals,0
223,2018,ornamentals,0
223,2019,ornamentals,0
223,2020,ornamentals,0
223,2021,ornamentals,0
223,2022,ornamentals,0
224,1993,ornamentals,0.007659592736025663
224,1994,ornamentals,0.0038351559418114095
224,1995,ornamentals,0.0025579646094708117
224,1996,ornamentals,0.0019189216184972249
224,1997,ornamentals,0.0019189216184972249
224,1998,ornamentals,0.013376280097666057
224,1999,ornamentals,0.013376280097666057
224,2000,ornamentals,0.013376280097666057
224,2001,ornamentals,0.011473370135077812
224,2002,ornamentals,0
224,2003,ornamentals,0
224,2004,ornamentals,0
224,2005,ornamentals,0
224,2006,ornamentals,0
224,2007,ornamentals,0
224,2008,ornamentals,0
224,2009,ornamentals,0
224,2010,ornamentals,0
224,2011,ornamentals,0
224,2012,ornamentals,0
224,2013,ornamentals,0
224,2014,ornamentals,0
224,2015,ornamentals,0
224,2016,ornamentals,0
224,2017,ornamentals,0
224,2018,ornamentals,0
224,2019,ornamentals,0
224,2020,ornamentals,0
224,2021,ornamentals,0
224,2022,ornamentals,0
245,1997,ornamentals,0.002102688964623368
245,1998,ornamentals,0.0029196974800889557
245,1999,ornamentals,0.0024140358343531635
245,2000,ornamentals,0.0021611349195974636
245,2001,ornamentals,0.001810926029706215
245,2002,ornamentals,0.0012269612057903027
245,2003,ornamentals,0.0012269612057903027
245,2004,ornamentals,8.765131120663217e-4
245,2005,ornamentals,0.001752465113893694
245,2006,ornamentals,0.002802867861338269
245,2007,ornamentals,0.004027319470735368
245,2008,ornamentals,0.004376961630491861
245,2009,ornamentals,0.0036775879458611892
245,2010,ornamentals,0.0023020789225516136
245,2011,ornamentals,7.255950696264568e-4
245,2012,ornamentals,3.750185290833288e-4
245,2013,ornamentals,2.4352145086046774e-5
245,2014,ornamentals,0
245,2015,ornamentals,0
245,2016,ornamentals,0
245,2017,ornamentals,0
245,2018,ornamentals,0
245,2019,ornamentals,0
245,2020,ornamentals,0
245,2021,ornamentals,0
245,2022,ornamentals,0
247,1995,ornamentals,0
247,1996,ornamentals,0
247,1997,ornamentals,0
247,1998,ornamentals,0
247,1999,ornamentals,2.277361349735904e-5
247,2000,ornamentals,2.277361349735904e-5
247,2001,ornamentals,1.757567263215653e-4
247,2002,ornamentals,2.3964118136950645e-4
247,2003,ornamentals,5.000116164536358e-4
247,2004,ornamentals,5.000116164536358e-4
247,2005,ornamentals,3.4706475398706187e-4
247,2006,ornamentals,9.967702705850378e-4
247,2007,ornamentals,7.137326145327513e-4
247,2008,ornamentals,7.137326145327513e-4
247,2009,ornamentals,7.137326145327513e-4
247,2010,ornamentals,0
247,2011,ornamentals,0
247,2012,ornamentals,0
247,2013,ornamentals,0
247,2014,ornamentals,0
247,2015,ornamentals,0
247,2016,ornamentals,0
247,2017,ornamentals,0
247,2018,ornamentals,0
247,2019,ornamentals,0
247,2020,ornamentals,0
247,2021,ornamentals,0
247,2022,ornamentals,0
248,1997,ornamentals,7.440348380198065e-4
248,1998,ornamentals,0.0010333319805976545
248,1999,ornamentals,8.542674835701967e-4
248,2000,ornamentals,7.647264469039632e-4
248,2001,ornamentals,6.407506072993809e-4
248,2002,ornamentals,4.3406948744811446e-4
248,2003,ornamentals,4.3406948744811446e-4
248,2004,ornamentals,3.1006368408199506e-4
248,2005,ornamentals,6.200571235773015e-4
248,2006,ornamentals,9.919565729195076e-4
248,2007,ornamentals,0.0014257115498829338
248,2008,ornamentals,0.001549616292642042
248,2009,ornamentals,0.0013017955863026506
248,2010,ornamentals,8.146271704724567e-4
248,2011,ornamentals,2.5666776586944043e-4
248,2012,ornamentals,1.326458835739559e-4
248,2013,ornamentals,8.612759229977895e-6
248,2014,ornamentals,0
248,2015,ornamentals,0
248,2016,ornamentals,0
248,2017,ornamentals,0
248,2018,ornamentals,0
248,2019,ornamentals,0
248,2020,ornamentals,0
248,2021,ornamentals,0
248,2022,ornamentals,0
249,1997,ornamentals,0.008052235997129694
249,1998,ornamentals,0.011171549387925805
249,1999,ornamentals,0.009241567815480543
249,2000,ornamentals,0.008275555253439336
249,2001,ornamentals,0.006937020837086419
249,2002,ornamentals,0.004702894389116164
249,2003,ornamentals,0.004702894389116164
249,2004,ornamentals,0.003360858821564721
249,2005,ornamentals,0.006713482999439631
249,2006,ornamentals,0.010725818939794086
249,2007,ornamentals,0.015392055746463913
249,2008,ornamentals,0.016722348739479486
249,2009,ornamentals,0.014060468180519764
249,2010,ornamentals,0.00881398503020653
249,2011,ornamentals,0.00278262076089017
249,2012,ornamentals,0.0014386995712336952
249,2013,ornamentals,9.345713508473493e-5
249,2014,ornamentals,0
249,2015,ornamentals,0
249,2016,ornamentals,0
249,2017,ornamentals,0
249,2018,ornamentals,0
249,2019,ornamentals,0
249,2020,ornamentals,0
249,2021,ornamentals,0
249,2022,ornamentals,0
250,1997,ornamentals,9.825792026406759e-4
250,1998,ornamentals,0.0013645814134103876
250,1999,ornamentals,0.0011281388748249138
250,2000,ornamentals,0.0010099022825966098
250,2001,ornamentals,8.46191342002664e-4
250,2002,ornamentals,5.732569453567826e-4
250,2003,ornamentals,5.732569453567826e-4
250,2004,ornamentals,4.913777984781764e-4
250,2005,ornamentals,9.007245461777007e-4
250,2006,ornamentals,0.0013917790517896788
250,2007,ornamentals,0.001964453334273963
250,2008,ornamentals,0.0020462443841668134
250,2009,ornamentals,0.0017190508464381134
250,2010,ornamentals,0.0010757951861472927
250,2011,ornamentals,3.389771501381247e-4
250,2012,ornamentals,1.7518591358571333e-4
250,2013,ornamentals,1.1375068605587306e-5
250,2014,ornamentals,0
250,2015,ornamentals,0
250,2016,ornamentals,0.006427881462917111
250,2017,ornamentals,0.014101691865618203
250,2018,ornamentals,0.014101691865618203
250,2019,ornamentals,0.014101691865618203
250,2020,ornamentals,0.007709842198176607
250,2021,ornamentals,0
250,2022,ornamentals,0
