zone,human_count_2000_mol,human_count_2001_mol,human_count_2002_mol,human_count_2003_mol,human_count_2004_mol,human_count_2005_mol,human_count_2006_mol,human_count_2007_mol,human_count_2008_mol,human_count_2009_mol,human_count_2010_mol,human_count_2011_mol,human_count_2012_mol,human_count_2013_mol,human_count_2014_mol,human_count_2015_mol,human_count_2016_mol,human_count_2017_mol,human_count_2018_mol,human_count_2019_mol,human_count_2020_mol
1,4101.734471946955,4151.306577026844,4200.878799825907,4250.450965464115,4300.023122936487,4349.59527951479,4430.046568125486,4510.497813791037,4590.949220716953,4671.400509774685,4751.851729750633,4828.668696522713,4905.485737204552,4982.302900850773,5059.119902014732,5135.937059521675,5205.056013584137,5274.174792647362,5343.2936108112335,5412.412371277809,5481.531418323517
2,3376.8036932349205,3418.680448103696,3460.5571517907083,3502.4339329078794,3544.310593046248,3586.187380246818,3653.684574827552,3721.1817518398166,3788.678908675909,3856.1759753748775,3923.673284739256,3988.364461876452,4053.0556632876396,4117.746827699244,4182.438039876521,4247.129199020565,4305.635677553713,4364.142266206443,4422.6487528681755,4481.155385993421,4539.661824390292
3,3617.564926147461,3616.2364463806152,3614.907917022705,3613.5793113708496,3612.250831604004,3610.922161102295,3631.3859100341797,3651.849540710449,3672.3132553100586,3692.7768745422363,3713.2405967712402,3726.137519836426,3739.03458404541,3751.9316902160645,3764.828742980957,3777.725715637207,3781.218288421631,3784.7107543945312,3788.2033081054688,3791.6957664489746,3795.188461303711
4,0,0,0,0,0,0,0,0,0,0,0,0,0,0,0,0,0,0,0,0,0
5,350734.18720411137,356948.7603955865,363163.3370167501,369377.908253368,375592.47046020627,381807.04968125746,387288.8498477414,392770.6529848464,398252.44251992553,403734.2454746552,409216.04295111075,413945.6163064018,418675.1764208749,423404.73946259916,428134.30546906963,432863.8827254288,436992.990619041,441122.0937603861,445251.20859846845,449380.30747942254,453509.42903535813
6,269978.4196275634,276941.37982556253,283904.3408188481,290867.3031292452,297830.26381971966,304793.22512933775,312484.3642511518,320175.5042218248,327866.64278519957,335557.7832135902,343248.92238697765,351323.1709403589,359397.41780609713,367471.66804640426,375545.91622232617,383620.1643114401,391977.6701698606,400335.1787390825,408692.6857482066,417050.1910489521,425407.6984175353
7,805988.4999311436,825569.1902530529,845149.8803213891,864730.5743878111,884311.2654318679,903891.9572869968,922731.1555150896,941570.3591785897,960409.5661956351,979248.7662241459,998087.9682998676,1016421.8956739698,1034755.829278389,1053089.7585559506,1071423.6883266512,1089757.6221962739,1107024.7845416535,1124291.9545920081,1141559.1201573499,1158826.2922265716,1176093.4538309183
8,65986.52269101143,66098.86709833145,66211.20878148079,66323.55195903778,66435.89351463318,66548.23784255981,66401.63496613503,66255.03171443939,66108.42469382286,65961.82099914551,65815.21826481819,65692.69327950478,65570.1701862812,65447.647943258286,65325.12327551842,65202.598247766495,65162.94622206688,65123.29537820816,65083.64343559742,65043.99167251587,65004.338386654854
9,406316.588935107,403586.1236476898,400855.6580771208,398125.19278401136,395394.726072371,392664.2615685463,389629.3615215719,386594.462931782,383559.56421363354,380524.6638650894,377489.7658877522,377608.23989899457,377726.7153123915,377845.18854524195,377963.6627922207,378082.1372694075,380725.6210016608,383369.1068557054,386012.5910663605,388656.0759911239,391299.56038300693
10,19246.32417678833,19215.02280807495,19183.721267700195,19152.41982650757,19121.118133544922,19089.816665649414,19005.535984039307,18921.254665374756,18836.973705291748,18752.6925239563,18668.411361694336,18699.137630462646,18729.86382293701,18760.590091705322,18791.316276550293,18822.042373657227,18855.037212371826,18888.031703948975,18921.026069641113,18954.020595550537,18987.015186309814
11,453933.1421673298,453489.41954672337,453045.7178772688,452602.0206516981,452158.3095059395,451714.59737336636,452091.6053291559,452468.621055603,452845.6707330942,453222.67481154203,453599.7050472498,454320.00179576874,455040.3228034377,455760.6319261193,456480.9515658617,457201.27489191294,457432.7289992571,457664.1953626871,457895.67590147257,458127.15345698595,458358.6258609891
12,0,0,0,0,0,0,0,0,0,0,0,0,0,0,0,0,0,0,0,0,0
13,298211.0124022674,297456.77895305195,296702.54488311964,295948.311694859,295194.07751286257,294439.84374569426,291107.4627696223,287775.08342583815,284442.7046545984,281110.325394665,277777.94514245214,280515.8733280439,283253.8025069432,285991.7341567117,288729.66253486887,291467.5919856987,294045.65398703294,296623.71370673995,299201.7754189088,301779.8350031955,304357.89565135207
14,23202544.83635044,23365753.015978575,23528961.104432344,23692169.174565792,23855377.27764845,24018585.393312693,24123982.995483875,24229380.525588274,24334778.081907034,24440175.62216091,24545573.20125079,24583947.33425808,24622321.494945526,24660695.628283024,24699069.72484517,24737443.912662745,24741897.170966864,24746350.456370592,24750803.720095873,24755256.961846113,24759710.240997553
15,91691256.41725272,93472449.81663625,95253643.28095838,97034836.88602668,98816030.26612122,100597223.69928074,102090687.826199,103584152.00442234,105077616.24485053,106571080.38746592,108064544.57490611,109750587.17044815,111436629.74392763,113122672.4169702,114808715.03287947,116494757.5980964,118208562.7950744,119922367.93427768,121636173.19138864,123349978.28628622,125063783.42074972
16,18144123.50266344,18365812.727347013,18587501.951715425,18809191.16523323,19030880.386098273,19252569.604065705,19611301.02833709,19970032.437984105,20328763.846111223,20687495.2633411,21046226.679396465,21389300.794653945,21732374.91226897,22075449.030628648,22418523.174003188,22761597.2779613,23070963.131387644,23380328.99080267,23689694.861368295,23999060.727215096,24308426.57958257
17,2897323.2102714507,2953760.9290529783,3010198.677302261,3066636.4185977043,3123074.159728644,3179511.898158036,3234008.634044376,3288505.3990674284,3343002.097963127,3397498.8699575616,3451995.604211389,3499851.1448267456,3547706.714278869,3595562.2655279054,3643417.8172531375,3691273.3280652636,3732724.0375269926,3774174.732197301,3815625.4239269053,3857076.1273230123,3898526.8053490366
18,1004890.5613309145,1006818.5230095387,1008746.4789375067,1010674.4438509941,1012602.4021170139,1014530.3631560802,1023213.2504256964,1031896.1393895149,1040579.0262571573,1049261.9124953747,1057944.8032448292,1065103.565561533,1072262.3324644566,1079421.0960470438,1086579.8636116982,1093738.6267796755,1098669.6834710836,1103600.743756771,1108531.7954615355,1113462.8529742956,1118393.910057187
19,43486.923486068845,43887.81368804723,44288.70319684595,44689.592848941684,45090.482545249164,45491.37211418152,45772.023617975414,46052.67595735192,46333.328179851174,46613.979803457856,46894.63202212006,47139.63007962704,47384.628436014056,47629.62617842853,47874.62396071851,48119.62232697755,48461.058590218425,48802.49627330899,49143.93219257146,49485.36926358938,49826.80579496175
20,46310053.01380879,46593192.327109516,46876331.558415174,47159470.90253806,47442610.17124796,47725749.30470848,48028167.63804996,48330586.12746513,48633004.62948072,48935423.19523978,49237841.511631966,49487830.404165745,49737819.37269497,49987808.452990055,50237797.460092545,50487786.55554652,50694344.71397495,50900902.651531935,51107460.84368229,51314018.91704059,51520577.06649995
21,19091385.731821477,19241492.82276255,19391599.789254367,19541706.843313336,19691813.7013129,19841920.877159297,19943581.14226103,20045241.159329772,20146901.45713848,20248561.799534976,20350222.098923445,20445834.014924884,20541445.888822377,20637058.06135142,20732670.032214582,20828281.945280492,20915405.848430693,21002529.443638682,21089653.047542334,21176776.617500484,21263900.307776153
24,1125435.3300602734,1143822.1026395708,1162208.8754505813,1180595.6501669288,1198982.4198068678,1217369.1934820712,1230993.8649991602,1244618.5305375159,1258243.1956277788,1271867.8634040952,1285492.5292653441,1295993.0248961449,1306493.523674488,1316994.0175204575,1327494.5115425885,1337995.0078800619,1337764.9701747298,1337534.9326162338,1337304.894769892,1337074.8594858348,1336844.824910462
25,21594396.941048093,22165632.08398645,22736867.292893708,23308102.46478669,23879337.623904698,24450572.7780802,24896370.137101673,25342167.40066045,25787964.55867344,26233761.854802016,26679559.06093862,27198492.799379487,27717426.370610893,28236360.003725737,28755293.742913485,29274227.323326748,29772391.518614344,30270555.74663358,30768719.956336234,31266884.20631151,31765048.416560635
26,545433.8854675293,549554.8248953819,553675.7456002235,557796.686188221,561917.6035609245,566038.5498681068,569250.7612872124,572462.9663805962,575675.1712083817,578887.3798770905,582099.5894880295,584272.6582956314,586445.6780295372,588618.74112463,590791.7897047997,592964.8236055374,594577.263408184,596189.7073459625,597802.1562438011,599414.6013922691,601027.023024559
28,713295.8477249146,731639.095085144,749982.3313751221,768325.5827102661,786668.8280715942,805012.0706939697,825698.8006362915,846385.5305328369,867072.3285522461,887759.0627059937,908445.8341140747,931623.6110305786,954801.400894165,977979.1627426147,1001156.9785614014,1024334.7951126099,1048749.9193878174,1073165.058166504,1097580.1443328857,1121995.2611846924,1146410.4065704346
29,247505.66500854492,256075.086479187,264644.5081253052,273213.92906188965,281783.3550262451,290352.774017334,299648.70443725586,308944.6341705322,318240.55741882324,327536.4862976074,336832.41662597656,346129.4065093994,355426.4074707031,364723.4066772461,374020.3980102539,383317.3949890137,392984.5428619385,402651.68927001953,412318.84103393555,421985.9903717041,431653.1386871338
30,0,0,0,0,0,0,0,0,0,0,0,0,0,0,0,0,0,0,0,0,0
31,141528.9161348343,144136.1685590744,146743.42214083672,149350.67532730103,151957.92889261246,154565.18219089508,156046.13120412827,157527.0826201439,159008.03214931488,160488.98260855675,161969.9313607216,163134.32321739197,164298.71350193024,165463.1054816246,166627.49730086327,167791.88792157173,168615.2250187397,169438.56027579308,170261.8949918747,171085.23076963425,171908.56824064255
32,815018.0760879517,826815.2270393372,838612.3585605621,850409.5019569397,862206.6398563385,874003.7850646973,882242.963470459,890482.1390647888,898721.3133335114,906960.491142273,915199.6713924408,921596.3599433899,927993.0271663666,934389.7141399384,940786.393831253,947183.082195282,953580.842622757,959978.6020183563,966376.3713130951,972774.1345462799,979171.8953227997
33,0,0,0,0,0,0,0,0,0,0,0,0,0,0,0,0,0,0,0,0,0
34,0,0,0,0,0,0,0,0,0,0,0,0,0,0,0,0,0,0,0,0,0
35,0,0,0,0,0,0,0,0,0,0,0,0,0,0,0,0,0,0,0,0,0
36,0,0,0,0,0,0,0,0,0,0,0,0,0,0,0,0,0,0,0,0,0
37,1314370.1685504913,1322912.1807947159,1331454.1927747726,1339996.2075943947,1348538.2196993828,1357080.2330765724,1363245.0895380974,1369409.934208393,1375574.7886648178,1381739.6365561485,1387904.492512703,1393964.1281237602,1400023.770453453,1406083.4088721275,1412143.0489788055,1418202.6843948364,1422725.228407383,1427247.770471096,1431770.3134412766,1436292.8565039635,1440815.3984351158
38,0,0,0,0,0,0,0,0,0,0,0,0,0,0,0,0,0,0,0,0,0
39,1946864.306182243,1966554.1694057956,1986244.0157892182,2005933.8807531893,2025623.7235661,2045313.5829490125,2070101.713878572,2094889.8594956398,2119678.01159364,2144466.1438239813,2169254.266316712,2206493.9746882915,2243733.6718817353,2280973.373856485,2318213.062398672,2355452.770849526,2413659.783368528,2471866.811968893,2530073.8019843996,2588280.8211382926,2646487.826118067
40,15279157.25114619,15386270.79188883,15493384.328141551,15600497.832110481,15707611.381151892,15814724.906953,15913465.752567066,16012206.57128574,16110947.397495545,16209688.243002906,16308429.07428208,16383214.10576506,16457999.157555453,16532784.184625741,16607569.223106418,16682354.268257678,16747354.445686074,16812354.64218013,16877354.84355775,16942355.03887059,17007355.20851099
41,8480735.434395758,8665552.587110713,8850369.79868163,9035186.978547761,9220004.176059524,9404821.335279083,9595193.261749428,9785565.160546282,9975937.072651159,10166308.948700445,10356680.867576286,10559027.753733478,10761374.647548834,10963721.53279118,11166068.374632386,11368415.273823299,11569172.856375106,11769930.397402469,11970687.951320253,12171445.499669194,12372203.111619134
42,5798767.571713587,6026583.186909687,6254398.794907328,6482214.406059063,6710030.009423554,6937845.613909625,7193004.547416262,7448163.481990039,7703322.417035021,7958481.359654171,8213640.279853968,8505186.262061719,8796732.236437183,9088278.24200934,9379824.221428728,9671370.207946606,10001778.350545382,10332186.49217613,10662594.650628392,10993002.754974054,11323410.917775106
43,2607300.600310838,2678536.273330074,2749771.9491593856,2821007.6207433194,2892243.3030998018,2963478.9761907104,3042588.192271622,3121697.413210066,3200806.636958165,3279915.855570659,3359025.0740265884,3444409.05129773,3529793.015376268,3615176.9860161673,3700560.9518454596,3785944.9300699197,3869033.241632413,3952121.5589829534,4035209.885777725,4118298.2074589804,4201386.5338856485
44,2876892.890923828,2961179.490371857,3045466.180716872,3129752.881924562,3214039.574634496,3298326.1882152036,3385215.211454015,3472104.254006665,3558993.307534881,3645882.320663091,3732771.3624645844,3826736.6777851954,3920702.039071128,4014667.376355462,4108632.692887783,4202598.006346822,4330073.775851063,4457549.509435043,4585025.258919075,4712501.02212479,4839976.758441582
45,978885.9107456207,1018394.8325640559,1057903.7740231752,1097412.712717533,1136921.624423623,1176430.542342484,1207598.51043123,1238766.4043892622,1269934.3265269995,1301102.2313527465,1332270.2247853875,1365916.7014774084,1399563.1081950665,1433209.6551281214,1466856.0619482994,1500502.5216274858,1541511.8274641037,1582521.1120942235,1623530.3590573668,1664539.656817317,1705548.9536383748
46,754140.901337564,764179.452820614,774217.9800253063,784256.5316352099,794295.0627830923,804333.6034846306,813262.3191958964,822191.0361931324,831119.736207366,840048.4811145961,848977.1575456858,858429.295860678,867881.3918568492,877333.4982752204,886785.6459083259,896237.7454025745,905574.420085907,914911.0859680176,924247.7979091704,933584.4608353376,942921.1499375403
47,4624153.111513406,4768463.813372806,4912774.538057923,5057085.283083424,5201395.977803513,5345706.703437626,5510601.22290352,5675495.696174353,5840390.20334968,6005284.699043006,6170179.239066899,6344214.295993745,6518249.46715188,6692284.603680551,6866319.737909615,7040354.844014943,7213020.821832418,7385686.699067175,7558352.694354534,7731018.592808962,7903684.551193297
48,1773205.4935105145,1815396.3045637347,1857587.1341191903,1899777.965006832,1941968.7755212337,1984159.6270201355,2053483.851726599,2122808.071465306,2192132.3009356707,2261456.5249380916,2330780.758867964,2570945.793820739,2811110.8709276617,3051275.896290779,3291440.9219560325,3531605.978611529,3576290.1346645653,3620974.3312241137,3665658.550631523,3710342.722240746,3755026.891405642
49,540243.2846542001,569753.9290228486,599264.5801012516,628775.2229170799,658285.8719015121,687796.5243688822,723054.9098263979,758313.2891438007,793571.684720993,828830.0702160597,864088.4534024,904745.4715200663,945402.4810476303,986059.5247118473,1026716.5111831427,1067373.5553765297,1119463.3029949665,1171553.0595885515,1223642.861700654,1275732.620179534,1327822.3700652122
50,7992656.973218208,8237540.971787335,8482424.97851283,8727308.859790519,8972192.798220947,9217076.711505137,9465008.049593281,9712939.314596768,9960870.713219713,10208801.967506975,10456733.131034616,10700426.800279014,10944120.51881618,11187814.416359413,11431508.288977474,11675201.92165514,11869611.733601682,12064021.216427088,12258430.689688548,12452840.477843128,12647249.981617853
51,2076571.7009887695,2149340.399641037,2222109.075767994,2294877.8004989624,2367646.5101361275,2440415.1601057053,2612991.8197336197,2785568.475206375,2958145.122657776,3130721.7072763443,3303298.3911828995,3484130.8235149384,3664963.2675390244,3845795.633451462,4026628.0875959396,4207460.474851608,4300176.187618256,4392891.905930519,4485607.575163841,4578323.397931099,4671039.030016899
52,1059351.6251805425,1122676.339824587,1186001.0682659745,1249325.8180134296,1312650.5234749317,1375975.2389009595,1500649.6594122648,1625324.1234390736,1749998.5665242672,1874672.996975422,1999347.4067046642,2035457.905389309,2071568.4133107662,2107678.882034898,2143789.356592655,2179899.8224469423,2213553.2895259857,2247206.7707264423,2280860.232452154,2314513.7311935425,2348167.1808309555
53,11447279.904108703,11679651.996165723,11912024.173583746,12144396.244116455,12376768.2629956,12609140.309080869,12863391.814858824,13117643.035448432,13371894.365660131,13626145.802635938,13880397.02942285,14165764.757956415,14451132.475295395,14736500.281208873,15021868.076735407,15307235.674855858,15597660.593458205,15888085.670450479,16178510.65224269,16468935.405298024,16759360.464988708
54,2017605.0256063938,2217165.579654813,2416726.1391225457,2616286.6352769136,2815847.2114908695,3015407.748573005,3551409.6380006075,4087411.536486864,4623413.374320269,5159415.224099755,5695417.105231881,5828496.2711058855,5961575.623424172,6094654.860602975,6227734.021379113,6360813.348228812,6473700.915800452,6586588.486084223,6699476.014627218,6812363.5575279,6925251.137757897
55,389438.1222201271,391579.8638433778,393721.604682233,395863.34347187326,398005.08434254373,400146.82478202507,401543.29703316255,402939.7678928984,404336.2389336552,405732.71081951447,407129.1819968462,405876.0153295921,404622.8440143042,403369.6759177185,402116.5050473214,400863.3386462132,399911.3989302174,398959.4606903505,398007.52205517184,397055.5830612346,396103.6451263515
56,510157.684967041,518356.7269229889,526555.7612175941,534754.8061733246,542953.8496017456,551152.8827943802,554904.9175796509,558656.950966835,562408.985622406,566161.0261993408,569913.061006546,576976.4149074554,584039.7844009399,591103.1462249756,598166.5171871185,605229.870054245,612896.5721616745,620563.27734375,628229.977060318,635896.6821336746,643563.3812294006
57,305128.2566466564,306024.30371911987,306920.3511347561,307816.39907693927,308712.4466469938,309608.4933014448,309936.0194233636,310263.54318466905,310591.070516223,310918.5950532935,311246.12005247915,309584.4215589274,307922.72235460754,306261.0262937029,304599.32621260034,302937.6276861983,301555.5478267008,300173.4692151472,298791.3908759421,297409.31152760587,296027.2314202059
58,1971931.2505288124,2017550.7905845642,2063170.3413939476,2108789.8830928802,2154409.413432598,2200028.9350352287,2244026.069006443,2288023.1693758965,2332020.2458028793,2376017.3635644913,2420014.486014366,2431142.483827591,2442270.499089241,2453398.527999878,2464526.5513477325,2475654.5707349777,2492349.326034546,2509044.1145248413,2525738.878370285,2542433.6686639786,2559128.4480690956
59,3700407.75226593,3718240.953804016,3736074.1508979797,3753907.349193573,3771740.554473877,3789573.744949341,3812453.9162216187,3835334.1177330017,3858214.297519684,3881094.5005340576,3903974.672111511,3926520.723258972,3949066.737346649,3971612.7742500305,3994158.8072776794,4016704.8514404297,4036448.1326522827,4056191.398021698,4075934.6872558594,4095677.958343506,4115421.231815338
60,71568.301513671875,72472.564208984375,73376.82568359375,74281.09033203125,75185.353271484375,76089.618896484375,76943.2841796875,77796.94775390625,78650.615478515625,79504.27783203125,80357.947265625,81041.742919921875,81725.538818359375,82409.328369140625,83093.125,83776.92041015625,83947.577392578125,84118.232177734375,84288.89453125,84459.548828125,84630.2060546875
61,7730297.034589294,7816167.180047266,7902037.301892292,7987907.455803618,8073777.588936303,8159647.735453121,8269764.313974205,8379880.892113101,8489997.486012094,8600114.073059559,8710230.652835485,8836333.854413973,8962437.046737082,9088540.261208292,9214643.506025748,9340746.706871666,9464851.736182367,9588956.746003482,9713061.751837434,9837166.757354824,9961271.77859145
62,15720857.500002343,15910384.76580063,16099911.985180607,16289439.282780383,16478966.49084109,16668493.71862311,16896479.441884257,17124465.133481327,17352450.838742025,17580436.53591673,17808422.21745602,18105823.500384334,18403224.78282345,18700626.083625022,18998027.35524915,19295428.62959153,19580292.652001295,19865156.67537448,20150020.606164794,20434884.62499902,20719748.64685828
63,297489.2177015599,324592.6557169291,351696.1027655001,378799.5474967561,405902.98804600025,433006.4404911157,454117.8584898263,475229.2900843825,496340.71624686103,517452.1299006422,538563.5486606611,555710.0094076544,572856.489561843,590002.9527471599,607149.4133097988,624295.8849806564,641729.0317652072,659162.1715167526,676595.3199612186,694028.4755020903,711461.6294134797
64,839563.4687485206,877650.2499285201,915737.0243767975,953823.8037946951,991910.5855471343,1029997.3739136541,1072031.4923266722,1114065.6256733052,1156099.7540649027,1198133.8765442409,1240168.0100455415,1289277.7826911034,1338387.5372352442,1387497.302517186,1436607.060922224,1485716.8292668434,1540843.9811782176,1595971.1234783037,1651098.264987262,1706225.4177566255,1761352.55342584
65,863001.845582068,895863.7443125546,928725.6416544765,961587.5497827232,994449.4756721705,1027311.3531350046,1068653.401940167,1109995.4542284012,1151337.526857555,1192679.591922149,1234021.6180191487,1285492.4878817052,1336963.3402665108,1388434.215008065,1439905.0571124852,1491375.9201384038,1552684.4563739896,1613992.9735740125,1675301.5283569098,1736610.0913256705,1797918.6020886153
66,5825653.725099325,5992034.906839728,6158416.154487759,6324797.295215875,6491178.480736852,6657559.555464864,6856938.820313692,7056318.147986144,7255697.364988238,7455076.705610931,7654456.00067848,7911080.517264187,8167704.926218659,8424329.448610485,8680954.11547193,8937578.513454914,9216138.328519613,9494698.230987638,9773258.08220017,10051817.772782266,10330377.742661178
67,2805680.5977882287,2854495.4935190026,2903310.333191271,2952125.2887215717,3000940.1324663647,3049755.0473967874,3098563.259852345,3147371.564122786,3196179.9116440653,3244988.184333708,3293796.414884714,3295193.525786861,3296590.6417617835,3297987.8417923264,3299384.9945374327,3300782.097381061,3345131.730332199,3389481.3012937177,3433830.8518613824,3478180.447124486,3522530.1427344363
68,502118.6788253784,505130.9905014038,508143.29566192627,511155.60803985596,514167.9142379761,517180.22357940674,521579.9356536865,525979.6484298706,530379.3600006104,534779.0755844116,539178.7839050293,541459.4403533936,543740.0973892212,546020.7476043701,548301.406463623,550582.0623626709,552311.5999221802,554041.1353759766,555770.672088623,557500.2069625854,559229.7464523315
69,1718902.3553456068,1697172.2793856785,1675442.2362904921,1653712.201154843,1631982.1768692136,1610252.1274604797,1589624.8681785688,1568997.576899968,1548370.329983063,1527743.0356495231,1507115.820936568,1489049.653854899,1470983.4957773685,1452917.3630438447,1434851.2056233734,1416785.0276250169,1408645.6209975854,1400506.267144695,1392366.8513071537,1384227.4774002284,1376088.0990000218
70,1177505.7087125338,1169253.1836617924,1161000.669344986,1152748.145126816,1144495.628449874,1136243.1057606498,1134248.5241326152,1132253.9482426625,1130259.3813294885,1128264.8080939502,1126270.2221695054,1126585.9300102163,1126901.6445884882,1127217.34279579,1127533.0486666993,1127848.7645543364,1129860.7855352238,1131872.8107921972,1133884.8342169726,1135896.8623199586,1137908.8839410932
71,1082937.344145134,1081014.0825245902,1079090.807633914,1077167.5567829087,1075244.2894860879,1073321.0080595165,1071899.3584222347,1070477.7124380097,1069056.0726663694,1067634.430503875,1066212.784908861,1064642.8671523035,1063072.9429142922,1061503.039987743,1059933.1230032519,1058363.209096916,1055829.76062873,1053296.292740345,1050762.8221131414,1048229.3561480716,1045695.9083753526
72,896275.246316161,891151.1704704184,886027.1110153105,880903.044706909,875778.9708239064,870654.906655062,861008.3909742925,851361.8718944751,841715.3563992716,832068.8519381881,822422.3371792529,805082.72359062545,787743.0978319943,770403.4790878445,753063.8433530452,735724.2285974398,674289.311218746,612854.4086366408,551419.4987890981,489984.58316076454,428549.67437080014
73,15869989.959618494,15827237.706171146,15784485.382023808,15741733.056096105,15698980.76570469,15656228.54367902,15662589.153980609,15668949.93713545,15675310.507391285,15681671.25574383,15688031.969450124,15709977.73430328,15731923.631125059,15753869.48726508,15775815.288491411,15797761.167106463,15799545.025604822,15801328.863732357,15803112.870535906,15804896.799673082,15806680.665072098
74,1265611.4040569272,1252054.2294315314,1238497.0540289516,1224939.8751631025,1211382.698040571,1197825.521487561,1188198.4162363466,1178571.320195361,1168944.2226190781,1159317.1223287582,1149690.022661306,1140185.4035958946,1130680.8062310433,1121176.1751408111,1111671.5734441327,1102166.9572538696,1106745.0246913424,1111323.08646244,1115901.1425666856,1120479.2065469688,1125057.2744339798
75,7440188.627828337,7395165.524827709,7350142.51498155,7305119.42478534,7260096.393843211,7215073.290811489,7193964.559018128,7172855.826610514,7151747.168589955,7130638.388498165,7109529.690326938,7098143.505199308,7086757.282773147,7075370.9481599135,7063984.737548971,7052598.568188434,7030900.9345799275,7009203.336548608,6987505.679030854,6965808.088630754,6944110.464649454
76,33509284.862184733,34097564.235156536,34685843.609333694,35274123.00659287,35862402.342803866,36450681.659415245,37019722.15826145,37588762.73100206,38157803.23856872,38726843.78205973,39295884.32995221,40069109.179863214,40842334.020062,41615558.76981899,42388783.68660593,43162008.52673668,43624333.47254512,44086658.56709486,44548983.74803132,45011308.8062447,45473633.68012467
77,2531918.8649457376,2574415.5966701657,2616912.3380604293,2659409.0269814376,2701905.7604218684,2744402.5084474515,2808146.23867066,2871890.01117214,2935633.771721117,2999377.532368321,3063121.2709793337,2986284.6556872614,2909448.011068035,2832611.392882265,2755774.7599310167,2678938.118415408,2736391.4724915773,2793844.780516941,2851298.1051344536,2908751.4393468797,2966204.75434231
78,3724485.853286678,3898948.430313609,4073410.9963697405,4247873.5775092365,4422336.126366067,4596798.707397401,4679274.711653792,4761750.717229194,4844226.742931092,4926702.725184118,5009178.746843122,5359812.248514222,5710445.749344612,6061079.26457338,6411712.751290511,6762346.28886861,6773743.428989594,6785140.623059873,6796537.7790474715,6807934.974350559,6819332.131730789
79,6729801.903991625,6869391.509530291,7008981.119126856,7148570.807599083,7288160.382648021,7427750.020687163,7620463.152267009,7813176.265272707,8005889.374679133,8198602.465946019,8391315.599525183,8563463.731573924,8735611.875874951,8907759.934689224,9079908.028533906,9252056.198483974,9433591.99669674,9615127.783834785,9796663.606913209,9978199.386744201,10159735.168327257
80,11520643.54004625,11546060.050703164,11571476.587600922,11596893.097594755,11622309.63798936,11647726.149347499,11671570.447695492,11695414.74480404,11719259.04171654,11743103.349870652,11766947.624503024,11721267.347257057,11675587.037530292,11629906.76504798,11584226.462031957,11538546.178955326,11512523.698010055,11486501.17291331,11460478.683230156,11434456.158816084,11408433.682661848
81,1048016.440115561,1067637.8367750794,1087259.264016475,1106880.693787348,1126502.1007449299,1146123.5243359213,1161646.8076509929,1177170.097398926,1192693.4163385965,1208216.6930834863,1223739.9945973135,1237106.9223251892,1250473.8675765991,1263840.8010393083,1277207.7315665707,1290574.6631124828,1301968.2627157993,1313361.8702564717,1324755.4726042491,1336149.06482476,1347542.665268288
82,2360301.7817150354,2367274.8622632027,2374247.9358778,2381221.0069237947,2388194.0704768896,2395167.136850834,2380487.050374925,2365806.9517589808,2351126.8619035482,2336446.758181989,2321766.6821927726,2335032.4636573195,2348298.2810823023,2361564.0702246428,2374829.872464597,2388095.674842596,2409343.3077954054,2430590.9224170446,2451838.5579027534,2473086.173909843,2494333.8228259087
84,16809227.257140517,16983365.43516946,17157503.63482988,17331641.757758856,17505779.940778017,17679918.08889079,17927987.14607787,18176056.213921547,18424125.257193565,18672194.33654189,18920263.36815548,19261030.69196415,19601798.026441097,19942565.259932995,20283332.56863022,20624099.860765696,20938285.61627078,21252471.344352007,21566657.1519233,21880842.89914632,22195028.634399176
85,834.2493069469929,820.0853582918644,805.9214752316475,791.7575687766075,777.5936585068703,763.4297742545605,773.6638258397579,783.8978785872459,794.131955742836,804.3660073578358,814.6000677645206,820.3698611557484,826.1395961046219,831.9093012809753,837.6791030168533,843.4488372802734,862.6285581886768,881.8083388805389,900.9880872666836,920.1678066849709,939.3475838303566
86,5546.952939748764,5347.355693101883,5147.758438229561,4948.161139130592,4748.563850164413,4548.966652929783,4509.1410274505615,4469.315434277058,4429.489806830883,4389.664227485657,4349.838640153408,4287.110567212105,4224.382438182831,4161.654309689999,4098.926161170006,4036.198088169098,4034.6244609355927,4033.050935924053,4031.4773909449577,4029.903796315193,4028.3302236795425
88,324.74878787994385,318.5776307582855,312.40644884109497,306.2353129386902,300.06413888931274,293.8929806947708,297.138858795166,300.38472080230713,303.6305787563324,306.87642097473145,310.1223211288452,311.6083722114563,313.09445118904114,314.5805127620697,316.0665559768677,317.5526428222656,323.99116039276123,330.4296760559082,336.8681523799896,343.30666613578796,349.74518370628357
89,0,0,0,0,0,0,0,0,0,0,0,0,0,0,0,0,0,0,0,0,0
90,0,0,0,0,0,0,0,0,0,0,0,0,0,0,0,0,0,0,0,0,0
91,0,0,0,0,0,0,0,0,0,0,0,0,0,0,0,0,0,0,0,0,0
92,0,0,0,0,0,0,0,0,0,0,0,0,0,0,0,0,0,0,0,0,0
93,0,0,0,0,0,0,0,0,0,0,0,0,0,0,0,0,0,0,0,0,0
94,0,0,0,0,0,0,0,0,0,0,0,0,0,0,0,0,0,0,0,0,0
95,4252.488842483002,4277.643681887805,4302.798550685102,4327.953433466402,4353.108280453671,4378.263202837799,4358.835100517623,4339.406895420742,4319.978566749682,4300.550533292913,4281.122326268634,4300.5438558196465,4319.96551810182,4339.387034776846,4358.808494245233,4378.230238462809,4391.400133116586,4404.570189713561,4417.740219219273,4430.910208318634,4444.080166772393
96,2049175.6308141053,2161912.142750725,2274648.6413255036,2387385.153585717,2500121.6685348153,2612858.182519868,2697539.323754996,2782220.4288256615,2866901.5908411443,2951582.686474934,3036263.8040500283,3120728.480522603,3205193.123135954,3289657.7664206624,3374122.4058555365,3458587.0652983487,3548873.856687546,3639160.603549719,3729447.248542428,3819733.983139515,3910020.71291551
97,1675723.7314011604,1729471.2219009995,1783218.7563446164,1836966.238233924,1890713.7721832395,1944461.310053438,2038695.4507029057,2132929.5799942613,2227163.7823897004,2321397.926887274,2415632.04124102,2496742.9624010623,2577853.806283176,2658964.6963502765,2740075.546166837,2821186.466631174,2911587.6371255815,3001988.7788513005,3092389.8788252175,3182791.0269218385,3273192.207526326
98,1836065.9912745357,1892612.8559932709,1949159.7038261294,2005706.5876393318,2062253.4315679073,2118800.2988653183,2190631.045208335,2262461.7787433267,2334292.5539750457,2406123.2917044163,2477954.0404850245,2568939.545694411,2659925.090469837,2750910.6020365357,2841896.099986613,2932881.6567001343,3046556.822762668,3160231.9504740834,3273907.064664364,3387582.246679902,3501257.3905943036
99,2897353.126273334,2980182.7792744637,3063012.450793147,3145842.089051485,3228671.7583967447,3311501.437307477,3402742.0068571568,3493982.5451130867,3585223.1246774197,3676463.6824014187,3767704.2450209856,3865613.420606494,3963522.564023137,4061431.7697190046,4159340.917837143,4257250.102811575,4369628.728925467,4482007.28930068,4594385.96059382,4706764.554173589,4819143.145508885
100,797078.0077966452,813724.4623879194,830370.8953692317,847017.3752353787,863663.8837450743,880310.3025874794,884338.28349787,888366.2278932929,892394.196428597,896422.1438070536,900450.1263892055,885796.7050698996,871143.245058775,856489.8512768745,841836.4513636231,827183.032691896,799788.5149127245,772393.9954339862,744999.4707216024,717604.9705341458,690210.4281731248
101,102353.47089593156,106151.19089653646,109948.91036288862,113746.63117434888,117544.35141981975,121342.07032085376,126295.62736768785,131249.1852372671,136202.74257528307,141156.29991725332,146109.8561399736,153374.9470497272,160640.03771054238,167905.12973696843,175170.22229682078,182435.3112111961,191133.61923227075,199831.92866629935,208530.238702563,217228.54494479712,225926.8567681673
102,14020052.784535993,14227668.064579437,14435283.36888909,14642898.652230674,14850513.940254001,15058129.25278046,15249851.81191639,15441574.381679917,15633296.94319828,15825019.516021594,16016742.088887492,16178856.88371553,16340971.707997942,16503086.516938021,16665201.349594362,16827316.14676302,16941673.970823247,17056031.763915166,17170389.59376998,17284747.411886033,17399105.237068802
103,213561.9256401062,218707.11079978943,223852.30328178406,228997.48573112488,234142.68054580688,239287.86301231384,245015.38348197937,250742.90237998962,256470.41965293884,262197.9402599335,267925.45710754395,274233.4633293152,280541.4721355438,286849.47772216797,293157.4867591858,299465.49302482605,306201.2606868744,312937.02781295776,319672.79305648804,326408.55861473083,333144.3255252838
104,316725.6644741297,329044.7490557432,341363.81565880775,353682.8964455128,366001.97799515724,378321.03792643547,391898.7594051361,405476.48226320744,419054.206146121,432631.93273067474,446209.65253329277,461778.5394375324,477347.4281681776,492916.32679128647,508485.2204978466,524054.1015691757,541160.2386901379,558266.3855874538,575372.5372283459,592478.700728178,609584.8347444534
105,0,0,0,0,0,0,0,0,0,0,0,0,0,0,0,0,0,0,0,0,0
106,6564793.868692398,6774813.146623611,6984832.385541916,7194851.562849045,7404870.786855698,7614890.058166504,7854062.830450058,8093235.637084961,8332408.520549774,8571581.403213501,8810754.19657898,9063808.731590271,9316863.247009277,9569917.836696625,9822972.422866821,10076026.983097076,10331139.325004578,10586251.673706055,10841364.053749084,11096476.488918304,11351588.926006317
107,0,0,0,0,0,0,0,0,0,0,0,0,0,0,0,0,0,0,0,0,0
108,157696.6796875,158337.47366333008,158978.2685546875,159619.0654296875,160259.86041259766,160900.65576171875,160427.3934326172,159954.1309814453,159480.8678894043,159007.6057434082,158534.34286499023,157671.3377380371,156808.3323059082,155945.3247680664,155082.31985473633,154219.3134765625,153646.12005615234,153072.92514038086,152499.72946166992,151926.53475952148,151353.34103393555
110,555190.4336709203,567156.163626062,579121.883453246,591087.6091938149,603053.3219092223,615019.0335763178,627217.7922793302,639416.5656053714,651615.3388657325,663814.0914554183,676012.8552480112,686754.1273846644,697495.4435992107,708236.7259343672,718978.0422350985,729719.3159839843,738599.4579177003,747479.5941100325,756359.6880128025,765239.7701015664,774119.9088866616
111,37916.008889572695,40682.47097286396,43448.932982902974,46215.39497588575,48981.85713112168,51748.31892024167,53190.286383735016,54632.2538846191,56074.222070654854,57516.18928887136,58958.15680200048,59863.36975024268,60768.58214893751,61673.795082839206,62579.00703104865,63484.219984033145,64077.39803181123,64670.57522689458,65263.75336253643,65856.93014573026,66450.10789745487
112,11260338.573608503,11288820.731862053,11317302.80420117,11345784.96450235,11374267.099985495,11402749.226919875,11411759.315746844,11420769.454400852,11429779.67757146,11438789.82149309,11447799.957165375,11463999.633481905,11480199.421915054,11496399.157422215,11512598.900507554,11528798.611942664,11523917.22877498,11519035.880869567,11514154.48445262,11509273.107574046,11504391.737636313
113,75980.78116798401,78490.34923934937,80999.92168045044,83509.48790740967,86019.05940151215,88528.6283493042,91007.71275138855,93486.79702091217,95965.88233470917,98444.96808719635,100924.05254173279,102508.24702262878,104092.44266700745,105676.63650608063,107260.8318195343,108845.02766036987,110223.94894695282,111602.87071609497,112981.79029941559,114360.7115020752,115739.63359069824
114,8848170.561536908,8998952.811748505,9149735.059901953,9300517.321321368,9451299.590394616,9602081.836930513,9760285.67953229,9918489.520522833,10076693.347292066,10234897.176785588,10393101.001473904,10549271.991116762,10705442.946770668,10861613.932386875,11017784.929115772,11173955.883812428,11325015.397534847,11476074.897209883,11627134.406041741,11778193.902501345,11929253.437345624
115,7912298.448241199,8050237.1440725075,8188175.908919248,8326114.63338651,8464053.39467211,8601992.124425318,8739237.240494838,8876482.379545081,9013727.343267238,9150972.464108137,9288217.594049118,9421539.967438426,9554862.378481023,9688184.665510768,9821507.042356785,9954829.39872187,10079658.972437354,10204488.412585046,10329317.988334926,10454147.442065867,10578976.967700334
116,4255049.167361779,4246945.06046064,4238840.948537126,4230736.842318333,4222632.7344318805,4214528.628368355,4202849.922364481,4191171.2247343287,4179492.5268028695,4167813.82024772,4156135.1215360546,4150254.8709516115,4144374.6226561638,4138494.3736371985,4132614.123099829,4126733.877424594,4125019.0790259056,4123304.2912269384,4121589.493703857,4119874.7087520664,4118159.9053690135
117,39501.277394771576,40423.69876527786,41346.11927127838,42268.53826665878,43190.95893859863,44113.3804769516,45615.36717271805,47117.35555410385,48619.33976602554,50121.324769973755,51623.31180334091,52690.938477277756,53758.562292099,54826.1841545105,55893.80846333504,56961.43460679054,57894.78171944618,58828.134076833725,59761.482590675354,60694.83444571495,61628.18504714966
118,22791.189178466797,23435.95317840576,24080.715393066406,24725.478309631348,25370.241439819336,26015.00309753418,26480.670989990234,26946.336853027344,27412.002044677734,27877.667709350586,28343.33335876465,28691.654266357422,29039.975677490234,29388.297164916992,29736.618576049805,30084.939987182617,30353.386184692383,30621.835205078125,30890.27993774414,31158.727935791016,31427.175216674805
119,72134.6206817627,73161.5892906189,74188.55890655518,75215.5285987854,76242.4970741272,77269.46697998047,78159.74202346802,79050.01598739624,79940.2907295227,80830.5665473938,81720.83946609497,82597.92839050293,83475.01699829102,84352.10446548462,85229.19332122803,86106.28268814087,86870.3391418457,87634.39492797852,88398.45064544678,89162.50772857666,89926.56497955322
120,102289.72427845001,103621.96276760101,104954.20075798035,106286.44020366669,107618.67820930481,108950.91653347015,110213.93877506256,111476.96384525299,112739.98461341858,114003.00870990753,115266.03231334686,116501.78685283661,117737.53941249847,118973.29321193695,120209.0463962555,121444.8015050888,122676.36688613892,123907.93451118469,125139.50018310547,126371.0677947998,127602.6336479187
121,7046.463876178415,6995.563199380384,6944.6625647480105,6893.761924967257,6842.8614500119875,6791.960794264654,6842.008444504099,6892.05605054296,6942.103753013784,6992.151371305139,7042.199015668855,7091.108973930022,7140.018937228699,7188.928761285322,7237.838708364099,7286.748675212046,7321.440855889596,7356.13304130848,7390.825283956234,7425.517448238752,7460.20962472535
122,189684.75746411085,191827.65837311745,193970.55812054873,196113.46273994446,198256.36235040426,200399.2647252679,203415.62690788507,206431.98742443323,209448.3503987193,212464.71451979876,215481.072815001,217449.16458523273,219417.25608032942,221385.34689939022,223353.43852955103,225321.5292211771,227100.82106727362,228880.1090350151,230659.39794820547,232438.68911659718,234217.98086065054
123,80989.92725372314,81183.82152557373,81377.71615982056,81571.61154556274,81765.50556945801,81959.40000534058,82098.27061462402,82237.14101409912,82376.01191329956,82514.88348388672,82653.75249481201,82999.15687942505,83344.56037139893,83689.96399307251,84035.36768722534,84380.7712135315,84756.59142303467,85132.41146850586,85508.23333740234,85884.05359649658,86259.87390899658
124,327569.69258117676,328564.3564453125,329559.01889038086,330553.6773071289,331548.3369140625,332542.99893188477,333872.42109680176,335201.837310791,336531.2587890625,337860.67587280273,339190.09381103516,340300.6039733887,341411.1178894043,342521.6258239746,343632.1339035034,344742.6466064453,345558.7045593262,346374.75843048096,347190.8091888428,348006.8648300171,348822.92531585693
125,148903.1597442627,149201.52059936523,149499.88021850586,149798.23956298828,150096.59985351562,150394.9620361328,150809.5311126709,151224.09817504883,151638.66729736328,152053.23516845703,152467.80322265625,153005.31044006348,153542.81678771973,154080.3204345703,154617.82619476318,155155.32958221436,155812.46356201172,156469.59506225586,157126.723777771,157783.85815429688,158440.9896774292
126,1503892.376384735,1509262.544391632,1514632.7377853394,1520002.9029045105,1525373.0863571167,1530743.2710075378,1536666.5456466675,1542589.8398780823,1548513.1197662354,1554436.43258667,1560359.7161064148,1566505.5477714539,1572651.3813171387,1578797.2229499817,1584943.0697784424,1591088.9021110535,1593919.1466522217,1596749.392425537,1599579.6504974365,1602409.8851470947,1605240.1238555908
127,162191.82301330566,162768.50016784668,163345.17764282227,163921.85247802734,164498.52964019775,165075.2071533203,165589.6233444214,166104.04175949097,166618.45811080933,167132.87482452393,167647.29173660278,168055.50311279297,168463.7145652771,168871.92435455322,169280.13703155518,169688.34588623047,170474.11670303345,171259.88821029663,172045.65922927856,172831.429977417,173617.20205688477
129,3403629.7442698516,3470229.963908298,3536830.194654526,3603430.426107047,3670030.655404389,3736630.882378038,3805803.44473448,3874976.0039726943,3944148.5643107146,4013321.1300151534,4082493.6838662215,4153504.04504095,4224514.405938104,4295524.759538453,4366535.133179791,4437545.486558143,4507165.480052903,4576785.474471729,4646405.476909049,4716025.468419693,4785645.464460183
130,1784646.660849182,1818387.7936311793,1852128.9308723658,1885870.0622556508,1919611.1989796609,1953352.3297038674,1985244.0430866405,2017135.7646255177,2049027.4901101664,2080919.2085587848,2112810.921702437,2141838.59516865,2170866.2658419497,2199893.936744388,2228921.6063502748,2257949.2790654544,2284777.464244567,2311605.662280107,2338433.8612063434,2365262.054093592,2392090.2448393777
131,2613206.631621363,2639831.0500285453,2666455.451997866,2693079.826224924,2719704.2405537893,2746328.644129757,2771758.0049078255,2797187.3462765743,2822616.7038685214,2848046.046564895,2873475.414352721,2895812.4019586886,2918149.3838172373,2940486.377281818,2962823.361512156,2985160.3485963317,3005303.944225101,3025447.5213285782,3045591.128640305,3065734.721033212,3085878.316424531
132,7407854.0410607625,7537620.7661252115,7667387.5664544925,7797154.274127843,7926921.0406393595,8056687.774758471,8180802.433921266,8304917.124697143,8429031.837724147,8553146.497498976,8677261.198135221,8789010.089032488,8900758.979307383,9012507.874982085,9124256.80193197,9236005.771416055,9327835.369877126,9419665.130609235,9511494.904426709,9603324.543351451,9695154.270339299
133,2538555.329035955,2586231.995609969,2633908.653356247,2681585.310776973,2729261.9557677256,2776938.59287986,2823058.1637760573,2869177.7049232367,2915297.2412741752,2961416.8064225125,3007536.360621752,3049126.4196796045,3090716.4599024896,3132306.5257839933,3173896.577372774,3215486.6215280485,3257241.126313955,3298995.6360832346,3340750.1617811,3382504.658240655,3424259.165251827
134,4797162.467362881,4820805.115214348,4844447.751024246,4868090.408463001,4891733.052105904,4915375.698353052,4932200.061757088,4949024.408175468,4965848.749311447,4982673.10045433,4999497.440885544,5015906.714812994,5032315.979323864,5048725.274541378,5065134.5413377285,5081543.812199593,5099429.193318367,5117314.589064121,5135199.9641952515,5153085.347048283,5170970.735647678
135,20101833.635004282,20432209.680518176,20762585.75273047,21092961.79258645,21423337.8558927,21753713.926957384,22154909.360307183,22556104.81796133,22957300.244762886,23358495.704913456,23759691.15286888,24114431.93537302,24469172.73867605,24823913.52897641,25178654.291555468,25533395.105435457,25729121.28756262,25924847.46225631,26120573.623156145,26316299.799028322,26512025.98307742
136,1812376.8906282298,1856700.0462498106,1901023.199795898,1945346.3584139608,1989669.5086477697,2033992.6762318052,2078836.6927004047,2123680.7158097997,2168524.7281019315,2213368.7555755824,2258212.7752265297,2303468.095394846,2348723.42386904,2393978.741771918,2439234.0616697147,2484489.3821290247,2529785.125404425,2575080.843753718,2620376.580982633,2665672.311059661,2710968.03646335
137,5801682.218439724,5900267.255382454,5998852.420531138,6097437.31232547,6196022.474675822,6294607.505366613,6400394.058099475,6506180.317108193,6611966.730858277,6717753.001437396,6823539.563078706,6928696.831595588,7033854.335836583,7139011.661082031,7244169.1821369575,7349326.279255029,7451189.190614403,7553052.127823423,7654915.214144646,7756778.147784212,7858641.065312428
138,14320051.016863296,14552041.843585396,14784032.684893444,15016023.491454028,15248014.35113283,15480005.16312163,15723093.268818894,15966181.445147881,16209269.517281218,16452357.708406506,16695445.806877643,16969063.344133545,17242680.819470175,17516298.25808746,17789915.721837953,18063533.157099444,18332351.373456754,18601169.531040292,18869987.69260106,19138805.880804233,19407624.035066035
139,14040637.396838475,14284483.303491073,14528329.246948494,14772175.103566218,15016021.09608291,15259866.917835468,15495184.319577917,15730501.454331191,15965818.671462428,16201135.88332272,16436453.214122072,16658009.232103754,16879565.23220071,17101121.157456737,17322677.350716878,17544233.21289133,17754846.138213508,17965459.193293113,18176072.08059849,18386684.937087655,18597297.90480295
140,958633.3111495972,964804.3066940308,970975.3045425415,977146.3026428223,983317.2978363037,989488.2950134277,989549.3644447327,989610.4290008545,989671.4978961945,989732.5567207336,989793.6246814728,992061.2550792694,994328.8871688843,996596.514509201,998864.144536972,1001131.7760753632,1001971.4391212463,1002811.0940723419,1003650.7596378326,1004490.4191570282,1005330.083436966
141,63009.93997696042,63483.84144151211,63957.742880508304,64431.64505761862,64905.54621890187,65379.44791699946,65417.43126966059,65455.41447085142,65493.39749842882,65531.3806913048,65569.3642540425,65448.28971204162,65327.214838162065,65206.140163600445,65085.06591694057,64963.991186246276,65094.52111521363,65225.05155996978,65355.58184950426,65486.1124981828,65616.64227700606
143,330979.37398769805,334317.79643260385,337656.21715838014,340994.6411123344,344333.0628476106,347671.4824870458,352325.64335328096,356979.8073596545,361633.96981598233,366288.1295997581,370942.29335719993,373255.67108586733,375569.0554493305,377882.4355194984,380195.81610820745,382509.19947143726,385115.7515642205,387722.3144538823,390328.8734117236,392935.4338417059,395541.98836736364
144,37.9091410189867,38.649002350866795,39.38886126130819,40.12872135639191,40.868580266833305,41.6084415987134,42.653474271297455,43.6985085606575,44.74354039132595,45.78857143223286,46.833603374660015,48.06705182045698,49.30050037801266,50.53395093232393,51.767399467527866,53.00084791332483,54.24941951781511,55.49799162149429,56.746567383408546,57.995139591395855,59.24371117353439
145,89299.23300943579,89402.08049325713,89504.92809714428,89607.77604279868,89710.62409034451,89813.47164493192,89554.14073793314,89294.81047369842,89035.47981545594,88776.14940881384,88516.81897129999,88283.05142715306,88049.28369771679,87815.51542905717,87581.74737616509,87347.98001658979,87318.78092921994,87289.58287239843,87260.38405875034,87231.18624004,87201.98715284569
146,233.99253249168396,241.12809312343597,248.26364266872406,255.39918315410614,262.53475058078766,269.67030560970306,277.89384829998016,286.1173791885376,294.3409252166748,302.5644609928131,310.788001537323,320.2654118537903,329.7428300380707,339.2202591896057,348.6976706981659,358.1750810146332,369.09755778312683,380.020024061203,390.9425141811371,401.86497926712036,412.7874562740326
147,395577.82154996437,401723.1823728301,407868.53886389825,414013.8976375859,420159.25537632825,426304.61602282384,431398.00473809964,436491.3974009317,441584.78912290395,446678.1804913017,451771.57035921235,457925.5469569417,464079.5247157102,470233.4987969317,476387.47596799815,482541.4558176382,489004.13888916466,495466.82130217925,501929.50319484575,508392.19162524724,514854.87280283635
148,31965.551101105288,32331.81639752537,32698.080769022927,33064.34600756504,33430.610195316374,33796.87508547865,34401.05573159829,35005.23605651595,35609.416654482484,36213.5973360613,36817.77743543312,37471.0213605091,38124.266337908804,38777.509580325335,39430.7543878071,40083.99867291562,40876.900832138956,41669.80455787666,42462.707949798554,43255.61171021871,44048.514269419014
149,0,0,0,0,0,0,0,0,0,0,0,0,0,0,0,0,0,0,0,0,0
150,0,0,0,0,0,0,0,0,0,0,0,0,0,0,0,0,0,0,0,0,0
151,85102.76071238518,85584.5773434639,86066.39399385452,86548.21087479591,87030.02709507942,87511.84405732155,86504.78326773643,85497.72146677971,84490.65959143639,83483.59817194939,82476.53714752197,82489.43484258652,82502.33282732964,82515.2300825119,82528.12835383415,82541.02592563629,82695.84348154068,82850.66121709347,83005.47803592682,83160.29570221901,83315.11337983608
152,203071.45872068405,204316.99672222137,205562.535779953,206808.07451295853,208053.61401176453,209299.15072393417,210725.15306949615,212151.15606451035,213577.15740823746,215003.15968370438,216429.16205501556,218107.5250606537,219785.88977766037,221464.2536354065,223142.6181960106,224820.9813566208,226198.98606300354,227576.99266815186,228954.99724769592,230333.00220060349,231711.0073671341
153,41177.83050727844,41522.229155540466,41866.627552986145,42211.02544307709,42555.42394924164,42899.8224067688,42985.040486335754,43070.258202552795,43155.47566986084,43240.69361114502,43325.91096019745,43321.82263660431,43317.733984947205,43313.64493179321,43309.55591583252,43305.467401981354,43376.02603816986,43446.584203243256,43517.14203739166,43587.70036935806,43658.259256362915
154,2358.0414868593216,2304.202502012253,2250.3634610176086,2196.524427652359,2142.6854367256165,2088.84641957283,2072.4148609638214,2055.983297228813,2039.5517585277557,2023.1201882362366,2006.688630580902,2004.250664114952,2001.8126864433289,1999.374718427658,1996.9367421865463,1994.498775959015,1998.3801536560059,2002.261543393135,2006.142949104309,2010.024344086647,2013.905732512474
155,180659.6192703247,181186.88469791412,181714.147919178,182241.41267633438,182768.67926359177,183295.94437599182,183890.731859684,184485.5227947235,185080.31574583054,185675.10036849976,186269.8932671547,186579.54398059845,186889.19916248322,187198.85578155518,187508.51229906082,187818.15975427628,188984.7326889038,190151.30835151672,191317.880133152,192484.45501470566,193651.01968955994
156,15327.518264770508,14651.99993133545,13976.482109069824,13300.964622497559,12625.446517944336,11949.928970336914,11801.79035949707,11653.652095794678,11505.51318359375,11357.375366210938,11209.236808776855,11436.384532928467,11663.532272338867,11890.679443359375,12117.827251434326,12344.974884033203,12556.319328308105,12767.663963317871,12979.008686065674,13190.353408813477,13401.697982788086
157,123.37310945987701,117.43867194652557,111.504245698452,105.56979870796204,99.63536310195923,93.70093312859535,89.1049684882164,84.50900200009346,79.91304305195808,75.31707659363747,70.72111192345619,66.88614153862,63.05117693543434,59.21620461344719,55.38123422861099,51.54626387357712,48.5794483423233,45.61262893676758,42.645814418792725,39.67899693548679,36.7121766358614
158,0,0,0,0,0,0,0,0,0,0,0,0,0,0,0,0,0,0,0,0,0
159,0,0,0,0,0,0,0,0,0,0,0,0,0,0,0,0,0,0,0,0,0
161,27702.25239944458,27605.299884796143,27508.347984313965,27411.3953704834,27314.444091796875,27217.491847991943,26955.897304534912,26694.303161621094,26432.708465576172,26171.11394882202,25909.519874572754,25749.652366638184,25589.7845993042,25429.917224884033,25270.050170898438,25110.18267059326,25084.804244995117,25059.426387786865,25034.048419952393,25008.67082977295,24983.29253387451
162,4219462.829771737,4281735.597367393,4344008.357901542,4406281.125393609,4468553.892510409,4530826.662030618,4584067.705329795,4637308.74966709,4690549.780766772,4743790.828698417,4797031.876521486,4833952.917087853,4870873.954401916,4907794.997039676,4944716.040458522,4981637.072855171,5027791.191534415,5073945.31485028,5120099.434188781,5166253.555763542,5212407.674048125
163,101738298.99417613,102554835.99987558,103371373.001419,104187909.9786339,105004447.0379185,105820984.05046411,106631086.10126705,107441188.14984545,108251290.27018891,109061392.38115096,109871494.43601479,110503894.03448398,111136293.61535202,111768693.17438999,112401092.74821742,113033492.35706337,113604461.51620942,114175430.74619198,114746399.84708047,115317369.06728265,115888338.23325087
164,233067.67062288895,239900.88889075164,246734.11759917252,253567.33802029677,260400.56247354206,267233.78292563185,274516.4985290654,281799.20391541254,289081.90847459715,296364.6277431054,303647.3347610403,310802.9562008949,317958.5782564664,325114.19117938355,332269.8131968668,339425.4394057039,346737.7543448312,354050.06120603904,361362.3797850292,368674.6841009399,375987.00046499074
166,2833101.898838043,2849330.203224182,2865558.4928588867,2881786.7794532776,2898015.0655784607,2914243.3625679016,2927328.7883987427,2940414.241706848,2953499.6721343994,2966585.1584892273,2979670.5636520386,2990307.9802360535,3000945.371082306,3011582.8099250793,3022220.221343994,3032857.618911743,3042352.0771865845,3051846.5444755554,3061341.035709381,3070835.538204193,3080330.0146713257
167,731093.013838081,730521.4249065622,729949.8444448586,729378.2445004924,728806.6521543551,728235.0711094139,729661.6714764633,731088.2804021288,732514.8835509985,733941.4902005083,735368.0986382433,737251.6388790883,739135.1747685781,741018.7144553666,742902.2509807784,744785.7908778677,747722.2627067852,750658.7318447342,753595.2077198306,756531.678102886,759468.1463885071
168,430202.7018510258,432201.74512849265,434200.7882657504,436199.83207948186,438198.8755024115,440197.91720766434,444830.17583227326,449462.436323158,454094.68795334856,458726.9458491662,463359.20339208085,467741.56926523545,472123.9369075628,476506.3031812417,480888.670279607,485271.03640892747,489128.5469542126,492986.05637968925,496843.56762541534,500701.08216189203,504558.5891889232
169,161638.75467217682,167328.93335303004,173019.1089278948,178709.28782926075,184399.46679825053,190089.64566691403,193013.3605107139,195937.07728875897,198860.80392057615,201784.521132449,204708.2392434416,207590.710759038,210473.18797133805,213355.66718051344,216238.14181562926,219120.6164545235,221277.71332986385,223434.81122249138,225591.90771104232,227749.00695253786,229906.1009366476
171,64676627.76913125,65695751.47653879,66714875.184047244,67733998.86273958,68753122.53658244,69772246.24734364,70604083.5420459,71435920.7825444,72267758.07356115,73099595.34261231,73931432.6355059,74695712.45999354,75459992.2678944,76224272.13133179,76988551.90983735,77752831.69159068,78433970.18117261,79115108.68638562,79796247.17638701,80477385.66539006,81158524.17020237
172,15674457.662960129,15879996.871378936,16085536.11061863,16291075.407891309,16496614.660633797,16702153.841480829,16914001.121106856,17125848.40545791,17337695.682754632,17549543.012950648,17761390.266013287,17991416.448967557,18221442.716960706,18451468.938099016,18681495.087322958,18911521.32812431,19142322.88556769,19373124.427659083,19603925.913755137,19834727.424652133,20065529.01281608
173,2610266.9388217647,2616554.0657784175,2622841.1900957497,2629128.314731021,2635415.4368693163,2641702.5627949764,2654449.4436631617,2667196.324290504,2679943.2014758307,2692690.081917152,2705436.960000997,2719326.562055362,2733216.1665607574,2747105.771330123,2760995.384909415,2774884.98435639,2789766.4269943517,2804647.8665951868,2819529.3131815568,2834410.764187493,2849292.2056167764
174,3437091.6560400235,3457010.094461093,3476928.506682681,3496846.9335425547,3516765.292646266,3536683.752739633,3563550.726151659,3590417.6852593734,3617284.673688339,3644151.6462202133,3671018.634556192,3699977.806931877,3728936.934919824,3757896.186375526,3786855.3545134757,3815814.4885350303,3837286.810195918,3858759.073692878,3880231.422922167,3901703.6894979863,3923176.023738861
175,5797562.728201613,5812965.201522335,5828367.674701773,5843770.147842333,5859172.62782599,5874575.098863974,5901303.769490063,5928032.443121329,5954761.109848611,5981489.7828188315,6008218.457632475,6031442.922705825,6054667.399003226,6077891.879311696,6101116.349546976,6124340.823049344,6144921.794175681,6165502.775153413,6186083.750296835,6206664.733350225,6227245.706791576
176,8366569.4740040945,8358981.640015012,8351393.729794979,8343805.858967023,8336217.970047299,8328630.136979302,8317018.487179368,8305406.924860805,8293795.317362816,8282183.711600611,8270572.147812973,8280184.909260629,8289797.681088337,8299410.585725311,8309023.334383174,8318636.173861319,8316321.844764199,8314007.495173402,8311693.220869097,8309378.884096442,8307064.535456249
177,11706247.961376801,11780876.67936039,11855505.434690699,11930134.18927285,12004762.962379232,12079391.681135774,12134860.695188105,12190329.71553497,12245798.72438255,12301267.685110182,12356736.71371536,12412222.04062806,12467707.335297167,12523192.592096627,12578677.97252062,12634163.250224248,12685713.411083236,12737263.582599714,12788813.703136906,12840363.873332009,12891914.002457753
178,3595061.8518918827,3601211.436806254,3607361.0382218435,3613510.6335069314,3619660.240813896,3625809.8345463574,3634291.842026338,3642773.8525399566,3651255.8754305914,3659737.890527509,3668219.9144512415,3674800.4242732003,3681380.9533793256,3687961.484303415,3694542.0107658356,3701122.540044807,3701935.361970924,3702748.210117817,3703561.0340893194,3704373.8861561716,3705186.710314721
179,16819570.30769326,16949408.20268106,17079246.16111848,17209084.08229052,17338922.016559392,17468759.93878848,17593495.608139426,17718231.28041909,17842966.955637537,17967702.63169358,18092438.29696832,18202912.891795896,18313387.465709493,18423862.051721126,18534336.63445156,18644811.20403775,18750835.77048458,18856860.309743598,18962884.854329854,19068909.408053443,19174933.96067728
180,43310036.342032276,43497605.16009304,43685173.96481043,43872742.798363544,44060311.5990554,44247880.40807109,44606684.35780839,44965488.30754616,45324292.31860396,45683096.26216126,46041900.22538082,46326746.909479655,46611593.62584925,46896440.346328154,47181287.04271153,47466133.76043713,47749546.07340575,48032958.36297497,48316370.68230092,48599782.979219995,48883195.29454489
181,3574276.3706562375,3638048.5611006357,3701820.7497527185,3765592.9451963073,3829365.135580352,3893137.320968425,3965482.5867186696,4037827.8475494185,4110173.1006665737,4182518.368800244,4254863.633336595,4263403.729512155,4271943.816714019,4280483.917584371,4289024.009720614,4297564.10402379,4326310.687947268,4355057.276139552,4383803.861574085,4412550.447668483,4441297.030003429
182,23804634.546131,24190451.484041587,24576268.463044748,24962085.45187156,25347902.41911547,25733719.37660472,26081145.24061536,26428571.03169188,26775996.88143655,27123422.6600743,27470848.457070783,27440174.25013689,27409499.988970637,27378825.732118502,27348151.55039615,27317477.210568517,27352360.334710933,27387243.40952698,27422126.4633148,27457009.655851133,27491892.724501267
183,8061483.803189331,8106044.665464655,8150605.519779398,8195166.376428125,8239727.238067119,8284288.102506182,8313930.68951163,8343573.294987399,8373215.9036938185,8402858.49720458,8432501.097149855,8407786.067350432,8383071.013852818,8358355.991583325,8333640.939709283,8308925.928552764,8291124.712529039,8273323.520275919,8255522.31770717,8237721.122726273,8219919.91557383
184,38049426.50022107,38198833.44708505,38348240.40771069,38497647.3323689,38647054.25813275,38796461.22233572,38867082.38305155,38937703.541306354,39008324.69775056,39078945.85347654,39149567.01855047,39124532.762200914,39099498.50000268,39074464.28639563,39049429.99428491,39024395.767975874,38964676.42460442,38904957.126997456,38845237.85538138,38785518.536879264,38725799.22989511
185,77869.86110687256,78614.58786010742,79359.31157684326,80104.03729248047,80848.76243591309,81593.48834228516,82813.98846435547,84034.48959350586,85254.99147033691,86475.49101257324,87695.98979187012,88058.62413024902,88421.25874328613,88783.89169311523,89146.5246887207,89509.15869140625,89796.80557250977,90084.45281982422,90372.09902954102,90659.74639892578,90947.39266967773
186,395488.9540966451,398747.8351755738,402006.72014784813,405265.6000190079,408524.48219382763,411783.3592131734,415216.5294058919,418649.68644043803,422082.84911704063,425516.01456034184,428949.1818371117,431988.8417862654,435028.49331671,438068.14956358075,441107.8028523028,444147.4641931057,446463.5820170343,448779.68644455075,451095.8028534353,453411.9031575024,455728.0231259465
187,1748361.5776475966,1747540.242353484,1746718.9232410192,1745897.5656198114,1745076.2429628968,1744254.9017582685,1742756.020756632,1741257.1603544652,1739758.2894951701,1738259.4203811735,1736760.535395801,1734364.1543956548,1731967.7390101254,1729571.3439370245,1727174.9531760812,1724778.5504592955,1722563.2134805769,1720347.8872779757,1718132.5421139896,1715917.2185121179,1713701.8768738508
188,341219.26105859503,342089.1855400236,342959.109286597,343829.03289755277,344698.95638700214,345568.88155935146,348080.3894513916,350591.8977984071,353103.4058154535,355614.9151851015,358126.4226289978,359226.8318673958,360327.2401074271,361427.65101762733,362528.05993931927,363628.4695421577,364444.61388449976,365260.758849122,366076.9061024536,366893.0499848785,367709.19448908954
189,425322.2169587016,422873.43128180504,420424.63651642203,417975.85047903657,415527.05744576454,413078.26540213823,408629.9930304587,404181.71639087796,399733.44404900074,395285.16053175926,390836.87907987833,385633.32217121124,380429.7710673809,375226.2105154395,370022.662856251,364819.0987406671,363514.4835630655,362209.85075736046,360905.20552024245,359600.5780207813,358295.95713198185
190,613770.5222745687,664129.3955910001,714488.2647772459,764847.1431848044,815206.0173351187,865564.8887415398,1057608.0547268149,1249651.2251186743,1441694.3928598948,1633737.5597839355,1825780.7317505814,1922923.5318233557,2020066.3329623677,2117209.1404399946,2214351.9458378516,2311494.7532048076,2356322.0201003514,2401149.281464927,2445976.5869592875,2490803.865587104,2535631.1466972046
191,2462108.0916147567,2538512.06856066,2614916.013671946,2691319.955078043,2767723.9412868842,2844127.8950386494,2921006.740940716,2997885.5870149806,3074764.4728105217,3151643.3185672686,3228522.1506941095,3324088.9484637827,3419655.7443649545,3515222.5270755216,3610789.2827482,3706356.058464162,3820725.5959713235,3935095.1454467922,4049464.7267920896,4163834.265994109,4278203.815040335
192,148900.81763267517,153972.94726657867,159045.08481407166,164117.2235584259,169189.36082553864,174261.4885520935,179916.2290534973,185570.97259902954,191225.71013450623,196880.44831848145,202535.18927764893,210418.79036331177,218302.40681266785,226186.02196121216,234069.62372016907,241953.23427772522,249864.89506530762,257776.5609550476,265688.214509964,273599.8748950958,281511.5398616791
193,967904.0719728069,990694.4866427789,1013484.8987787717,1036275.307234274,1059065.7161694826,1081856.133248451,1108643.1738023341,1135430.2372700232,1162217.3012908064,1189004.3620112953,1215791.402796206,1248893.0382556254,1281994.7363089076,1315096.3772052168,1348198.0615932844,1381299.722578982,1417131.4592859098,1452963.207903813,1488794.944296863,1524626.6795434547,1560458.4284173525
194,2661565.1309770346,2722735.422928095,2783905.6966309547,2845075.9629745483,2906246.225122571,2967416.5647369623,3062829.980231762,3158243.4542547464,3253656.87388134,3349070.3314706087,3444483.7642564774,3564980.474377513,3685477.228842616,3805973.9184736013,3926470.6675442457,4046967.3605810404,4192397.692203164,4337828.031657219,4483258.426175356,4628688.764222503,4774119.1113379
195,5676662.998598777,5785867.1726209745,5895071.297948748,6004275.4812500775,6113479.606365897,6222683.798887633,6354931.673389159,6487179.643462434,6619427.624999292,6751675.522086032,6883923.474117644,7050183.311443478,7216443.17480202,7382703.065813627,7548962.881215364,7715222.758128636,7894273.610240292,8073324.5252089985,8252375.467549935,8431426.347359829,8610477.281058475
196,18506093.709783435,19019955.1738711,19533816.627385646,20047678.102323845,20561539.546591684,21075401.045979068,21680567.79027225,22285734.62441206,22890901.341956243,23496068.214949697,24101235.07815391,24791553.06190771,25481871.110547006,26172189.157107368,26862507.223015502,27552825.34608157,28290225.563377276,29027626.002259225,29765026.38158658,30502426.7141404,31239826.97468452
197,2884635.245256424,3000746.387266159,3116857.523718357,3232968.559258461,3349079.546131134,3465190.7049646378,3600775.3127393723,3736360.140303135,3871944.854979515,4007529.490324974,4143114.1611304283,4300330.650618076,4457547.154942036,4614763.667257309,4771979.887956619,4929196.631305695,5106597.179973602,5283997.987541199,5461398.689021587,5638799.729247093,5816200.375659943
198,696728.1732366949,708370.5721546668,720012.9768178661,731655.3844742257,743297.783316229,754940.1792605491,766515.5325169351,778090.868259269,789666.2008259629,801241.5349426935,812816.868072001,823923.4872157311,835030.0631129714,846136.6721126444,857243.2602417711,868349.8633801243,877398.1247026803,886446.3661857555,895494.5975153695,904542.858829807,913591.117305082
199,143426.71655493975,143029.23370993137,142631.75947540998,142234.27631759644,141836.79694873095,141439.31485825777,141520.7801682949,141602.24055063725,141683.69705706835,141765.1583892703,141846.62611299753,142213.4598582387,142580.29409241676,142947.12571543455,143313.96235442162,143680.79902106524,144005.9405220151,144331.08077001572,144656.2236506641,144981.36403486133,145306.50544333458
200,2162047.1580397002,2454144.616802035,2746242.150498599,3038339.640834607,3330437.130829485,3622534.656311717,4168774.300867075,4715014.026119426,5261253.675644701,5807493.410593417,6353733.0965734385,7296801.289951928,8239869.630907506,9182937.845294569,10126006.109725192,11069074.351202842,12440828.820978053,13812582.856562197,15184337.094866738,16556091.485553347,17927845.619785964
202,5833144.820626974,6076775.784312818,6320406.733643658,6564037.71204162,6807668.654310901,7051299.61372716,7383960.726275817,7716621.87259195,8049282.986300722,8381944.093822457,8714605.22861838,9141820.486079559,9569035.80073927,9996251.072320815,10423466.3745232,10850681.639845178,11378539.873225495,11906398.106254876,12434256.293102589,12962114.52165975,13489972.733957019
203,165066423.92213327,167103350.44965187,169140277.0458156,171177202.9288213,173214128.88640743,175251054.90657493,177091084.30484855,178931112.74348968,180771142.43238208,182611171.15953505,184451200.18053764,186045036.8497511,187638873.26435763,189232709.63941476,190826546.3324036,192420383.02610084,193916513.62659472,195412643.89878803,196908773.7921548,198404904.34799767,199901034.88341793
204,26170752.043518722,26558907.289208293,26947062.486943185,27335217.505307317,27723372.62518835,28111527.844206154,28367513.72898233,28623499.62463063,28879485.520824075,29135471.430520356,29391457.217593968,29657967.99888137,29924478.574755043,30190989.16586548,30457499.930446595,30724010.59849745,30975325.05330345,31226639.452221632,31477953.894643843,31729268.260275483,31980582.670115173
205,13150783.47428608,13507191.207879543,13863598.939722538,14220006.676188946,14576414.455596924,14932822.180421352,15166549.987856865,15400277.773839474,15634005.602238655,15867733.381687164,16101461.178535461,16309247.828091621,16517034.566599846,16724821.253863335,16932608.025032997,17140394.68620205,17336130.212391853,17531865.859228134,17727601.526111603,17923337.078544617,18119072.618618965
206,21732177.617073484,22200955.150374047,22669732.582400624,23138510.129074614,23607287.568592597,24076065.085855696,24539096.473828487,25002127.88838563,25465159.176842086,25928190.553089887,26391221.982999153,26836785.342226226,27282348.849901386,27727912.265000068,28173475.65574864,28619039.089371495,29035766.503744036,29452493.96409799,29869221.47688806,30285948.962875716,30702676.348563418
207,44137760.78540966,44523114.706861675,44908468.670321524,45293822.541974485,45679176.5128392,46064530.50438535,46423787.667281926,46783044.909755886,47142302.14599085,47501559.32286292,47860816.535743475,48268540.45144075,48676264.479849935,49083988.56992495,49491712.521743834,49899436.452497244,50210513.62656689,50521590.72632313,50832667.8972193,51143745.07551807,51454822.16958141
208,4389123.464359581,4517418.819668303,4645714.15300457,4774009.514753123,4902304.851765307,5030600.207218235,5159672.291424838,5288744.396480569,5417816.464860115,5546888.549583796,5675960.638992696,5791101.1571630845,5906241.686512186,6021382.187810318,6136522.69890657,6251663.233981022,6338505.3891592715,6425347.54145444,6512189.653099125,6599031.808881344,6685873.976846504
209,252557861.0698618,256072658.18286481,259587455.59540722,263102253.0169144,266617050.32162926,270131847.6157348,273907585.60246986,277683323.46127254,281459061.4416349,285234799.27357805,289010537.48303986,293059096.31512314,297107655.18474257,301156214.2102481,305204773.34436715,309253332.03532463,313184919.5289999,317116506.6537307,321048093.9064718,324979681.4185795,328911268.702829
210,120071644.60845292,120324966.92308189,120578289.19261885,120831611.44005701,121084933.8168416,121338256.26519111,121415635.39451383,121493014.76006855,121570393.73561141,121647773.44597806,121725152.26879379,121594861.28470057,121464570.7234338,121334280.26295489,121203989.61943154,121073698.4429164,120792664.97638467,120511631.41542347,120230597.76262346,119949564.22367574,119668530.70445068
212,311396.1174210701,320036.92201234866,328677.7255405593,337318.5279268548,345959.332581718,354600.13703344483,365378.97754721204,376157.8193187001,386936.6576242116,397715.49803093215,408494.3398986077,419045.69576013274,429597.04343806766,440148.40103503433,450699.75026026857,461251.1057576095,472043.6276985542,482836.15104131144,493628.6787251716,504421.1987431708,515213.72138440656
214,16948008.908461113,17289579.119384144,17631149.136308342,17972719.31336862,18314289.457372513,18655859.616629988,19008517.32104519,19361175.018493786,19713832.72459704,20066490.349890485,20419148.065940708,20864201.035664525,21309254.110245634,21754307.038954202,22199360.059696198,22644413.10558797,23019128.65823005,23393844.19689265,23768559.825786352,24143275.425420955,24517990.942962997
215,945217.6484400034,965189.6175642014,985161.588021636,1005133.5718983412,1025105.5276648998,1045077.5389530659,1073830.044914484,1102582.5301139355,1131335.070159793,1160087.559398055,1188840.0973865986,1221072.287107706,1253304.4948387146,1285536.7198381424,1317768.9403512478,1350001.1269271374,1383105.2922022343,1416209.4456181526,1449313.5212290287,1482417.6767616272,1515521.8354933262
216,167778817.2715373,170171799.474698,172564780.2609165,174957762.54535002,177350744.05051208,179743725.309014,182226195.1129505,184708663.71351415,187191134.21771154,189673603.64167702,192156073.1403761,194706495.42194074,197256917.82396272,199807340.33193922,202357762.67081916,204908184.8981681,207147119.55746505,209386054.21409127,211624988.42407542,213863923.83912337,216102857.62340903
218,7508344.5778528685,7565709.421590013,7623074.275617292,7680439.133874702,7737803.992629038,7795168.846924995,7866116.091489256,7937063.354828429,8008010.592112229,8078957.8537293775,8149905.106643954,8216293.876794012,8282682.660242937,8349071.438851558,8415460.2070519,8481848.986687923,8539121.081530675,8596393.190799335,8653665.28323153,8710937.383522162,8768209.48358034
219,11552.840698957443,11550.98305439949,11549.125263690948,11547.268374681473,11545.410652637482,11543.553652524948,11551.536974668503,11559.521064281464,11567.505355119705,11575.48961019516,11583.473192214966,11590.984434604645,11598.495477199554,11606.007718086243,11613.518882751465,11621.029774188995,11667.657681703568,11714.285533428192,11760.914006233215,11807.541898727417,11854.169964075089
220,46505.285873413086,46717.96097564697,46930.635498046875,47143.30986022949,47355.98457336426,47568.6591796875,47766.85321044922,47965.04731750488,48163.241149902344,48361.435302734375,48559.628845214844,50175.654388427734,51791.68032836914,53407.706146240234,55023.731536865234,56639.75720214844,57483.39663696289,58327.0344543457,59170.67269897461,60014.311279296875,60857.9494934082
221,78829.72537231445,81036.86703491211,83243.99807739258,85451.13446044922,87658.2649230957,89865.4009399414,91715.45007324219,93565.49258422852,95415.54257202148,97265.58819580078,99115.63418579102,101492.30673217773,103868.98098754883,106245.65853881836,108622.33612060547,110999.00973510742,113274.77551269531,115550.53817749023,117826.30346679688,120102.06838989258,122377.8344116211
222,7084877.375431556,7126247.1979292715,7167617.007514736,7208986.834947355,7250356.636936577,7291726.456942072,7365183.773563612,7438641.078934089,7512098.401427388,7585555.722531207,7659013.01308789,7740920.874387689,7822828.722066006,7904736.559123865,7986644.40709618,8068552.266426199,8142233.759329236,8215915.269320093,8289596.760849069,8363278.275812718,8436959.768770095
223,4752268.239135995,4784524.382735009,4816780.486383947,4849036.6139905155,4881292.79044295,4913548.895495783,4974563.957902972,5035579.054148757,5096594.148007706,5157609.221131612,5218624.310804015,5291330.72751225,5364037.136628306,5436743.579604102,5509450.030377308,5582156.4586515585,5647316.574253028,5712476.645778798,5777636.674001062,5842796.734564341,5907956.875518081
224,5535313.94828916,5608499.170155349,5681684.387603492,5754869.573795606,5828054.796150531,5901239.987575746,5967694.942022091,6034149.9275199715,6100604.908008466,6167059.870604459,6233514.815612157,6293306.068230529,6353097.329695614,6412888.622825484,6472679.858268742,6532471.099952601,6580118.888304396,6627766.645798893,6675414.425832788,6723062.155728658,6770709.934655948
227,128991.05505371094,130380.02812194824,131768.99937438965,133157.97314453125,134546.9432373047,135935.91548156738,137307.63873291016,138679.36567687988,140051.09024047852,141422.8148803711,142794.53930664062,143985.13764953613,145175.7336578369,146366.3323059082,147556.9309387207,148747.52766418457,149906.22090148926,151064.913772583,152223.60440063477,153382.2995300293,154540.99362182617
228,94172.90816283226,94427.59037280083,94682.27236151695,94936.95321130753,95191.63421797752,95446.31656336784,95629.73623204231,95813.15688300133,95996.57730698586,96179.99763917923,96363.41726207733,96373.77762818336,96384.13741779327,96394.49621963501,96404.8565928936,96415.21689009666,96362.5195248127,96309.82157611847,96257.12469291687,96204.42720961571,96151.72956991196
231,867632.2236311436,897961.1935632229,928290.1615678668,958619.1264759898,988948.096960187,1019277.0633313656,1034993.0614011884,1050709.0572888255,1066425.0531760454,1082141.0494027734,1097857.0477492213,1126243.3525410295,1154629.6638211608,1183015.971678555,1211402.2798395753,1239788.5843167305,1269156.5291920304,1298524.4705147743,1327892.4094557166,1357260.3507927656,1386628.2974277139
232,407518.7836821079,409225.5439610481,410932.3071115017,412639.0675752163,414345.83242309093,416052.59456312656,416852.7106324434,417652.83499634266,418452.95450925827,419253.0709569454,420053.18574261665,420120.3136430979,420187.4240630865,420254.5372681618,420321.65449762344,420388.77594172955,419665.7659519911,418942.75936853886,418219.7491904497,417496.74324941635,416773.7310395241
237,57181.233627319336,58695.73080635071,60210.22832489014,61724.725719451904,63239.22351074219,64753.720487594604,65261.537242889404,65769.3535785675,66277.17078971863,66784.98740577698,67292.80383682251,68361.15653800964,69429.50972557068,70497.86383628845,71566.21662330627,72634.5697593689,73536.085693359375,74437.60220909119,75339.11818695068,76240.63430213928,77142.15065193176
244,167567.23777551204,166509.45347034186,165451.6691564247,164393.88427482545,163336.0997563973,162278.31538762897,166455.96131321043,170633.60895886272,174811.25407887995,178988.89995194972,183166.5463706404,185168.80643075705,187171.06696698815,189173.32542362064,191175.58737784624,193177.84661398083,194428.84872177988,195679.84831558168,196930.84948913008,198181.84975741804,199432.85152500123
245,16108.77311706543,16101.509380340576,16094.246395111084,16086.983488082886,16079.720497131348,16072.456763267517,17515.208673477173,18957.959747314453,20400.71141242981,21843.463096618652,23286.214391708374,24134.680490493774,24983.146146774292,25831.61350440979,26680.079404830933,27528.54557800293,27858.758533477783,28188.97141647339,28519.181299209595,28849.393854141235,29179.608350753784
247,371642.1806065142,378715.6645540334,385789.1381328814,392862.6179476492,399936.09486887977,407009.5752152428,414091.87474377453,421174.1752610989,428256.47539640963,435338.77693660185,442421.0747054629,449153.66081277654,455886.2486185804,462618.8353158161,469351.4250253439,476084.0088179149,482226.5448044427,488369.077651836,494511.6165972501,500654.15385870263,506796.69256915525
248,2548.521026611328,2523.786445617676,2499.052101135254,2474.317451477051,2449.5830993652344,2424.848518371582,2609.9299087524414,2795.0112533569336,2980.092483520508,3165.173873901367,3350.2552337646484,3435.5902786254883,3520.9250717163086,3606.259834289551,3691.5949325561523,3776.92960357666,3785.1014251708984,3793.2727661132812,3801.444404602051,3809.615692138672,3817.7873306274414
249,4617.217071533203,4658.876197814941,4700.535369873047,4742.194732666016,4783.853904724121,4825.513031005859,5325.059547424316,5824.605987548828,6324.15193939209,6823.698707580566,7323.244689941406,7672.27912902832,8021.312896728516,8370.346298217773,8719.380065917969,9068.4139404296875,9268.459930419922,9468.505828857422,9668.551864624023,9868.597763061523,10068.643814086914
250,101984.4523337239,104026.16121876892,106067.86860694946,108109.5763270401,110151.2841438835,112192.9923443105,112529.91968392301,112866.8458765035,113203.77344272425,113540.70002011163,113877.62663353188,114376.62323780986,114875.61941644503,115374.61535032536,115873.61165355681,116372.60839356016,116692.1700836313,117011.73283348093,117331.2957839244,117650.85838842811,117970.42078931257
255,33125.469060051255,32978.13790678047,32830.80690869829,32683.47652947344,32536.1458728211,32388.814725572243,32298.739339305088,32208.664371903986,32118.587802530732,32028.512071161997,31938.437044757884,31847.66246185545,31756.88737731334,31666.113229196984,31575.33828885341,31484.563935481012,31346.349236172624,31208.135052781086,31069.922060762066,30931.707584182266,30793.492823881563
260,0,0,0,0,0,0,0,0,0,0,0,0,0,0,0,0,0,0,0,0,0
261,0,0,0,0,0,0,0,0,0,0,0,0,0,0,0,0,0,0,0,0,0
262,0,0,0,0,0,0,0,0,0,0,0,0,0,0,0,0,0,0,0,0,0
263,0,0,0,0,0,0,0,0,0,0,0,0,0,0,0,0,0,0,0,0,0
264,0,0,0,0,0,0,0,0,0,0,0,0,0,0,0,0,0,0,0,0,0
266,0,0,0,0,0,0,0,0,0,0,0,0,0,0,0,0,0,0,0,0,0
267,0,0,0,0,0,0,0,0,0,0,0,0,0,0,0,0,0,0,0,0,0
269,0,0,0,0,0,0,0,0,0,0,0,0,0,0,0,0,0,0,0,0,0
270,0,0,0,0,0,0,0,0,0,0,0,0,0,0,0,0,0,0,0,0,0
272,0.11514871194958687,0.11407763510942459,0.11300657317042351,0.11193548887968063,0.11086442694067955,0.10979335010051727,0.10907680913805962,0.10836027190089226,0.1076437309384346,0.10692718625068665,0.10621064528822899,0.10559599846601486,0.10498136654496193,0.1043667308986187,0.10375208780169487,0.10313745215535164,0.10239022225141525,0.10164300352334976,0.10089578479528427,0.10014856606721878,0.0994013361632824
273,0,0,0,0,0,0,0,0,0,0,0,0,0,0,0,0,0,0,0,0,0
274,0,0,0,0,0,0,0,0,0,0,0,0,0,0,0,0,0,0,0,0,0
275,0,0,0,0,0,0,0,0,0,0,0,0,0,0,0,0,0,0,0,0,0
276,0,0,0,0,0,0,0,0,0,0,0,0,0,0,0,0,0,0,0,0,0
277,0,0,0,0,0,0,0,0,0,0,0,0,0,0,0,0,0,0,0,0,0
314,211.5387420654297,217.14991688728333,222.76108360290527,228.37226247787476,233.98342967033386,239.59460973739624,245.45386171340942,251.3131229877472,257.17236375808716,263.0316140651703,268.89086866378784,275.02259492874146,281.1543185710907,287.28604531288147,293.41776847839355,299.5494956970215,305.8492019176483,312.14892888069153,318.4486393928528,324.748366355896,331.0480806827545
317,16413.60299694538,16586.754819393158,16759.90669298172,16933.05875685811,17106.21061629057,17279.362444102764,17469.666993796825,17659.971624851227,17850.276150912046,18040.580761164427,18230.885313779116,18435.663916409016,18640.442346394062,18845.220855921507,19049.99936017394,19254.77790990472,19450.282215178013,19645.78658130765,19841.29076319933,20036.795151382685,20232.299375921488
323,1857.4902458190918,1852.201244354248,1846.912265777588,1841.6232795715332,1836.334300994873,1831.0453147888184,1824.169204711914,1817.2931671142578,1810.4170684814453,1803.5410232543945,1796.664924621582,1793.379825592041,1790.09476852417,1786.809700012207,1783.5246086120605,1780.2395095825195,1773.3213806152344,1766.4033126831055,1759.485164642334,1752.5671119689941,1745.6489753723145
329,24790.65319252014,25101.532930374146,25412.412380218506,25723.29221725464,26034.171688079834,26345.051084518433,26587.715774536133,26830.380416870117,27073.045583724976,27315.71021080017,27558.37495803833,27736.3816242218,27914.388219833374,28092.394912719727,28270.40149307251,28448.408195495605,28555.471073150635,28662.53391265869,28769.59688949585,28876.659759521484,28983.722717285156
248100,0,0,0,0,0,0,0,0,0,0,0,0,0,0,0,0,0,0,0,0,0
248200,0,0,0,0,0,0,0,0,0,0,0,0,0,0,0,0,0,0,0,0,0
248300,0,0,0,0,0,0,0,0,0,0,0,0,0,0,0,0,0,0,0,0,0
248400,0,0,0,0,0,0,0,0,0,0,0,0,0,0,0,0,0,0,0,0,0
248500,0,0,0,0,0,0,0,0,0,0,0,0,0,0,0,0,0,0,0,0,0
248600,0,0,0,0,0,0,0,0,0,0,0,0,0,0,0,0,0,0,0,0,0
258410,0,0,0,0,0,0,0,0,0,0,0,0,0,0,0,0,0,0,0,0,0
258420,0,0,0,0,0,0,0,0,0,0,0,0,0,0,0,0,0,0,0,0,0
258431,0,0,0,0,0,0,0,0,0,0,0,0,0,0,0,0,0,0,0,0,0
258432,0,0,0,0,0,0,0,0,0,0,0,0,0,0,0,0,0,0,0,0,0
258441,0,0,0,0,0,0,0,0,0,0,0,0,0,0,0,0,0,0,0,0,0
258442,0,0,0,0,0,0,0,0,0,0,0,0,0,0,0,0,0,0,0,0,0
258510,0,0,0,0,0,0,0,0,0,0,0,0,0,0,0,0,0,0,0,0,0
258520,0,0,0,0,0,0,0,0,0,0,0,0,0,0,0,0,0,0,0,0,0
258600,0,0,0,0,0,0,0,0,0,0,0,0,0,0,0,0,0,0,0,0,0
258700,0,0,0,0,0,0,0,0,0,0,0,0,0,0,0,0,0,0,0,0,0
288100,0,0,0,0,0,0,0,0,0,0,0,0,0,0,0,0,0,0,0,0,0
288200,0,0,0,0,0,0,0,0,0,0,0,0,0,0,0,0,0,0,0,0,0
288300,0,0,0,0,0,0,0,0,0,0,0,0,0,0,0,0,0,0,0,0,0
