rgn_id,product,year,gapfilled,method
5,ornamentals,1984,0,NA
5,ornamentals,1985,0,NA
5,ornamentals,1986,0,NA
5,ornamentals,1987,0,NA
5,ornamentals,1988,0,NA
5,ornamentals,1989,0,NA
5,ornamentals,1990,0,NA
5,ornamentals,1991,0,NA
5,ornamentals,1992,0,NA
5,ornamentals,1993,0,NA
5,ornamentals,1994,0,NA
5,ornamentals,1995,0,NA
5,ornamentals,1996,0,NA
5,ornamentals,1997,0,NA
5,ornamentals,1998,0,NA
5,ornamentals,1999,0,NA
5,ornamentals,2000,0,NA
5,ornamentals,2001,0,NA
5,ornamentals,2002,0,NA
5,ornamentals,2003,0,NA
5,ornamentals,2004,0,NA
5,ornamentals,2005,0,NA
5,ornamentals,2006,0,NA
5,ornamentals,2007,0,NA
5,ornamentals,2008,0,NA
5,ornamentals,2009,0,NA
5,ornamentals,2010,0,NA
5,ornamentals,2011,0,NA
5,ornamentals,2012,0,NA
5,ornamentals,2013,0,NA
5,ornamentals,2014,0,NA
5,ornamentals,2015,0,NA
5,ornamentals,2016,0,NA
5,ornamentals,2017,0,NA
5,ornamentals,2018,0,NA
5,ornamentals,2019,0,NA
5,ornamentals,2020,0,NA
5,ornamentals,2021,0,NA
5,ornamentals,2022,0,NA
6,ornamentals,2003,0,NA
6,ornamentals,2004,0,NA
6,ornamentals,2005,0,NA
6,ornamentals,2006,0,NA
6,ornamentals,2007,0,NA
6,ornamentals,2008,0,NA
6,ornamentals,2009,0,NA
6,ornamentals,2010,0,NA
6,ornamentals,2011,0,NA
6,ornamentals,2012,0,NA
6,ornamentals,2013,0,NA
6,ornamentals,2014,0,NA
6,ornamentals,2015,0,NA
6,ornamentals,2016,0,NA
6,ornamentals,2017,0,NA
6,ornamentals,2018,0,NA
6,ornamentals,2019,0,NA
6,ornamentals,2020,0,NA
6,ornamentals,2021,0,NA
6,ornamentals,2022,0,NA
7,ornamentals,1996,0,NA
7,ornamentals,1997,0,NA
7,ornamentals,1998,0,NA
7,ornamentals,1999,0,NA
7,ornamentals,2000,0,NA
7,ornamentals,2001,0,NA
7,ornamentals,2002,0,NA
7,ornamentals,2003,0,NA
7,ornamentals,2004,0,NA
7,ornamentals,2005,0,NA
7,ornamentals,2006,0,NA
7,ornamentals,2007,0,NA
7,ornamentals,2008,0,NA
7,ornamentals,2009,0,NA
7,ornamentals,2010,0,NA
7,ornamentals,2011,1,prod_average
7,ornamentals,2012,1,prod_average
7,ornamentals,2013,1,prod_average
7,ornamentals,2014,1,prod_average
7,ornamentals,2015,1,prod_average
7,ornamentals,2016,1,prod_average
7,ornamentals,2017,1,prod_average
7,ornamentals,2018,1,prod_average
7,ornamentals,2019,1,prod_average
7,ornamentals,2020,1,prod_average
7,ornamentals,2021,1,prod_average
7,ornamentals,2022,1,prod_average
8,ornamentals,1995,0,NA
8,ornamentals,1996,0,NA
8,ornamentals,1997,0,NA
8,ornamentals,1998,0,NA
8,ornamentals,1999,0,NA
8,ornamentals,2000,0,NA
8,ornamentals,2001,0,NA
8,ornamentals,2002,0,NA
8,ornamentals,2003,0,NA
8,ornamentals,2004,0,NA
8,ornamentals,2005,0,NA
8,ornamentals,2006,0,NA
8,ornamentals,2007,0,NA
8,ornamentals,2008,0,NA
8,ornamentals,2009,0,NA
8,ornamentals,2010,0,NA
8,ornamentals,2011,0,NA
8,ornamentals,2012,0,NA
8,ornamentals,2013,0,NA
8,ornamentals,2014,0,NA
8,ornamentals,2015,0,NA
8,ornamentals,2016,0,NA
8,ornamentals,2017,0,NA
8,ornamentals,2018,0,NA
8,ornamentals,2019,0,NA
8,ornamentals,2020,0,NA
8,ornamentals,2021,0,NA
8,ornamentals,2022,0,NA
9,ornamentals,1991,0,NA
9,ornamentals,1992,0,NA
9,ornamentals,1993,0,NA
9,ornamentals,1994,0,NA
9,ornamentals,1995,0,NA
9,ornamentals,1996,0,NA
9,ornamentals,1997,0,NA
9,ornamentals,1998,0,NA
9,ornamentals,1999,0,NA
9,ornamentals,2000,0,NA
9,ornamentals,2001,0,NA
9,ornamentals,2002,0,NA
9,ornamentals,2003,0,NA
9,ornamentals,2004,0,NA
9,ornamentals,2005,0,NA
9,ornamentals,2006,0,NA
9,ornamentals,2007,0,NA
9,ornamentals,2008,0,NA
9,ornamentals,2009,0,NA
9,ornamentals,2010,0,NA
9,ornamentals,2011,0,NA
9,ornamentals,2012,0,NA
9,ornamentals,2013,0,NA
9,ornamentals,2014,0,NA
9,ornamentals,2015,0,NA
9,ornamentals,2016,0,NA
9,ornamentals,2017,0,NA
9,ornamentals,2018,0,NA
9,ornamentals,2019,0,NA
9,ornamentals,2020,0,NA
9,ornamentals,2021,0,NA
9,ornamentals,2022,0,NA
11,ornamentals,1981,0,NA
11,ornamentals,1982,0,NA
11,ornamentals,1983,0,NA
11,ornamentals,1984,0,NA
11,ornamentals,1985,0,NA
11,ornamentals,1986,0,NA
11,ornamentals,1987,0,NA
11,ornamentals,1988,0,NA
11,ornamentals,1989,0,NA
11,ornamentals,1990,0,NA
11,ornamentals,1991,0,NA
11,ornamentals,1992,0,NA
11,ornamentals,1993,0,NA
11,ornamentals,1994,0,NA
11,ornamentals,1995,0,NA
11,ornamentals,1996,0,NA
11,ornamentals,1997,0,NA
11,ornamentals,1998,0,NA
11,ornamentals,1999,0,NA
11,ornamentals,2000,0,NA
11,ornamentals,2001,0,NA
11,ornamentals,2002,0,NA
11,ornamentals,2003,0,NA
11,ornamentals,2004,0,NA
11,ornamentals,2005,0,NA
11,ornamentals,2006,0,NA
11,ornamentals,2007,0,NA
11,ornamentals,2008,0,NA
11,ornamentals,2009,0,NA
11,ornamentals,2010,0,NA
11,ornamentals,2011,0,NA
11,ornamentals,2012,0,NA
11,ornamentals,2013,0,NA
11,ornamentals,2014,0,NA
11,ornamentals,2015,0,NA
11,ornamentals,2016,0,NA
11,ornamentals,2017,0,NA
11,ornamentals,2018,0,NA
11,ornamentals,2019,0,NA
11,ornamentals,2020,0,NA
11,ornamentals,2021,0,NA
11,ornamentals,2022,0,NA
14,ornamentals,1976,0,NA
14,ornamentals,1977,0,NA
14,ornamentals,1978,0,NA
14,ornamentals,1979,0,NA
14,ornamentals,1980,0,NA
14,ornamentals,1981,0,NA
14,ornamentals,1982,0,NA
14,ornamentals,1983,0,NA
14,ornamentals,1984,0,NA
14,ornamentals,1985,0,NA
14,ornamentals,1986,0,NA
14,ornamentals,1987,0,NA
14,ornamentals,1988,0,NA
14,ornamentals,1989,0,NA
14,ornamentals,1990,0,NA
14,ornamentals,1991,0,NA
14,ornamentals,1992,0,NA
14,ornamentals,1993,0,NA
14,ornamentals,1994,0,NA
14,ornamentals,1995,0,NA
14,ornamentals,1996,0,NA
14,ornamentals,1997,0,NA
14,ornamentals,1998,0,NA
14,ornamentals,1999,0,NA
14,ornamentals,2000,0,NA
14,ornamentals,2001,0,NA
14,ornamentals,2002,0,NA
14,ornamentals,2003,0,NA
14,ornamentals,2004,0,NA
14,ornamentals,2005,0,NA
14,ornamentals,2006,0,NA
14,ornamentals,2007,0,NA
14,ornamentals,2008,0,NA
14,ornamentals,2009,0,NA
14,ornamentals,2010,0,NA
14,ornamentals,2011,0,NA
14,ornamentals,2012,0,NA
14,ornamentals,2013,0,NA
14,ornamentals,2014,0,NA
14,ornamentals,2015,0,NA
14,ornamentals,2016,0,NA
14,ornamentals,2017,0,NA
14,ornamentals,2018,0,NA
14,ornamentals,2019,0,NA
14,ornamentals,2020,0,NA
14,ornamentals,2021,0,NA
14,ornamentals,2022,0,NA
15,ornamentals,1991,0,NA
15,ornamentals,1992,0,NA
15,ornamentals,1993,0,NA
15,ornamentals,1994,0,NA
15,ornamentals,1995,0,NA
15,ornamentals,1996,0,NA
15,ornamentals,1997,0,NA
15,ornamentals,1998,0,NA
15,ornamentals,1999,0,NA
15,ornamentals,2000,0,NA
15,ornamentals,2001,0,NA
15,ornamentals,2002,0,NA
15,ornamentals,2003,0,NA
15,ornamentals,2004,0,NA
15,ornamentals,2005,0,NA
15,ornamentals,2006,0,NA
15,ornamentals,2007,0,NA
15,ornamentals,2008,0,NA
15,ornamentals,2009,0,NA
15,ornamentals,2010,0,NA
15,ornamentals,2011,0,NA
15,ornamentals,2012,0,NA
15,ornamentals,2013,0,NA
15,ornamentals,2014,0,NA
15,ornamentals,2015,0,NA
15,ornamentals,2016,0,NA
15,ornamentals,2017,0,NA
15,ornamentals,2018,0,NA
15,ornamentals,2019,0,NA
15,ornamentals,2020,0,NA
15,ornamentals,2021,0,NA
15,ornamentals,2022,0,NA
16,ornamentals,1989,0,NA
16,ornamentals,1990,0,NA
16,ornamentals,1991,0,NA
16,ornamentals,1992,0,NA
16,ornamentals,1993,0,NA
16,ornamentals,1994,0,NA
16,ornamentals,1995,0,NA
16,ornamentals,1996,0,NA
16,ornamentals,1997,0,NA
16,ornamentals,1998,0,NA
16,ornamentals,1999,0,NA
16,ornamentals,2000,0,NA
16,ornamentals,2001,0,NA
16,ornamentals,2002,0,NA
16,ornamentals,2003,0,NA
16,ornamentals,2004,0,NA
16,ornamentals,2005,0,NA
16,ornamentals,2006,0,NA
16,ornamentals,2007,0,NA
16,ornamentals,2008,0,NA
16,ornamentals,2009,0,NA
16,ornamentals,2010,0,NA
16,ornamentals,2011,0,NA
16,ornamentals,2012,0,NA
16,ornamentals,2013,0,NA
16,ornamentals,2014,0,NA
16,ornamentals,2015,0,NA
16,ornamentals,2016,0,NA
16,ornamentals,2017,0,NA
16,ornamentals,2018,0,NA
16,ornamentals,2019,0,NA
16,ornamentals,2020,0,NA
16,ornamentals,2021,0,NA
16,ornamentals,2022,0,NA
17,ornamentals,1998,0,NA
17,ornamentals,1999,0,NA
17,ornamentals,2000,0,NA
17,ornamentals,2001,0,NA
17,ornamentals,2002,0,NA
17,ornamentals,2003,0,NA
17,ornamentals,2004,0,NA
17,ornamentals,2005,0,NA
17,ornamentals,2006,0,NA
17,ornamentals,2007,0,NA
17,ornamentals,2008,0,NA
17,ornamentals,2009,0,NA
17,ornamentals,2010,0,NA
17,ornamentals,2011,0,NA
17,ornamentals,2012,0,NA
17,ornamentals,2013,0,NA
17,ornamentals,2014,0,NA
17,ornamentals,2015,0,NA
17,ornamentals,2016,0,NA
17,ornamentals,2017,0,NA
17,ornamentals,2018,0,NA
17,ornamentals,2019,0,NA
17,ornamentals,2020,0,NA
17,ornamentals,2021,0,NA
17,ornamentals,2022,0,NA
18,ornamentals,1989,0,NA
18,ornamentals,1990,0,NA
18,ornamentals,1991,0,NA
18,ornamentals,1992,0,NA
18,ornamentals,1993,0,NA
18,ornamentals,1994,0,NA
18,ornamentals,1995,0,NA
18,ornamentals,1996,0,NA
18,ornamentals,1997,0,NA
18,ornamentals,1998,0,NA
18,ornamentals,1999,0,NA
18,ornamentals,2000,0,NA
18,ornamentals,2001,0,NA
18,ornamentals,2002,0,NA
18,ornamentals,2003,0,NA
18,ornamentals,2004,0,NA
18,ornamentals,2005,0,NA
18,ornamentals,2006,0,NA
18,ornamentals,2007,0,NA
18,ornamentals,2008,0,NA
18,ornamentals,2009,0,NA
18,ornamentals,2010,0,NA
18,ornamentals,2011,0,NA
18,ornamentals,2012,0,NA
18,ornamentals,2013,0,NA
18,ornamentals,2014,0,NA
18,ornamentals,2015,0,NA
18,ornamentals,2016,0,NA
18,ornamentals,2017,0,NA
18,ornamentals,2018,0,NA
18,ornamentals,2019,0,NA
18,ornamentals,2020,0,NA
18,ornamentals,2021,0,NA
18,ornamentals,2022,0,NA
24,ornamentals,2000,0,NA
24,ornamentals,2001,0,NA
24,ornamentals,2002,0,NA
24,ornamentals,2003,0,NA
24,ornamentals,2004,0,NA
24,ornamentals,2005,0,NA
24,ornamentals,2006,0,NA
24,ornamentals,2007,0,NA
24,ornamentals,2008,0,NA
24,ornamentals,2009,0,NA
24,ornamentals,2010,0,NA
24,ornamentals,2011,0,NA
24,ornamentals,2012,0,NA
24,ornamentals,2013,0,NA
24,ornamentals,2014,0,NA
24,ornamentals,2015,0,NA
24,ornamentals,2016,0,NA
24,ornamentals,2017,0,NA
24,ornamentals,2018,0,NA
24,ornamentals,2019,0,NA
24,ornamentals,2020,0,NA
24,ornamentals,2021,0,NA
24,ornamentals,2022,0,NA
25,ornamentals,1976,0,NA
25,ornamentals,1977,0,NA
25,ornamentals,1978,0,NA
25,ornamentals,1979,0,NA
25,ornamentals,1980,0,NA
25,ornamentals,1981,0,NA
25,ornamentals,1982,0,NA
25,ornamentals,1983,0,NA
25,ornamentals,1984,0,NA
25,ornamentals,1985,0,NA
25,ornamentals,1986,0,NA
25,ornamentals,1987,0,NA
25,ornamentals,1988,0,NA
25,ornamentals,1989,0,NA
25,ornamentals,1990,0,NA
25,ornamentals,1991,0,NA
25,ornamentals,1992,0,NA
25,ornamentals,1993,0,NA
25,ornamentals,1994,0,NA
25,ornamentals,1995,0,NA
25,ornamentals,1996,0,NA
25,ornamentals,1997,0,NA
25,ornamentals,1998,0,NA
25,ornamentals,1999,0,NA
25,ornamentals,2000,0,NA
25,ornamentals,2001,0,NA
25,ornamentals,2002,0,NA
25,ornamentals,2003,0,NA
25,ornamentals,2004,0,NA
25,ornamentals,2005,0,NA
25,ornamentals,2006,0,NA
25,ornamentals,2007,0,NA
25,ornamentals,2008,0,NA
25,ornamentals,2009,0,NA
25,ornamentals,2010,0,NA
25,ornamentals,2011,0,NA
25,ornamentals,2012,0,NA
25,ornamentals,2013,0,NA
25,ornamentals,2014,0,NA
25,ornamentals,2015,0,NA
25,ornamentals,2016,0,NA
25,ornamentals,2017,0,NA
25,ornamentals,2018,0,NA
25,ornamentals,2019,0,NA
25,ornamentals,2020,0,NA
25,ornamentals,2021,0,NA
25,ornamentals,2022,0,NA
29,ornamentals,1996,0,NA
29,ornamentals,1997,1,prod_average
29,ornamentals,1998,1,prod_average
29,ornamentals,1999,1,prod_average
29,ornamentals,2000,1,prod_average
29,ornamentals,2001,0,NA
29,ornamentals,2002,0,NA
29,ornamentals,2003,1,prod_average
29,ornamentals,2004,1,prod_average
29,ornamentals,2005,1,prod_average
29,ornamentals,2006,0,NA
29,ornamentals,2007,0,NA
29,ornamentals,2008,0,NA
29,ornamentals,2009,1,prod_average
29,ornamentals,2010,1,prod_average
29,ornamentals,2011,1,prod_average
29,ornamentals,2012,1,prod_average
29,ornamentals,2013,1,prod_average
29,ornamentals,2014,1,prod_average
29,ornamentals,2015,1,prod_average
29,ornamentals,2016,1,prod_average
29,ornamentals,2017,1,prod_average
29,ornamentals,2018,1,prod_average
29,ornamentals,2019,1,prod_average
29,ornamentals,2020,1,prod_average
29,ornamentals,2021,1,prod_average
29,ornamentals,2022,1,prod_average
37,ornamentals,1992,0,NA
37,ornamentals,1993,0,NA
37,ornamentals,1994,0,NA
37,ornamentals,1995,0,NA
37,ornamentals,1996,0,NA
37,ornamentals,1997,0,NA
37,ornamentals,1998,0,NA
37,ornamentals,1999,0,NA
37,ornamentals,2000,0,NA
37,ornamentals,2001,0,NA
37,ornamentals,2002,0,NA
37,ornamentals,2003,0,NA
37,ornamentals,2004,0,NA
37,ornamentals,2005,0,NA
37,ornamentals,2006,0,NA
37,ornamentals,2007,0,NA
37,ornamentals,2008,0,NA
37,ornamentals,2009,0,NA
37,ornamentals,2010,0,NA
37,ornamentals,2011,0,NA
37,ornamentals,2012,0,NA
37,ornamentals,2013,0,NA
37,ornamentals,2014,0,NA
37,ornamentals,2015,0,NA
37,ornamentals,2016,0,NA
37,ornamentals,2017,0,NA
37,ornamentals,2018,0,NA
37,ornamentals,2019,0,NA
37,ornamentals,2020,0,NA
37,ornamentals,2021,0,NA
37,ornamentals,2022,0,NA
39,ornamentals,1980,0,NA
39,ornamentals,1981,0,NA
39,ornamentals,1982,0,NA
39,ornamentals,1983,0,NA
39,ornamentals,1984,0,NA
39,ornamentals,1985,0,NA
39,ornamentals,1986,0,NA
39,ornamentals,1987,0,NA
39,ornamentals,1988,0,NA
39,ornamentals,1989,0,NA
39,ornamentals,1990,0,NA
39,ornamentals,1991,0,NA
39,ornamentals,1992,0,NA
39,ornamentals,1993,0,NA
39,ornamentals,1994,0,NA
39,ornamentals,1995,0,NA
39,ornamentals,1996,0,NA
39,ornamentals,1997,0,NA
39,ornamentals,1998,0,NA
39,ornamentals,1999,0,NA
39,ornamentals,2000,0,NA
39,ornamentals,2001,0,NA
39,ornamentals,2002,0,NA
39,ornamentals,2003,0,NA
39,ornamentals,2004,0,NA
39,ornamentals,2005,0,NA
39,ornamentals,2006,0,NA
39,ornamentals,2007,0,NA
39,ornamentals,2008,0,NA
39,ornamentals,2009,0,NA
39,ornamentals,2010,0,NA
39,ornamentals,2011,0,NA
39,ornamentals,2012,0,NA
39,ornamentals,2013,0,NA
39,ornamentals,2014,0,NA
39,ornamentals,2015,0,NA
39,ornamentals,2016,0,NA
39,ornamentals,2017,0,NA
39,ornamentals,2018,0,NA
39,ornamentals,2019,0,NA
39,ornamentals,2020,0,NA
39,ornamentals,2021,0,NA
39,ornamentals,2022,0,NA
40,ornamentals,1990,0,NA
40,ornamentals,1991,0,NA
40,ornamentals,1992,0,NA
40,ornamentals,1993,0,NA
40,ornamentals,1994,0,NA
40,ornamentals,1995,0,NA
40,ornamentals,1996,0,NA
40,ornamentals,1997,0,NA
40,ornamentals,1998,0,NA
40,ornamentals,1999,0,NA
40,ornamentals,2000,0,NA
40,ornamentals,2001,0,NA
40,ornamentals,2002,0,NA
40,ornamentals,2003,0,NA
40,ornamentals,2004,0,NA
40,ornamentals,2005,0,NA
40,ornamentals,2006,0,NA
40,ornamentals,2007,0,NA
40,ornamentals,2008,0,NA
40,ornamentals,2009,0,NA
40,ornamentals,2010,0,NA
40,ornamentals,2011,0,NA
40,ornamentals,2012,0,NA
40,ornamentals,2013,0,NA
40,ornamentals,2014,0,NA
40,ornamentals,2015,0,NA
40,ornamentals,2016,0,NA
40,ornamentals,2017,0,NA
40,ornamentals,2018,0,NA
40,ornamentals,2019,0,NA
40,ornamentals,2020,0,NA
40,ornamentals,2021,0,NA
40,ornamentals,2022,0,NA
41,ornamentals,2004,0,NA
41,ornamentals,2005,0,NA
41,ornamentals,2006,0,NA
41,ornamentals,2007,0,NA
41,ornamentals,2008,0,NA
41,ornamentals,2009,0,NA
41,ornamentals,2010,0,NA
41,ornamentals,2011,0,NA
41,ornamentals,2012,0,NA
41,ornamentals,2013,0,NA
41,ornamentals,2014,0,NA
41,ornamentals,2015,0,NA
41,ornamentals,2016,0,NA
41,ornamentals,2017,0,NA
41,ornamentals,2018,0,NA
41,ornamentals,2019,0,NA
41,ornamentals,2020,0,NA
41,ornamentals,2021,0,NA
41,ornamentals,2022,0,NA
42,ornamentals,2000,0,NA
42,ornamentals,2001,0,NA
42,ornamentals,2002,0,NA
42,ornamentals,2003,0,NA
42,ornamentals,2004,0,NA
42,ornamentals,2005,0,NA
42,ornamentals,2006,0,NA
42,ornamentals,2007,0,NA
42,ornamentals,2008,0,NA
42,ornamentals,2009,0,NA
42,ornamentals,2010,0,NA
42,ornamentals,2011,0,NA
42,ornamentals,2012,0,NA
42,ornamentals,2013,0,NA
42,ornamentals,2014,0,NA
42,ornamentals,2015,0,NA
42,ornamentals,2016,0,NA
42,ornamentals,2017,0,NA
42,ornamentals,2018,0,NA
42,ornamentals,2019,0,NA
42,ornamentals,2020,0,NA
42,ornamentals,2021,0,NA
42,ornamentals,2022,0,NA
43,ornamentals,2003,0,NA
43,ornamentals,2004,0,NA
43,ornamentals,2005,0,NA
43,ornamentals,2006,0,NA
43,ornamentals,2007,0,NA
43,ornamentals,2008,0,NA
43,ornamentals,2009,0,NA
43,ornamentals,2010,0,NA
43,ornamentals,2011,0,NA
43,ornamentals,2012,0,NA
43,ornamentals,2013,0,NA
43,ornamentals,2014,0,NA
43,ornamentals,2015,0,NA
43,ornamentals,2016,0,NA
43,ornamentals,2017,0,NA
43,ornamentals,2018,0,NA
43,ornamentals,2019,0,NA
43,ornamentals,2020,0,NA
43,ornamentals,2021,0,NA
43,ornamentals,2022,0,NA
44,ornamentals,2019,0,NA
44,ornamentals,2020,0,NA
44,ornamentals,2021,0,NA
44,ornamentals,2022,0,NA
45,ornamentals,1995,0,NA
45,ornamentals,1996,0,NA
45,ornamentals,1997,0,NA
45,ornamentals,1998,0,NA
45,ornamentals,1999,0,NA
45,ornamentals,2000,1,prod_average
45,ornamentals,2001,1,prod_average
45,ornamentals,2002,1,prod_average
45,ornamentals,2003,1,prod_average
45,ornamentals,2004,1,prod_average
45,ornamentals,2005,1,prod_average
45,ornamentals,2006,1,prod_average
45,ornamentals,2007,1,prod_average
45,ornamentals,2008,0,NA
45,ornamentals,2009,0,NA
45,ornamentals,2010,0,NA
45,ornamentals,2011,0,NA
45,ornamentals,2012,1,prod_average
45,ornamentals,2013,1,prod_average
45,ornamentals,2014,1,prod_average
45,ornamentals,2015,1,prod_average
45,ornamentals,2016,1,prod_average
45,ornamentals,2017,1,prod_average
45,ornamentals,2018,1,prod_average
45,ornamentals,2019,1,prod_average
45,ornamentals,2020,1,prod_average
45,ornamentals,2021,1,prod_average
45,ornamentals,2022,1,prod_average
46,ornamentals,2015,0,NA
46,ornamentals,2016,0,NA
46,ornamentals,2017,0,NA
46,ornamentals,2018,0,NA
46,ornamentals,2019,0,NA
46,ornamentals,2020,0,NA
46,ornamentals,2021,0,NA
46,ornamentals,2022,0,NA
47,ornamentals,2004,0,NA
47,ornamentals,2005,0,NA
47,ornamentals,2006,0,NA
47,ornamentals,2007,0,NA
47,ornamentals,2008,0,NA
47,ornamentals,2009,0,NA
47,ornamentals,2010,0,NA
47,ornamentals,2011,0,NA
47,ornamentals,2012,0,NA
47,ornamentals,2013,0,NA
47,ornamentals,2014,0,NA
47,ornamentals,2015,0,NA
47,ornamentals,2016,0,NA
47,ornamentals,2017,0,NA
47,ornamentals,2018,0,NA
47,ornamentals,2019,0,NA
47,ornamentals,2020,0,NA
47,ornamentals,2021,0,NA
47,ornamentals,2022,0,NA
48,ornamentals,1995,1,prod_average
48,ornamentals,1996,1,prod_average
48,ornamentals,1997,0,NA
48,ornamentals,1998,0,NA
48,ornamentals,1999,0,NA
48,ornamentals,2000,0,NA
48,ornamentals,2001,0,NA
48,ornamentals,2002,0,NA
48,ornamentals,2003,0,NA
48,ornamentals,2004,1,prod_average
48,ornamentals,2005,1,prod_average
48,ornamentals,2006,1,prod_average
48,ornamentals,2007,1,prod_average
48,ornamentals,2008,1,prod_average
48,ornamentals,2009,1,prod_average
48,ornamentals,2010,1,prod_average
48,ornamentals,2011,1,prod_average
48,ornamentals,2012,1,prod_average
48,ornamentals,2013,1,prod_average
48,ornamentals,2014,1,prod_average
48,ornamentals,2015,1,prod_average
48,ornamentals,2016,1,prod_average
48,ornamentals,2017,1,prod_average
48,ornamentals,2018,1,prod_average
48,ornamentals,2019,1,prod_average
48,ornamentals,2020,1,prod_average
48,ornamentals,2021,1,prod_average
48,ornamentals,2022,1,prod_average
49,ornamentals,2016,0,NA
49,ornamentals,2017,0,NA
49,ornamentals,2018,0,NA
49,ornamentals,2019,0,NA
49,ornamentals,2020,0,NA
49,ornamentals,2021,0,NA
49,ornamentals,2022,0,NA
50,ornamentals,1993,0,NA
50,ornamentals,1994,1,prod_average
50,ornamentals,1995,0,NA
50,ornamentals,1996,1,prod_average
50,ornamentals,1997,1,prod_average
50,ornamentals,1998,0,NA
50,ornamentals,1999,0,NA
50,ornamentals,2000,0,NA
50,ornamentals,2001,0,NA
50,ornamentals,2002,0,NA
50,ornamentals,2003,0,NA
50,ornamentals,2004,0,NA
50,ornamentals,2005,0,NA
50,ornamentals,2006,0,NA
50,ornamentals,2007,0,NA
50,ornamentals,2008,0,NA
50,ornamentals,2009,0,NA
50,ornamentals,2010,1,prod_average
50,ornamentals,2011,1,prod_average
50,ornamentals,2012,1,prod_average
50,ornamentals,2013,1,prod_average
50,ornamentals,2014,1,prod_average
50,ornamentals,2015,1,prod_average
50,ornamentals,2016,1,prod_average
50,ornamentals,2017,1,prod_average
50,ornamentals,2018,1,prod_average
50,ornamentals,2019,1,prod_average
50,ornamentals,2020,1,prod_average
50,ornamentals,2021,1,prod_average
50,ornamentals,2022,1,prod_average
52,ornamentals,1994,0,NA
52,ornamentals,1995,0,NA
52,ornamentals,1996,0,NA
52,ornamentals,1997,0,NA
52,ornamentals,1998,0,NA
52,ornamentals,1999,0,NA
52,ornamentals,2000,0,NA
52,ornamentals,2001,0,NA
52,ornamentals,2002,0,NA
52,ornamentals,2003,0,NA
52,ornamentals,2004,0,NA
52,ornamentals,2005,0,NA
52,ornamentals,2006,0,NA
52,ornamentals,2007,0,NA
52,ornamentals,2008,0,NA
52,ornamentals,2009,0,NA
52,ornamentals,2010,0,NA
52,ornamentals,2011,0,NA
52,ornamentals,2012,0,NA
52,ornamentals,2013,0,NA
52,ornamentals,2014,0,NA
52,ornamentals,2015,0,NA
52,ornamentals,2016,0,NA
52,ornamentals,2017,0,NA
52,ornamentals,2018,0,NA
52,ornamentals,2019,0,NA
52,ornamentals,2020,0,NA
52,ornamentals,2021,0,NA
52,ornamentals,2022,0,NA
54,ornamentals,1995,0,NA
54,ornamentals,1996,0,NA
54,ornamentals,1997,0,NA
54,ornamentals,1998,0,NA
54,ornamentals,1999,0,NA
54,ornamentals,2000,0,NA
54,ornamentals,2001,0,NA
54,ornamentals,2002,0,NA
54,ornamentals,2003,0,NA
54,ornamentals,2004,0,NA
54,ornamentals,2005,0,NA
54,ornamentals,2006,0,NA
54,ornamentals,2007,0,NA
54,ornamentals,2008,0,NA
54,ornamentals,2009,0,NA
54,ornamentals,2010,0,NA
54,ornamentals,2011,0,NA
54,ornamentals,2012,0,NA
54,ornamentals,2013,0,NA
54,ornamentals,2014,0,NA
54,ornamentals,2015,0,NA
54,ornamentals,2016,0,NA
54,ornamentals,2017,0,NA
54,ornamentals,2018,0,NA
54,ornamentals,2019,0,NA
54,ornamentals,2020,0,NA
54,ornamentals,2021,0,NA
54,ornamentals,2022,0,NA
61,ornamentals,1990,0,NA
61,ornamentals,1991,1,prod_average
61,ornamentals,1992,1,prod_average
61,ornamentals,1993,1,prod_average
61,ornamentals,1994,1,prod_average
61,ornamentals,1995,1,prod_average
61,ornamentals,1996,1,prod_average
61,ornamentals,1997,1,prod_average
61,ornamentals,1998,1,prod_average
61,ornamentals,1999,1,prod_average
61,ornamentals,2000,1,prod_average
61,ornamentals,2001,1,prod_average
61,ornamentals,2002,1,prod_average
61,ornamentals,2003,1,prod_average
61,ornamentals,2004,1,prod_average
61,ornamentals,2005,1,prod_average
61,ornamentals,2006,1,prod_average
61,ornamentals,2007,1,prod_average
61,ornamentals,2008,0,NA
61,ornamentals,2009,0,NA
61,ornamentals,2010,0,NA
61,ornamentals,2011,1,prod_average
61,ornamentals,2012,1,prod_average
61,ornamentals,2013,1,prod_average
61,ornamentals,2014,1,prod_average
61,ornamentals,2015,1,prod_average
61,ornamentals,2016,1,prod_average
61,ornamentals,2017,1,prod_average
61,ornamentals,2018,1,prod_average
61,ornamentals,2019,1,prod_average
61,ornamentals,2020,1,prod_average
61,ornamentals,2021,1,prod_average
61,ornamentals,2022,1,prod_average
62,ornamentals,2002,0,NA
62,ornamentals,2003,0,NA
62,ornamentals,2004,0,NA
62,ornamentals,2005,0,NA
62,ornamentals,2006,0,NA
62,ornamentals,2007,0,NA
62,ornamentals,2008,0,NA
62,ornamentals,2009,1,prod_average
62,ornamentals,2010,1,prod_average
62,ornamentals,2011,1,prod_average
62,ornamentals,2012,1,prod_average
62,ornamentals,2013,1,prod_average
62,ornamentals,2014,1,prod_average
62,ornamentals,2015,1,prod_average
62,ornamentals,2016,1,prod_average
62,ornamentals,2017,1,prod_average
62,ornamentals,2018,1,prod_average
62,ornamentals,2019,1,prod_average
62,ornamentals,2020,1,prod_average
62,ornamentals,2021,1,prod_average
62,ornamentals,2022,1,prod_average
67,ornamentals,1997,0,NA
67,ornamentals,1998,0,NA
67,ornamentals,1999,0,NA
67,ornamentals,2000,0,NA
67,ornamentals,2001,0,NA
67,ornamentals,2002,0,NA
67,ornamentals,2003,0,NA
67,ornamentals,2004,0,NA
67,ornamentals,2005,0,NA
67,ornamentals,2006,0,NA
67,ornamentals,2007,0,NA
67,ornamentals,2008,0,NA
67,ornamentals,2009,0,NA
67,ornamentals,2010,0,NA
67,ornamentals,2011,0,NA
67,ornamentals,2012,0,NA
67,ornamentals,2013,0,NA
67,ornamentals,2014,0,NA
67,ornamentals,2015,0,NA
67,ornamentals,2016,0,NA
67,ornamentals,2017,0,NA
67,ornamentals,2018,0,NA
67,ornamentals,2019,0,NA
67,ornamentals,2020,0,NA
67,ornamentals,2021,0,NA
67,ornamentals,2022,0,NA
71,ornamentals,1999,0,NA
71,ornamentals,2000,0,NA
71,ornamentals,2001,0,NA
71,ornamentals,2002,0,NA
71,ornamentals,2003,0,NA
71,ornamentals,2004,0,NA
71,ornamentals,2005,0,NA
71,ornamentals,2006,0,NA
71,ornamentals,2007,0,NA
71,ornamentals,2008,0,NA
71,ornamentals,2009,0,NA
71,ornamentals,2010,0,NA
71,ornamentals,2011,0,NA
71,ornamentals,2012,0,NA
71,ornamentals,2013,0,NA
71,ornamentals,2014,0,NA
71,ornamentals,2015,0,NA
71,ornamentals,2016,0,NA
71,ornamentals,2017,0,NA
71,ornamentals,2018,0,NA
71,ornamentals,2019,0,NA
71,ornamentals,2020,0,NA
71,ornamentals,2021,0,NA
71,ornamentals,2022,0,NA
76,ornamentals,2004,0,NA
76,ornamentals,2005,0,NA
76,ornamentals,2006,0,NA
76,ornamentals,2007,0,NA
76,ornamentals,2008,0,NA
76,ornamentals,2009,0,NA
76,ornamentals,2010,0,NA
76,ornamentals,2011,0,NA
76,ornamentals,2012,0,NA
76,ornamentals,2013,0,NA
76,ornamentals,2014,0,NA
76,ornamentals,2015,0,NA
76,ornamentals,2016,0,NA
76,ornamentals,2017,0,NA
76,ornamentals,2018,0,NA
76,ornamentals,2019,0,NA
76,ornamentals,2020,0,NA
76,ornamentals,2021,0,NA
76,ornamentals,2022,0,NA
77,ornamentals,2001,0,NA
77,ornamentals,2002,0,NA
77,ornamentals,2003,0,NA
77,ornamentals,2004,0,NA
77,ornamentals,2005,0,NA
77,ornamentals,2006,0,NA
77,ornamentals,2007,0,NA
77,ornamentals,2008,0,NA
77,ornamentals,2009,0,NA
77,ornamentals,2010,0,NA
77,ornamentals,2011,0,NA
77,ornamentals,2012,0,NA
77,ornamentals,2013,0,NA
77,ornamentals,2014,0,NA
77,ornamentals,2015,0,NA
77,ornamentals,2016,0,NA
77,ornamentals,2017,0,NA
77,ornamentals,2018,0,NA
77,ornamentals,2019,0,NA
77,ornamentals,2020,0,NA
77,ornamentals,2021,0,NA
77,ornamentals,2022,0,NA
78,ornamentals,2012,0,NA
78,ornamentals,2013,0,NA
78,ornamentals,2014,0,NA
78,ornamentals,2015,0,NA
78,ornamentals,2016,0,NA
78,ornamentals,2017,0,NA
78,ornamentals,2018,0,NA
78,ornamentals,2019,0,NA
78,ornamentals,2020,0,NA
78,ornamentals,2021,0,NA
78,ornamentals,2022,0,NA
79,ornamentals,1976,0,NA
79,ornamentals,1977,0,NA
79,ornamentals,1978,0,NA
79,ornamentals,1979,0,NA
79,ornamentals,1980,0,NA
79,ornamentals,1981,0,NA
79,ornamentals,1982,0,NA
79,ornamentals,1983,0,NA
79,ornamentals,1984,0,NA
79,ornamentals,1985,0,NA
79,ornamentals,1986,0,NA
79,ornamentals,1987,0,NA
79,ornamentals,1988,0,NA
79,ornamentals,1989,0,NA
79,ornamentals,1990,0,NA
79,ornamentals,1991,0,NA
79,ornamentals,1992,0,NA
79,ornamentals,1993,0,NA
79,ornamentals,1994,0,NA
79,ornamentals,1995,0,NA
79,ornamentals,1996,0,NA
79,ornamentals,1997,0,NA
79,ornamentals,1998,0,NA
79,ornamentals,1999,0,NA
79,ornamentals,2000,0,NA
79,ornamentals,2001,0,NA
79,ornamentals,2002,0,NA
79,ornamentals,2003,0,NA
79,ornamentals,2004,0,NA
79,ornamentals,2005,0,NA
79,ornamentals,2006,0,NA
79,ornamentals,2007,0,NA
79,ornamentals,2008,0,NA
79,ornamentals,2009,0,NA
79,ornamentals,2010,0,NA
79,ornamentals,2011,0,NA
79,ornamentals,2012,0,NA
79,ornamentals,2013,0,NA
79,ornamentals,2014,0,NA
79,ornamentals,2015,0,NA
79,ornamentals,2016,0,NA
79,ornamentals,2017,0,NA
79,ornamentals,2018,0,NA
79,ornamentals,2019,0,NA
79,ornamentals,2020,0,NA
79,ornamentals,2021,0,NA
79,ornamentals,2022,0,NA
80,ornamentals,1991,0,NA
80,ornamentals,1992,1,prod_average
80,ornamentals,1993,0,NA
80,ornamentals,1994,0,NA
80,ornamentals,1995,1,prod_average
80,ornamentals,1996,0,NA
80,ornamentals,1997,0,NA
80,ornamentals,1998,0,NA
80,ornamentals,1999,0,NA
80,ornamentals,2000,0,NA
80,ornamentals,2001,0,NA
80,ornamentals,2002,0,NA
80,ornamentals,2003,0,NA
80,ornamentals,2004,0,NA
80,ornamentals,2005,0,NA
80,ornamentals,2006,0,NA
80,ornamentals,2007,0,NA
80,ornamentals,2008,0,NA
80,ornamentals,2009,0,NA
80,ornamentals,2010,0,NA
80,ornamentals,2011,0,NA
80,ornamentals,2012,1,prod_average
80,ornamentals,2013,1,prod_average
80,ornamentals,2014,1,prod_average
80,ornamentals,2015,1,prod_average
80,ornamentals,2016,1,prod_average
80,ornamentals,2017,1,prod_average
80,ornamentals,2018,1,prod_average
80,ornamentals,2019,1,prod_average
80,ornamentals,2020,1,prod_average
80,ornamentals,2021,1,prod_average
80,ornamentals,2022,1,prod_average
82,ornamentals,2000,0,NA
82,ornamentals,2001,1,prod_average
82,ornamentals,2002,1,prod_average
82,ornamentals,2003,1,prod_average
82,ornamentals,2004,0,NA
82,ornamentals,2005,0,NA
82,ornamentals,2006,0,NA
82,ornamentals,2007,1,prod_average
82,ornamentals,2008,0,NA
82,ornamentals,2009,0,NA
82,ornamentals,2010,1,prod_average
82,ornamentals,2011,1,prod_average
82,ornamentals,2012,1,prod_average
82,ornamentals,2013,1,prod_average
82,ornamentals,2014,1,prod_average
82,ornamentals,2015,1,prod_average
82,ornamentals,2016,1,prod_average
82,ornamentals,2017,1,prod_average
82,ornamentals,2018,1,prod_average
82,ornamentals,2019,1,prod_average
82,ornamentals,2020,1,prod_average
82,ornamentals,2021,1,prod_average
82,ornamentals,2022,1,prod_average
84,ornamentals,2001,0,NA
84,ornamentals,2002,0,NA
84,ornamentals,2003,0,NA
84,ornamentals,2004,0,NA
84,ornamentals,2005,0,NA
84,ornamentals,2006,1,prod_average
84,ornamentals,2007,0,NA
84,ornamentals,2008,1,prod_average
84,ornamentals,2009,1,prod_average
84,ornamentals,2010,1,prod_average
84,ornamentals,2011,1,prod_average
84,ornamentals,2012,1,prod_average
84,ornamentals,2013,1,prod_average
84,ornamentals,2014,1,prod_average
84,ornamentals,2015,1,prod_average
84,ornamentals,2016,1,prod_average
84,ornamentals,2017,1,prod_average
84,ornamentals,2018,1,prod_average
84,ornamentals,2019,1,prod_average
84,ornamentals,2020,1,prod_average
84,ornamentals,2021,1,prod_average
84,ornamentals,2022,1,prod_average
100,ornamentals,1995,1,prod_average
100,ornamentals,1996,0,NA
100,ornamentals,1997,0,NA
100,ornamentals,1998,0,NA
100,ornamentals,1999,0,NA
100,ornamentals,2000,0,NA
100,ornamentals,2001,0,NA
100,ornamentals,2002,0,NA
100,ornamentals,2003,0,NA
100,ornamentals,2004,0,NA
100,ornamentals,2005,1,prod_average
100,ornamentals,2006,0,NA
100,ornamentals,2007,1,prod_average
100,ornamentals,2008,1,prod_average
100,ornamentals,2009,1,prod_average
100,ornamentals,2010,1,prod_average
100,ornamentals,2011,1,prod_average
100,ornamentals,2012,1,prod_average
100,ornamentals,2013,1,prod_average
100,ornamentals,2014,1,prod_average
100,ornamentals,2015,1,prod_average
100,ornamentals,2016,1,prod_average
100,ornamentals,2017,1,prod_average
100,ornamentals,2018,1,prod_average
100,ornamentals,2019,1,prod_average
100,ornamentals,2020,1,prod_average
100,ornamentals,2021,1,prod_average
100,ornamentals,2022,1,prod_average
102,ornamentals,1985,0,NA
102,ornamentals,1986,0,NA
102,ornamentals,1987,0,NA
102,ornamentals,1988,0,NA
102,ornamentals,1989,0,NA
102,ornamentals,1990,0,NA
102,ornamentals,1991,0,NA
102,ornamentals,1992,0,NA
102,ornamentals,1993,0,NA
102,ornamentals,1994,0,NA
102,ornamentals,1995,0,NA
102,ornamentals,1996,0,NA
102,ornamentals,1997,0,NA
102,ornamentals,1998,0,NA
102,ornamentals,1999,0,NA
102,ornamentals,2000,0,NA
102,ornamentals,2001,0,NA
102,ornamentals,2002,0,NA
102,ornamentals,2003,0,NA
102,ornamentals,2004,0,NA
102,ornamentals,2005,0,NA
102,ornamentals,2006,0,NA
102,ornamentals,2007,0,NA
102,ornamentals,2008,0,NA
102,ornamentals,2009,0,NA
102,ornamentals,2010,0,NA
102,ornamentals,2011,0,NA
102,ornamentals,2012,0,NA
102,ornamentals,2013,0,NA
102,ornamentals,2014,0,NA
102,ornamentals,2015,0,NA
102,ornamentals,2016,0,NA
102,ornamentals,2017,0,NA
102,ornamentals,2018,0,NA
102,ornamentals,2019,0,NA
102,ornamentals,2020,0,NA
102,ornamentals,2021,0,NA
102,ornamentals,2022,0,NA
103,ornamentals,1997,1,prod_average
103,ornamentals,1998,1,prod_average
103,ornamentals,1999,1,prod_average
103,ornamentals,2000,1,prod_average
103,ornamentals,2001,1,prod_average
103,ornamentals,2002,1,prod_average
103,ornamentals,2003,1,prod_average
103,ornamentals,2004,1,prod_average
103,ornamentals,2005,1,prod_average
103,ornamentals,2006,1,prod_average
103,ornamentals,2007,1,prod_average
103,ornamentals,2008,1,prod_average
103,ornamentals,2009,1,prod_average
103,ornamentals,2010,1,prod_average
103,ornamentals,2011,1,prod_average
103,ornamentals,2012,1,prod_average
103,ornamentals,2013,1,prod_average
103,ornamentals,2014,1,prod_average
103,ornamentals,2015,1,prod_average
103,ornamentals,2016,1,prod_average
103,ornamentals,2017,1,prod_average
103,ornamentals,2018,1,prod_average
103,ornamentals,2019,1,prod_average
103,ornamentals,2020,1,prod_average
103,ornamentals,2021,1,prod_average
103,ornamentals,2022,1,prod_average
104,ornamentals,1995,1,prod_average
104,ornamentals,1996,1,prod_average
104,ornamentals,1997,1,prod_average
104,ornamentals,1998,1,prod_average
104,ornamentals,1999,1,prod_average
104,ornamentals,2000,1,prod_average
104,ornamentals,2001,1,prod_average
104,ornamentals,2002,1,prod_average
104,ornamentals,2003,1,prod_average
104,ornamentals,2004,1,prod_average
104,ornamentals,2005,1,prod_average
104,ornamentals,2006,1,prod_average
104,ornamentals,2007,1,prod_average
104,ornamentals,2008,1,prod_average
104,ornamentals,2009,1,prod_average
104,ornamentals,2010,1,prod_average
104,ornamentals,2011,1,prod_average
104,ornamentals,2012,1,prod_average
104,ornamentals,2013,1,prod_average
104,ornamentals,2014,1,prod_average
104,ornamentals,2015,1,prod_average
104,ornamentals,2016,1,prod_average
104,ornamentals,2017,1,prod_average
104,ornamentals,2018,1,prod_average
104,ornamentals,2019,1,prod_average
104,ornamentals,2020,1,prod_average
104,ornamentals,2021,1,prod_average
104,ornamentals,2022,1,prod_average
106,ornamentals,1986,0,NA
106,ornamentals,1987,0,NA
106,ornamentals,1988,0,NA
106,ornamentals,1989,0,NA
106,ornamentals,1990,0,NA
106,ornamentals,1991,0,NA
106,ornamentals,1992,0,NA
106,ornamentals,1993,0,NA
106,ornamentals,1994,0,NA
106,ornamentals,1995,0,NA
106,ornamentals,1996,0,NA
106,ornamentals,1997,0,NA
106,ornamentals,1998,0,NA
106,ornamentals,1999,0,NA
106,ornamentals,2000,0,NA
106,ornamentals,2001,0,NA
106,ornamentals,2002,0,NA
106,ornamentals,2003,0,NA
106,ornamentals,2004,0,NA
106,ornamentals,2005,0,NA
106,ornamentals,2006,0,NA
106,ornamentals,2007,0,NA
106,ornamentals,2008,0,NA
106,ornamentals,2009,0,NA
106,ornamentals,2010,0,NA
106,ornamentals,2011,0,NA
106,ornamentals,2012,0,NA
106,ornamentals,2013,0,NA
106,ornamentals,2014,0,NA
106,ornamentals,2015,0,NA
106,ornamentals,2016,0,NA
106,ornamentals,2017,0,NA
106,ornamentals,2018,0,NA
106,ornamentals,2019,0,NA
106,ornamentals,2020,0,NA
106,ornamentals,2021,0,NA
106,ornamentals,2022,0,NA
112,ornamentals,1999,0,NA
112,ornamentals,2000,0,NA
112,ornamentals,2001,0,NA
112,ornamentals,2002,0,NA
112,ornamentals,2003,0,NA
112,ornamentals,2004,0,NA
112,ornamentals,2005,0,NA
112,ornamentals,2006,0,NA
112,ornamentals,2007,0,NA
112,ornamentals,2008,0,NA
112,ornamentals,2009,0,NA
112,ornamentals,2010,0,NA
112,ornamentals,2011,0,NA
112,ornamentals,2012,0,NA
112,ornamentals,2013,0,NA
112,ornamentals,2014,0,NA
112,ornamentals,2015,0,NA
112,ornamentals,2016,0,NA
112,ornamentals,2017,0,NA
112,ornamentals,2018,0,NA
112,ornamentals,2019,0,NA
112,ornamentals,2020,0,NA
112,ornamentals,2021,0,NA
112,ornamentals,2022,0,NA
114,ornamentals,1996,0,NA
114,ornamentals,1997,0,NA
114,ornamentals,1998,0,NA
114,ornamentals,1999,0,NA
114,ornamentals,2000,0,NA
114,ornamentals,2001,0,NA
114,ornamentals,2002,0,NA
114,ornamentals,2003,0,NA
114,ornamentals,2004,0,NA
114,ornamentals,2005,0,NA
114,ornamentals,2006,0,NA
114,ornamentals,2007,0,NA
114,ornamentals,2008,0,NA
114,ornamentals,2009,0,NA
114,ornamentals,2010,0,NA
114,ornamentals,2011,0,NA
114,ornamentals,2012,0,NA
114,ornamentals,2013,0,NA
114,ornamentals,2014,0,NA
114,ornamentals,2015,0,NA
114,ornamentals,2016,0,NA
114,ornamentals,2017,0,NA
114,ornamentals,2018,0,NA
114,ornamentals,2019,0,NA
114,ornamentals,2020,0,NA
114,ornamentals,2021,0,NA
114,ornamentals,2022,0,NA
115,ornamentals,1979,0,NA
115,ornamentals,1980,0,NA
115,ornamentals,1981,0,NA
115,ornamentals,1982,0,NA
115,ornamentals,1983,0,NA
115,ornamentals,1984,0,NA
115,ornamentals,1985,0,NA
115,ornamentals,1986,0,NA
115,ornamentals,1987,0,NA
115,ornamentals,1988,0,NA
115,ornamentals,1989,0,NA
115,ornamentals,1990,0,NA
115,ornamentals,1991,0,NA
115,ornamentals,1992,0,NA
115,ornamentals,1993,0,NA
115,ornamentals,1994,0,NA
115,ornamentals,1995,0,NA
115,ornamentals,1996,0,NA
115,ornamentals,1997,0,NA
115,ornamentals,1998,0,NA
115,ornamentals,1999,0,NA
115,ornamentals,2000,0,NA
115,ornamentals,2001,0,NA
115,ornamentals,2002,0,NA
115,ornamentals,2003,0,NA
115,ornamentals,2004,0,NA
115,ornamentals,2005,0,NA
115,ornamentals,2006,0,NA
115,ornamentals,2007,0,NA
115,ornamentals,2008,0,NA
115,ornamentals,2009,0,NA
115,ornamentals,2010,0,NA
115,ornamentals,2011,0,NA
115,ornamentals,2012,0,NA
115,ornamentals,2013,0,NA
115,ornamentals,2014,0,NA
115,ornamentals,2015,0,NA
115,ornamentals,2016,0,NA
115,ornamentals,2017,0,NA
115,ornamentals,2018,0,NA
115,ornamentals,2019,0,NA
115,ornamentals,2020,0,NA
115,ornamentals,2021,0,NA
115,ornamentals,2022,0,NA
124,ornamentals,1976,0,NA
124,ornamentals,1977,0,NA
124,ornamentals,1978,0,NA
124,ornamentals,1979,0,NA
124,ornamentals,1980,0,NA
124,ornamentals,1981,0,NA
124,ornamentals,1982,0,NA
124,ornamentals,1983,0,NA
124,ornamentals,1984,0,NA
124,ornamentals,1985,0,NA
124,ornamentals,1986,0,NA
124,ornamentals,1987,0,NA
124,ornamentals,1988,0,NA
124,ornamentals,1989,0,NA
124,ornamentals,1990,0,NA
124,ornamentals,1991,0,NA
124,ornamentals,1992,0,NA
124,ornamentals,1993,0,NA
124,ornamentals,1994,0,NA
124,ornamentals,1995,0,NA
124,ornamentals,1996,0,NA
124,ornamentals,1997,0,NA
124,ornamentals,1998,0,NA
124,ornamentals,1999,0,NA
124,ornamentals,2000,0,NA
124,ornamentals,2001,0,NA
124,ornamentals,2002,0,NA
124,ornamentals,2003,0,NA
124,ornamentals,2004,0,NA
124,ornamentals,2005,0,NA
124,ornamentals,2006,0,NA
124,ornamentals,2007,0,NA
124,ornamentals,2008,0,NA
124,ornamentals,2009,0,NA
124,ornamentals,2010,0,NA
124,ornamentals,2011,0,NA
124,ornamentals,2012,0,NA
124,ornamentals,2013,0,NA
124,ornamentals,2014,0,NA
124,ornamentals,2015,0,NA
124,ornamentals,2016,0,NA
124,ornamentals,2017,0,NA
124,ornamentals,2018,0,NA
124,ornamentals,2019,0,NA
124,ornamentals,2020,0,NA
124,ornamentals,2021,0,NA
124,ornamentals,2022,0,NA
126,ornamentals,1976,0,NA
126,ornamentals,1977,0,NA
126,ornamentals,1978,0,NA
126,ornamentals,1979,0,NA
126,ornamentals,1980,0,NA
126,ornamentals,1981,0,NA
126,ornamentals,1982,0,NA
126,ornamentals,1983,0,NA
126,ornamentals,1984,0,NA
126,ornamentals,1985,0,NA
126,ornamentals,1986,0,NA
126,ornamentals,1987,0,NA
126,ornamentals,1988,0,NA
126,ornamentals,1989,0,NA
126,ornamentals,1990,0,NA
126,ornamentals,1991,0,NA
126,ornamentals,1992,0,NA
126,ornamentals,1993,0,NA
126,ornamentals,1994,0,NA
126,ornamentals,1995,0,NA
126,ornamentals,1996,0,NA
126,ornamentals,1997,0,NA
126,ornamentals,1998,0,NA
126,ornamentals,1999,0,NA
126,ornamentals,2000,0,NA
126,ornamentals,2001,0,NA
126,ornamentals,2002,0,NA
126,ornamentals,2003,0,NA
126,ornamentals,2004,0,NA
126,ornamentals,2005,0,NA
126,ornamentals,2006,0,NA
126,ornamentals,2007,0,NA
126,ornamentals,2008,0,NA
126,ornamentals,2009,0,NA
126,ornamentals,2010,0,NA
126,ornamentals,2011,0,NA
126,ornamentals,2012,0,NA
126,ornamentals,2013,0,NA
126,ornamentals,2014,0,NA
126,ornamentals,2015,0,NA
126,ornamentals,2016,0,NA
126,ornamentals,2017,0,NA
126,ornamentals,2018,0,NA
126,ornamentals,2019,0,NA
126,ornamentals,2020,0,NA
126,ornamentals,2021,0,NA
126,ornamentals,2022,0,NA
129,ornamentals,1989,0,NA
129,ornamentals,1990,0,NA
129,ornamentals,1991,0,NA
129,ornamentals,1992,0,NA
129,ornamentals,1993,0,NA
129,ornamentals,1994,0,NA
129,ornamentals,1995,1,prod_average
129,ornamentals,1996,1,prod_average
129,ornamentals,1997,1,prod_average
129,ornamentals,1998,1,prod_average
129,ornamentals,1999,1,prod_average
129,ornamentals,2000,1,prod_average
129,ornamentals,2001,1,prod_average
129,ornamentals,2002,1,prod_average
129,ornamentals,2003,1,prod_average
129,ornamentals,2004,1,prod_average
129,ornamentals,2005,1,prod_average
129,ornamentals,2006,1,prod_average
129,ornamentals,2007,1,prod_average
129,ornamentals,2008,1,prod_average
129,ornamentals,2009,1,prod_average
129,ornamentals,2010,1,prod_average
129,ornamentals,2011,1,prod_average
129,ornamentals,2012,1,prod_average
129,ornamentals,2013,1,prod_average
129,ornamentals,2014,1,prod_average
129,ornamentals,2015,1,prod_average
129,ornamentals,2016,1,prod_average
129,ornamentals,2017,1,prod_average
129,ornamentals,2018,1,prod_average
129,ornamentals,2019,1,prod_average
129,ornamentals,2020,1,prod_average
129,ornamentals,2021,1,prod_average
129,ornamentals,2022,1,prod_average
130,ornamentals,1984,0,NA
130,ornamentals,1985,0,NA
130,ornamentals,1986,0,NA
130,ornamentals,1987,0,NA
130,ornamentals,1988,0,NA
130,ornamentals,1989,0,NA
130,ornamentals,1990,0,NA
130,ornamentals,1991,0,NA
130,ornamentals,1992,0,NA
130,ornamentals,1993,0,NA
130,ornamentals,1994,0,NA
130,ornamentals,1995,0,NA
130,ornamentals,1996,0,NA
130,ornamentals,1997,0,NA
130,ornamentals,1998,0,NA
130,ornamentals,1999,0,NA
130,ornamentals,2000,0,NA
130,ornamentals,2001,0,NA
130,ornamentals,2002,0,NA
130,ornamentals,2003,0,NA
130,ornamentals,2004,0,NA
130,ornamentals,2005,0,NA
130,ornamentals,2006,0,NA
130,ornamentals,2007,0,NA
130,ornamentals,2008,0,NA
130,ornamentals,2009,0,NA
130,ornamentals,2010,0,NA
130,ornamentals,2011,0,NA
130,ornamentals,2012,0,NA
130,ornamentals,2013,0,NA
130,ornamentals,2014,0,NA
130,ornamentals,2015,0,NA
130,ornamentals,2016,0,NA
130,ornamentals,2017,0,NA
130,ornamentals,2018,0,NA
130,ornamentals,2019,0,NA
130,ornamentals,2020,0,NA
130,ornamentals,2021,0,NA
130,ornamentals,2022,0,NA
131,ornamentals,1993,0,NA
131,ornamentals,1994,0,NA
131,ornamentals,1995,0,NA
131,ornamentals,1996,0,NA
131,ornamentals,1997,0,NA
131,ornamentals,1998,0,NA
131,ornamentals,1999,0,NA
131,ornamentals,2000,0,NA
131,ornamentals,2001,0,NA
131,ornamentals,2002,0,NA
131,ornamentals,2003,0,NA
131,ornamentals,2004,0,NA
131,ornamentals,2005,0,NA
131,ornamentals,2006,0,NA
131,ornamentals,2007,0,NA
131,ornamentals,2008,0,NA
131,ornamentals,2009,0,NA
131,ornamentals,2010,0,NA
131,ornamentals,2011,0,NA
131,ornamentals,2012,0,NA
131,ornamentals,2013,0,NA
131,ornamentals,2014,0,NA
131,ornamentals,2015,0,NA
131,ornamentals,2016,0,NA
131,ornamentals,2017,0,NA
131,ornamentals,2018,0,NA
131,ornamentals,2019,0,NA
131,ornamentals,2020,0,NA
131,ornamentals,2021,0,NA
131,ornamentals,2022,0,NA
132,ornamentals,1976,0,NA
132,ornamentals,1977,0,NA
132,ornamentals,1978,0,NA
132,ornamentals,1979,0,NA
132,ornamentals,1980,0,NA
132,ornamentals,1981,0,NA
132,ornamentals,1982,0,NA
132,ornamentals,1983,0,NA
132,ornamentals,1984,0,NA
132,ornamentals,1985,0,NA
132,ornamentals,1986,0,NA
132,ornamentals,1987,0,NA
132,ornamentals,1988,0,NA
132,ornamentals,1989,0,NA
132,ornamentals,1990,0,NA
132,ornamentals,1991,0,NA
132,ornamentals,1992,0,NA
132,ornamentals,1993,0,NA
132,ornamentals,1994,0,NA
132,ornamentals,1995,0,NA
132,ornamentals,1996,0,NA
132,ornamentals,1997,0,NA
132,ornamentals,1998,0,NA
132,ornamentals,1999,0,NA
132,ornamentals,2000,0,NA
132,ornamentals,2001,0,NA
132,ornamentals,2002,0,NA
132,ornamentals,2003,0,NA
132,ornamentals,2004,0,NA
132,ornamentals,2005,0,NA
132,ornamentals,2006,0,NA
132,ornamentals,2007,0,NA
132,ornamentals,2008,0,NA
132,ornamentals,2009,0,NA
132,ornamentals,2010,0,NA
132,ornamentals,2011,0,NA
132,ornamentals,2012,0,NA
132,ornamentals,2013,0,NA
132,ornamentals,2014,0,NA
132,ornamentals,2015,0,NA
132,ornamentals,2016,0,NA
132,ornamentals,2017,0,NA
132,ornamentals,2018,0,NA
132,ornamentals,2019,0,NA
132,ornamentals,2020,0,NA
132,ornamentals,2021,0,NA
132,ornamentals,2022,0,NA
133,ornamentals,1997,0,NA
133,ornamentals,1998,0,NA
133,ornamentals,1999,1,prod_average
133,ornamentals,2000,0,NA
133,ornamentals,2001,0,NA
133,ornamentals,2002,1,prod_average
133,ornamentals,2003,1,prod_average
133,ornamentals,2004,1,prod_average
133,ornamentals,2005,0,NA
133,ornamentals,2006,1,prod_average
133,ornamentals,2007,1,prod_average
133,ornamentals,2008,1,prod_average
133,ornamentals,2009,1,prod_average
133,ornamentals,2010,1,prod_average
133,ornamentals,2011,1,prod_average
133,ornamentals,2012,1,prod_average
133,ornamentals,2013,1,prod_average
133,ornamentals,2014,1,prod_average
133,ornamentals,2015,1,prod_average
133,ornamentals,2016,1,prod_average
133,ornamentals,2017,1,prod_average
133,ornamentals,2018,1,prod_average
133,ornamentals,2019,1,prod_average
133,ornamentals,2020,1,prod_average
133,ornamentals,2021,1,prod_average
133,ornamentals,2022,1,prod_average
134,ornamentals,1976,1,prod_average
134,ornamentals,1977,1,prod_average
134,ornamentals,1978,1,prod_average
134,ornamentals,1979,1,prod_average
134,ornamentals,1980,1,prod_average
134,ornamentals,1981,1,prod_average
134,ornamentals,1982,1,prod_average
134,ornamentals,1983,1,prod_average
134,ornamentals,1984,1,prod_average
134,ornamentals,1985,1,prod_average
134,ornamentals,1986,1,prod_average
134,ornamentals,1987,1,prod_average
134,ornamentals,1988,0,NA
134,ornamentals,1989,1,prod_average
134,ornamentals,1990,1,prod_average
134,ornamentals,1991,1,prod_average
134,ornamentals,1992,1,prod_average
134,ornamentals,1993,1,prod_average
134,ornamentals,1994,1,prod_average
134,ornamentals,1995,0,NA
134,ornamentals,1996,0,NA
134,ornamentals,1997,0,NA
134,ornamentals,1998,1,prod_average
134,ornamentals,1999,1,prod_average
134,ornamentals,2000,0,NA
134,ornamentals,2001,1,prod_average
134,ornamentals,2002,1,prod_average
134,ornamentals,2003,1,prod_average
134,ornamentals,2004,1,prod_average
134,ornamentals,2005,1,prod_average
134,ornamentals,2006,1,prod_average
134,ornamentals,2007,1,prod_average
134,ornamentals,2008,1,prod_average
134,ornamentals,2009,1,prod_average
134,ornamentals,2010,1,prod_average
134,ornamentals,2011,1,prod_average
134,ornamentals,2012,1,prod_average
134,ornamentals,2013,1,prod_average
134,ornamentals,2014,1,prod_average
134,ornamentals,2015,1,prod_average
134,ornamentals,2016,1,prod_average
134,ornamentals,2017,1,prod_average
134,ornamentals,2018,1,prod_average
134,ornamentals,2019,1,prod_average
134,ornamentals,2020,1,prod_average
134,ornamentals,2021,1,prod_average
134,ornamentals,2022,1,prod_average
135,ornamentals,1976,0,NA
135,ornamentals,1977,0,NA
135,ornamentals,1978,0,NA
135,ornamentals,1979,0,NA
135,ornamentals,1980,0,NA
135,ornamentals,1981,0,NA
135,ornamentals,1982,0,NA
135,ornamentals,1983,0,NA
135,ornamentals,1984,0,NA
135,ornamentals,1985,0,NA
135,ornamentals,1986,0,NA
135,ornamentals,1987,0,NA
135,ornamentals,1988,0,NA
135,ornamentals,1989,0,NA
135,ornamentals,1990,0,NA
135,ornamentals,1991,0,NA
135,ornamentals,1992,0,NA
135,ornamentals,1993,0,NA
135,ornamentals,1994,0,NA
135,ornamentals,1995,0,NA
135,ornamentals,1996,0,NA
135,ornamentals,1997,0,NA
135,ornamentals,1998,0,NA
135,ornamentals,1999,0,NA
135,ornamentals,2000,0,NA
135,ornamentals,2001,0,NA
135,ornamentals,2002,0,NA
135,ornamentals,2003,0,NA
135,ornamentals,2004,0,NA
135,ornamentals,2005,0,NA
135,ornamentals,2006,0,NA
135,ornamentals,2007,0,NA
135,ornamentals,2008,0,NA
135,ornamentals,2009,0,NA
135,ornamentals,2010,0,NA
135,ornamentals,2011,0,NA
135,ornamentals,2012,0,NA
135,ornamentals,2013,0,NA
135,ornamentals,2014,0,NA
135,ornamentals,2015,0,NA
135,ornamentals,2016,0,NA
135,ornamentals,2017,0,NA
135,ornamentals,2018,0,NA
135,ornamentals,2019,0,NA
135,ornamentals,2020,0,NA
135,ornamentals,2021,0,NA
135,ornamentals,2022,0,NA
136,ornamentals,1978,0,NA
136,ornamentals,1979,1,prod_average
136,ornamentals,1980,1,prod_average
136,ornamentals,1981,1,prod_average
136,ornamentals,1982,1,prod_average
136,ornamentals,1983,1,prod_average
136,ornamentals,1984,1,prod_average
136,ornamentals,1985,1,prod_average
136,ornamentals,1986,1,prod_average
136,ornamentals,1987,0,NA
136,ornamentals,1988,1,prod_average
136,ornamentals,1989,1,prod_average
136,ornamentals,1990,0,NA
136,ornamentals,1991,1,prod_average
136,ornamentals,1992,1,prod_average
136,ornamentals,1993,1,prod_average
136,ornamentals,1994,1,prod_average
136,ornamentals,1995,1,prod_average
136,ornamentals,1996,1,prod_average
136,ornamentals,1997,1,prod_average
136,ornamentals,1998,0,NA
136,ornamentals,1999,0,NA
136,ornamentals,2000,1,prod_average
136,ornamentals,2001,1,prod_average
136,ornamentals,2002,1,prod_average
136,ornamentals,2003,1,prod_average
136,ornamentals,2004,1,prod_average
136,ornamentals,2005,1,prod_average
136,ornamentals,2006,1,prod_average
136,ornamentals,2007,0,NA
136,ornamentals,2008,0,NA
136,ornamentals,2009,0,NA
136,ornamentals,2010,1,prod_average
136,ornamentals,2011,1,prod_average
136,ornamentals,2012,1,prod_average
136,ornamentals,2013,1,prod_average
136,ornamentals,2014,1,prod_average
136,ornamentals,2015,1,prod_average
136,ornamentals,2016,1,prod_average
136,ornamentals,2017,1,prod_average
136,ornamentals,2018,1,prod_average
136,ornamentals,2019,1,prod_average
136,ornamentals,2020,1,prod_average
136,ornamentals,2021,1,prod_average
136,ornamentals,2022,1,prod_average
137,ornamentals,1976,0,NA
137,ornamentals,1977,0,NA
137,ornamentals,1978,0,NA
137,ornamentals,1979,0,NA
137,ornamentals,1980,0,NA
137,ornamentals,1981,0,NA
137,ornamentals,1982,0,NA
137,ornamentals,1983,0,NA
137,ornamentals,1984,0,NA
137,ornamentals,1985,0,NA
137,ornamentals,1986,0,NA
137,ornamentals,1987,0,NA
137,ornamentals,1988,0,NA
137,ornamentals,1989,0,NA
137,ornamentals,1990,0,NA
137,ornamentals,1991,0,NA
137,ornamentals,1992,0,NA
137,ornamentals,1993,0,NA
137,ornamentals,1994,0,NA
137,ornamentals,1995,0,NA
137,ornamentals,1996,0,NA
137,ornamentals,1997,0,NA
137,ornamentals,1998,0,NA
137,ornamentals,1999,0,NA
137,ornamentals,2000,0,NA
137,ornamentals,2001,0,NA
137,ornamentals,2002,0,NA
137,ornamentals,2003,0,NA
137,ornamentals,2004,0,NA
137,ornamentals,2005,0,NA
137,ornamentals,2006,0,NA
137,ornamentals,2007,0,NA
137,ornamentals,2008,0,NA
137,ornamentals,2009,0,NA
137,ornamentals,2010,0,NA
137,ornamentals,2011,0,NA
137,ornamentals,2012,0,NA
137,ornamentals,2013,0,NA
137,ornamentals,2014,0,NA
137,ornamentals,2015,0,NA
137,ornamentals,2016,0,NA
137,ornamentals,2017,0,NA
137,ornamentals,2018,0,NA
137,ornamentals,2019,0,NA
137,ornamentals,2020,0,NA
137,ornamentals,2021,0,NA
137,ornamentals,2022,0,NA
139,ornamentals,1976,0,NA
139,ornamentals,1977,0,NA
139,ornamentals,1978,0,NA
139,ornamentals,1979,0,NA
139,ornamentals,1980,0,NA
139,ornamentals,1981,0,NA
139,ornamentals,1982,0,NA
139,ornamentals,1983,0,NA
139,ornamentals,1984,0,NA
139,ornamentals,1985,0,NA
139,ornamentals,1986,0,NA
139,ornamentals,1987,0,NA
139,ornamentals,1988,0,NA
139,ornamentals,1989,0,NA
139,ornamentals,1990,0,NA
139,ornamentals,1991,0,NA
139,ornamentals,1992,0,NA
139,ornamentals,1993,0,NA
139,ornamentals,1994,0,NA
139,ornamentals,1995,0,NA
139,ornamentals,1996,0,NA
139,ornamentals,1997,0,NA
139,ornamentals,1998,0,NA
139,ornamentals,1999,0,NA
139,ornamentals,2000,0,NA
139,ornamentals,2001,0,NA
139,ornamentals,2002,0,NA
139,ornamentals,2003,0,NA
139,ornamentals,2004,0,NA
139,ornamentals,2005,0,NA
139,ornamentals,2006,0,NA
139,ornamentals,2007,0,NA
139,ornamentals,2008,0,NA
139,ornamentals,2009,0,NA
139,ornamentals,2010,0,NA
139,ornamentals,2011,0,NA
139,ornamentals,2012,0,NA
139,ornamentals,2013,0,NA
139,ornamentals,2014,0,NA
139,ornamentals,2015,0,NA
139,ornamentals,2016,0,NA
139,ornamentals,2017,0,NA
139,ornamentals,2018,0,NA
139,ornamentals,2019,0,NA
139,ornamentals,2020,0,NA
139,ornamentals,2021,0,NA
139,ornamentals,2022,0,NA
140,ornamentals,1988,0,NA
140,ornamentals,1989,0,NA
140,ornamentals,1990,0,NA
140,ornamentals,1991,0,NA
140,ornamentals,1992,0,NA
140,ornamentals,1993,0,NA
140,ornamentals,1994,0,NA
140,ornamentals,1995,0,NA
140,ornamentals,1996,1,prod_average
140,ornamentals,1997,1,prod_average
140,ornamentals,1998,1,prod_average
140,ornamentals,1999,1,prod_average
140,ornamentals,2000,1,prod_average
140,ornamentals,2001,1,prod_average
140,ornamentals,2002,1,prod_average
140,ornamentals,2003,1,prod_average
140,ornamentals,2004,1,prod_average
140,ornamentals,2005,1,prod_average
140,ornamentals,2006,1,prod_average
140,ornamentals,2007,1,prod_average
140,ornamentals,2008,1,prod_average
140,ornamentals,2009,1,prod_average
140,ornamentals,2010,1,prod_average
140,ornamentals,2011,1,prod_average
140,ornamentals,2012,1,prod_average
140,ornamentals,2013,1,prod_average
140,ornamentals,2014,1,prod_average
140,ornamentals,2015,1,prod_average
140,ornamentals,2016,1,prod_average
140,ornamentals,2017,1,prod_average
140,ornamentals,2018,1,prod_average
140,ornamentals,2019,1,prod_average
140,ornamentals,2020,1,prod_average
140,ornamentals,2021,1,prod_average
140,ornamentals,2022,1,prod_average
147,ornamentals,1976,0,NA
147,ornamentals,1977,0,NA
147,ornamentals,1978,0,NA
147,ornamentals,1979,0,NA
147,ornamentals,1980,0,NA
147,ornamentals,1981,0,NA
147,ornamentals,1982,0,NA
147,ornamentals,1983,0,NA
147,ornamentals,1984,0,NA
147,ornamentals,1985,0,NA
147,ornamentals,1986,0,NA
147,ornamentals,1987,0,NA
147,ornamentals,1988,0,NA
147,ornamentals,1989,0,NA
147,ornamentals,1990,0,NA
147,ornamentals,1991,0,NA
147,ornamentals,1992,0,NA
147,ornamentals,1993,0,NA
147,ornamentals,1994,0,NA
147,ornamentals,1995,0,NA
147,ornamentals,1996,0,NA
147,ornamentals,1997,0,NA
147,ornamentals,1998,0,NA
147,ornamentals,1999,0,NA
147,ornamentals,2000,0,NA
147,ornamentals,2001,0,NA
147,ornamentals,2002,0,NA
147,ornamentals,2003,0,NA
147,ornamentals,2004,0,NA
147,ornamentals,2005,0,NA
147,ornamentals,2006,0,NA
147,ornamentals,2007,0,NA
147,ornamentals,2008,0,NA
147,ornamentals,2009,0,NA
147,ornamentals,2010,0,NA
147,ornamentals,2011,0,NA
147,ornamentals,2012,0,NA
147,ornamentals,2013,0,NA
147,ornamentals,2014,0,NA
147,ornamentals,2015,0,NA
147,ornamentals,2016,0,NA
147,ornamentals,2017,0,NA
147,ornamentals,2018,0,NA
147,ornamentals,2019,0,NA
147,ornamentals,2020,0,NA
147,ornamentals,2021,0,NA
147,ornamentals,2022,0,NA
152,ornamentals,1995,0,NA
152,ornamentals,1996,0,NA
152,ornamentals,1997,0,NA
152,ornamentals,1998,0,NA
152,ornamentals,1999,0,NA
152,ornamentals,2000,1,prod_average
152,ornamentals,2001,1,prod_average
152,ornamentals,2002,0,NA
152,ornamentals,2003,1,prod_average
152,ornamentals,2004,1,prod_average
152,ornamentals,2005,1,prod_average
152,ornamentals,2006,1,prod_average
152,ornamentals,2007,0,NA
152,ornamentals,2008,1,prod_average
152,ornamentals,2009,1,prod_average
152,ornamentals,2010,0,NA
152,ornamentals,2011,1,prod_average
152,ornamentals,2012,1,prod_average
152,ornamentals,2013,1,prod_average
152,ornamentals,2014,1,prod_average
152,ornamentals,2015,1,prod_average
152,ornamentals,2016,1,prod_average
152,ornamentals,2017,1,prod_average
152,ornamentals,2018,1,prod_average
152,ornamentals,2019,1,prod_average
152,ornamentals,2020,1,prod_average
152,ornamentals,2021,1,prod_average
152,ornamentals,2022,1,prod_average
153,ornamentals,1992,0,NA
153,ornamentals,1993,0,NA
153,ornamentals,1994,0,NA
153,ornamentals,1995,0,NA
153,ornamentals,1996,0,NA
153,ornamentals,1997,0,NA
153,ornamentals,1998,0,NA
153,ornamentals,1999,0,NA
153,ornamentals,2000,0,NA
153,ornamentals,2001,0,NA
153,ornamentals,2002,0,NA
153,ornamentals,2003,0,NA
153,ornamentals,2004,0,NA
153,ornamentals,2005,0,NA
153,ornamentals,2006,0,NA
153,ornamentals,2007,0,NA
153,ornamentals,2008,0,NA
153,ornamentals,2009,0,NA
153,ornamentals,2010,0,NA
153,ornamentals,2011,0,NA
153,ornamentals,2012,0,NA
153,ornamentals,2013,0,NA
153,ornamentals,2014,0,NA
153,ornamentals,2015,0,NA
153,ornamentals,2016,0,NA
153,ornamentals,2017,0,NA
153,ornamentals,2018,0,NA
153,ornamentals,2019,0,NA
153,ornamentals,2020,0,NA
153,ornamentals,2021,0,NA
153,ornamentals,2022,0,NA
155,ornamentals,1999,0,NA
155,ornamentals,2000,0,NA
155,ornamentals,2001,0,NA
155,ornamentals,2002,0,NA
155,ornamentals,2003,0,NA
155,ornamentals,2004,0,NA
155,ornamentals,2005,0,NA
155,ornamentals,2006,0,NA
155,ornamentals,2007,0,NA
155,ornamentals,2008,0,NA
155,ornamentals,2009,0,NA
155,ornamentals,2010,0,NA
155,ornamentals,2011,0,NA
155,ornamentals,2012,0,NA
155,ornamentals,2013,0,NA
155,ornamentals,2014,0,NA
155,ornamentals,2015,0,NA
155,ornamentals,2016,0,NA
155,ornamentals,2017,0,NA
155,ornamentals,2018,0,NA
155,ornamentals,2019,0,NA
155,ornamentals,2020,0,NA
155,ornamentals,2021,0,NA
155,ornamentals,2022,0,NA
163,ornamentals,1976,0,NA
163,ornamentals,1977,0,NA
163,ornamentals,1978,0,NA
163,ornamentals,1979,0,NA
163,ornamentals,1980,0,NA
163,ornamentals,1981,0,NA
163,ornamentals,1982,0,NA
163,ornamentals,1983,0,NA
163,ornamentals,1984,0,NA
163,ornamentals,1985,0,NA
163,ornamentals,1986,0,NA
163,ornamentals,1987,0,NA
163,ornamentals,1988,0,NA
163,ornamentals,1989,0,NA
163,ornamentals,1990,0,NA
163,ornamentals,1991,0,NA
163,ornamentals,1992,0,NA
163,ornamentals,1993,0,NA
163,ornamentals,1994,0,NA
163,ornamentals,1995,0,NA
163,ornamentals,1996,0,NA
163,ornamentals,1997,0,NA
163,ornamentals,1998,0,NA
163,ornamentals,1999,0,NA
163,ornamentals,2000,0,NA
163,ornamentals,2001,0,NA
163,ornamentals,2002,0,NA
163,ornamentals,2003,0,NA
163,ornamentals,2004,0,NA
163,ornamentals,2005,0,NA
163,ornamentals,2006,0,NA
163,ornamentals,2007,0,NA
163,ornamentals,2008,0,NA
163,ornamentals,2009,0,NA
163,ornamentals,2010,0,NA
163,ornamentals,2011,0,NA
163,ornamentals,2012,0,NA
163,ornamentals,2013,0,NA
163,ornamentals,2014,0,NA
163,ornamentals,2015,0,NA
163,ornamentals,2016,0,NA
163,ornamentals,2017,0,NA
163,ornamentals,2018,0,NA
163,ornamentals,2019,0,NA
163,ornamentals,2020,0,NA
163,ornamentals,2021,0,NA
163,ornamentals,2022,0,NA
164,ornamentals,1977,0,NA
164,ornamentals,1978,0,NA
164,ornamentals,1979,0,NA
164,ornamentals,1980,0,NA
164,ornamentals,1981,0,NA
164,ornamentals,1982,0,NA
164,ornamentals,1983,0,NA
164,ornamentals,1984,0,NA
164,ornamentals,1985,0,NA
164,ornamentals,1986,0,NA
164,ornamentals,1987,0,NA
164,ornamentals,1988,0,NA
164,ornamentals,1989,0,NA
164,ornamentals,1990,0,NA
164,ornamentals,1991,0,NA
164,ornamentals,1992,0,NA
164,ornamentals,1993,0,NA
164,ornamentals,1994,0,NA
164,ornamentals,1995,0,NA
164,ornamentals,1996,0,NA
164,ornamentals,1997,0,NA
164,ornamentals,1998,0,NA
164,ornamentals,1999,0,NA
164,ornamentals,2000,0,NA
164,ornamentals,2001,0,NA
164,ornamentals,2002,0,NA
164,ornamentals,2003,0,NA
164,ornamentals,2004,0,NA
164,ornamentals,2005,0,NA
164,ornamentals,2006,0,NA
164,ornamentals,2007,0,NA
164,ornamentals,2008,0,NA
164,ornamentals,2009,0,NA
164,ornamentals,2010,0,NA
164,ornamentals,2011,0,NA
164,ornamentals,2012,0,NA
164,ornamentals,2013,0,NA
164,ornamentals,2014,0,NA
164,ornamentals,2015,0,NA
164,ornamentals,2016,0,NA
164,ornamentals,2017,0,NA
164,ornamentals,2018,0,NA
164,ornamentals,2019,0,NA
164,ornamentals,2020,0,NA
164,ornamentals,2021,0,NA
164,ornamentals,2022,0,NA
166,ornamentals,1976,0,NA
166,ornamentals,1977,0,NA
166,ornamentals,1978,0,NA
166,ornamentals,1979,0,NA
166,ornamentals,1980,0,NA
166,ornamentals,1981,0,NA
166,ornamentals,1982,0,NA
166,ornamentals,1983,0,NA
166,ornamentals,1984,0,NA
166,ornamentals,1985,0,NA
166,ornamentals,1986,0,NA
166,ornamentals,1987,0,NA
166,ornamentals,1988,0,NA
166,ornamentals,1989,0,NA
166,ornamentals,1990,0,NA
166,ornamentals,1991,0,NA
166,ornamentals,1992,0,NA
166,ornamentals,1993,0,NA
166,ornamentals,1994,0,NA
166,ornamentals,1995,0,NA
166,ornamentals,1996,0,NA
166,ornamentals,1997,0,NA
166,ornamentals,1998,0,NA
166,ornamentals,1999,0,NA
166,ornamentals,2000,0,NA
166,ornamentals,2001,0,NA
166,ornamentals,2002,0,NA
166,ornamentals,2003,0,NA
166,ornamentals,2004,0,NA
166,ornamentals,2005,0,NA
166,ornamentals,2006,0,NA
166,ornamentals,2007,0,NA
166,ornamentals,2008,0,NA
166,ornamentals,2009,0,NA
166,ornamentals,2010,0,NA
166,ornamentals,2011,0,NA
166,ornamentals,2012,0,NA
166,ornamentals,2013,0,NA
166,ornamentals,2014,0,NA
166,ornamentals,2015,0,NA
166,ornamentals,2016,0,NA
166,ornamentals,2017,0,NA
166,ornamentals,2018,0,NA
166,ornamentals,2019,0,NA
166,ornamentals,2020,0,NA
166,ornamentals,2021,0,NA
166,ornamentals,2022,0,NA
168,ornamentals,1997,0,NA
168,ornamentals,1998,0,NA
168,ornamentals,1999,0,NA
168,ornamentals,2000,0,NA
168,ornamentals,2001,0,NA
168,ornamentals,2002,0,NA
168,ornamentals,2003,0,NA
168,ornamentals,2004,0,NA
168,ornamentals,2005,0,NA
168,ornamentals,2006,0,NA
168,ornamentals,2007,0,NA
168,ornamentals,2008,0,NA
168,ornamentals,2009,0,NA
168,ornamentals,2010,0,NA
168,ornamentals,2011,0,NA
168,ornamentals,2012,0,NA
168,ornamentals,2013,0,NA
168,ornamentals,2014,0,NA
168,ornamentals,2015,0,NA
168,ornamentals,2016,0,NA
168,ornamentals,2017,0,NA
168,ornamentals,2018,0,NA
168,ornamentals,2019,0,NA
168,ornamentals,2020,0,NA
168,ornamentals,2021,0,NA
168,ornamentals,2022,0,NA
171,ornamentals,1976,0,NA
171,ornamentals,1977,0,NA
171,ornamentals,1978,0,NA
171,ornamentals,1979,0,NA
171,ornamentals,1980,0,NA
171,ornamentals,1981,0,NA
171,ornamentals,1982,0,NA
171,ornamentals,1983,0,NA
171,ornamentals,1984,0,NA
171,ornamentals,1985,0,NA
171,ornamentals,1986,0,NA
171,ornamentals,1987,0,NA
171,ornamentals,1988,0,NA
171,ornamentals,1989,0,NA
171,ornamentals,1990,0,NA
171,ornamentals,1991,0,NA
171,ornamentals,1992,0,NA
171,ornamentals,1993,0,NA
171,ornamentals,1994,0,NA
171,ornamentals,1995,0,NA
171,ornamentals,1996,0,NA
171,ornamentals,1997,0,NA
171,ornamentals,1998,0,NA
171,ornamentals,1999,0,NA
171,ornamentals,2000,0,NA
171,ornamentals,2001,0,NA
171,ornamentals,2002,0,NA
171,ornamentals,2003,0,NA
171,ornamentals,2004,0,NA
171,ornamentals,2005,0,NA
171,ornamentals,2006,0,NA
171,ornamentals,2007,0,NA
171,ornamentals,2008,0,NA
171,ornamentals,2009,0,NA
171,ornamentals,2010,0,NA
171,ornamentals,2011,0,NA
171,ornamentals,2012,0,NA
171,ornamentals,2013,0,NA
171,ornamentals,2014,0,NA
171,ornamentals,2015,0,NA
171,ornamentals,2016,0,NA
171,ornamentals,2017,0,NA
171,ornamentals,2018,0,NA
171,ornamentals,2019,0,NA
171,ornamentals,2020,0,NA
171,ornamentals,2021,0,NA
171,ornamentals,2022,0,NA
175,ornamentals,1988,0,NA
175,ornamentals,1989,0,NA
175,ornamentals,1990,0,NA
175,ornamentals,1991,0,NA
175,ornamentals,1992,0,NA
175,ornamentals,1993,0,NA
175,ornamentals,1994,0,NA
175,ornamentals,1995,0,NA
175,ornamentals,1996,0,NA
175,ornamentals,1997,0,NA
175,ornamentals,1998,0,NA
175,ornamentals,1999,0,NA
175,ornamentals,2000,0,NA
175,ornamentals,2001,0,NA
175,ornamentals,2002,0,NA
175,ornamentals,2003,0,NA
175,ornamentals,2004,0,NA
175,ornamentals,2005,0,NA
175,ornamentals,2006,0,NA
175,ornamentals,2007,0,NA
175,ornamentals,2008,0,NA
175,ornamentals,2009,0,NA
175,ornamentals,2010,0,NA
175,ornamentals,2011,0,NA
175,ornamentals,2012,0,NA
175,ornamentals,2013,0,NA
175,ornamentals,2014,0,NA
175,ornamentals,2015,0,NA
175,ornamentals,2016,0,NA
175,ornamentals,2017,0,NA
175,ornamentals,2018,0,NA
175,ornamentals,2019,0,NA
175,ornamentals,2020,0,NA
175,ornamentals,2021,0,NA
175,ornamentals,2022,0,NA
179,ornamentals,1988,0,NA
179,ornamentals,1989,0,NA
179,ornamentals,1990,0,NA
179,ornamentals,1991,0,NA
179,ornamentals,1992,0,NA
179,ornamentals,1993,0,NA
179,ornamentals,1994,0,NA
179,ornamentals,1995,0,NA
179,ornamentals,1996,0,NA
179,ornamentals,1997,0,NA
179,ornamentals,1998,0,NA
179,ornamentals,1999,0,NA
179,ornamentals,2000,0,NA
179,ornamentals,2001,0,NA
179,ornamentals,2002,0,NA
179,ornamentals,2003,0,NA
179,ornamentals,2004,0,NA
179,ornamentals,2005,0,NA
179,ornamentals,2006,0,NA
179,ornamentals,2007,0,NA
179,ornamentals,2008,0,NA
179,ornamentals,2009,0,NA
179,ornamentals,2010,0,NA
179,ornamentals,2011,0,NA
179,ornamentals,2012,0,NA
179,ornamentals,2013,0,NA
179,ornamentals,2014,0,NA
179,ornamentals,2015,0,NA
179,ornamentals,2016,0,NA
179,ornamentals,2017,0,NA
179,ornamentals,2018,0,NA
179,ornamentals,2019,0,NA
179,ornamentals,2020,0,NA
179,ornamentals,2021,0,NA
179,ornamentals,2022,0,NA
180,ornamentals,1988,0,NA
180,ornamentals,1989,0,NA
180,ornamentals,1990,0,NA
180,ornamentals,1991,0,NA
180,ornamentals,1992,0,NA
180,ornamentals,1993,0,NA
180,ornamentals,1994,0,NA
180,ornamentals,1995,0,NA
180,ornamentals,1996,0,NA
180,ornamentals,1997,0,NA
180,ornamentals,1998,0,NA
180,ornamentals,1999,0,NA
180,ornamentals,2000,0,NA
180,ornamentals,2001,0,NA
180,ornamentals,2002,0,NA
180,ornamentals,2003,0,NA
180,ornamentals,2004,0,NA
180,ornamentals,2005,0,NA
180,ornamentals,2006,0,NA
180,ornamentals,2007,0,NA
180,ornamentals,2008,0,NA
180,ornamentals,2009,0,NA
180,ornamentals,2010,0,NA
180,ornamentals,2011,0,NA
180,ornamentals,2012,0,NA
180,ornamentals,2013,0,NA
180,ornamentals,2014,0,NA
180,ornamentals,2015,0,NA
180,ornamentals,2016,0,NA
180,ornamentals,2017,0,NA
180,ornamentals,2018,0,NA
180,ornamentals,2019,0,NA
180,ornamentals,2020,0,NA
180,ornamentals,2021,0,NA
180,ornamentals,2022,0,NA
181,ornamentals,1992,0,NA
181,ornamentals,1993,0,NA
181,ornamentals,1994,0,NA
181,ornamentals,1995,0,NA
181,ornamentals,1996,0,NA
181,ornamentals,1997,0,NA
181,ornamentals,1998,0,NA
181,ornamentals,1999,0,NA
181,ornamentals,2000,0,NA
181,ornamentals,2001,0,NA
181,ornamentals,2002,0,NA
181,ornamentals,2003,0,NA
181,ornamentals,2004,0,NA
181,ornamentals,2005,0,NA
181,ornamentals,2006,0,NA
181,ornamentals,2007,0,NA
181,ornamentals,2008,0,NA
181,ornamentals,2009,0,NA
181,ornamentals,2010,0,NA
181,ornamentals,2011,0,NA
181,ornamentals,2012,0,NA
181,ornamentals,2013,0,NA
181,ornamentals,2014,0,NA
181,ornamentals,2015,0,NA
181,ornamentals,2016,0,NA
181,ornamentals,2017,0,NA
181,ornamentals,2018,0,NA
181,ornamentals,2019,0,NA
181,ornamentals,2020,0,NA
181,ornamentals,2021,0,NA
181,ornamentals,2022,0,NA
182,ornamentals,1977,0,NA
182,ornamentals,1978,0,NA
182,ornamentals,1979,0,NA
182,ornamentals,1980,0,NA
182,ornamentals,1981,0,NA
182,ornamentals,1982,0,NA
182,ornamentals,1983,0,NA
182,ornamentals,1984,0,NA
182,ornamentals,1985,0,NA
182,ornamentals,1986,0,NA
182,ornamentals,1987,0,NA
182,ornamentals,1988,0,NA
182,ornamentals,1989,0,NA
182,ornamentals,1990,0,NA
182,ornamentals,1991,0,NA
182,ornamentals,1992,0,NA
182,ornamentals,1993,0,NA
182,ornamentals,1994,0,NA
182,ornamentals,1995,0,NA
182,ornamentals,1996,0,NA
182,ornamentals,1997,0,NA
182,ornamentals,1998,0,NA
182,ornamentals,1999,0,NA
182,ornamentals,2000,0,NA
182,ornamentals,2001,0,NA
182,ornamentals,2002,0,NA
182,ornamentals,2003,0,NA
182,ornamentals,2004,0,NA
182,ornamentals,2005,0,NA
182,ornamentals,2006,0,NA
182,ornamentals,2007,0,NA
182,ornamentals,2008,0,NA
182,ornamentals,2009,0,NA
182,ornamentals,2010,0,NA
182,ornamentals,2011,0,NA
182,ornamentals,2012,0,NA
182,ornamentals,2013,0,NA
182,ornamentals,2014,0,NA
182,ornamentals,2015,0,NA
182,ornamentals,2016,0,NA
182,ornamentals,2017,0,NA
182,ornamentals,2018,0,NA
182,ornamentals,2019,0,NA
182,ornamentals,2020,0,NA
182,ornamentals,2021,0,NA
182,ornamentals,2022,0,NA
183,ornamentals,1988,0,NA
183,ornamentals,1989,0,NA
183,ornamentals,1990,0,NA
183,ornamentals,1991,0,NA
183,ornamentals,1992,0,NA
183,ornamentals,1993,0,NA
183,ornamentals,1994,0,NA
183,ornamentals,1995,0,NA
183,ornamentals,1996,0,NA
183,ornamentals,1997,0,NA
183,ornamentals,1998,0,NA
183,ornamentals,1999,0,NA
183,ornamentals,2000,0,NA
183,ornamentals,2001,0,NA
183,ornamentals,2002,0,NA
183,ornamentals,2003,0,NA
183,ornamentals,2004,0,NA
183,ornamentals,2005,0,NA
183,ornamentals,2006,0,NA
183,ornamentals,2007,0,NA
183,ornamentals,2008,0,NA
183,ornamentals,2009,0,NA
183,ornamentals,2010,0,NA
183,ornamentals,2011,0,NA
183,ornamentals,2012,0,NA
183,ornamentals,2013,0,NA
183,ornamentals,2014,0,NA
183,ornamentals,2015,0,NA
183,ornamentals,2016,0,NA
183,ornamentals,2017,0,NA
183,ornamentals,2018,0,NA
183,ornamentals,2019,0,NA
183,ornamentals,2020,0,NA
183,ornamentals,2021,0,NA
183,ornamentals,2022,0,NA
184,ornamentals,1988,0,NA
184,ornamentals,1989,0,NA
184,ornamentals,1990,0,NA
184,ornamentals,1991,0,NA
184,ornamentals,1992,0,NA
184,ornamentals,1993,0,NA
184,ornamentals,1994,0,NA
184,ornamentals,1995,0,NA
184,ornamentals,1996,0,NA
184,ornamentals,1997,0,NA
184,ornamentals,1998,0,NA
184,ornamentals,1999,0,NA
184,ornamentals,2000,0,NA
184,ornamentals,2001,0,NA
184,ornamentals,2002,0,NA
184,ornamentals,2003,0,NA
184,ornamentals,2004,0,NA
184,ornamentals,2005,0,NA
184,ornamentals,2006,0,NA
184,ornamentals,2007,0,NA
184,ornamentals,2008,0,NA
184,ornamentals,2009,0,NA
184,ornamentals,2010,0,NA
184,ornamentals,2011,0,NA
184,ornamentals,2012,0,NA
184,ornamentals,2013,0,NA
184,ornamentals,2014,0,NA
184,ornamentals,2015,0,NA
184,ornamentals,2016,0,NA
184,ornamentals,2017,0,NA
184,ornamentals,2018,0,NA
184,ornamentals,2019,0,NA
184,ornamentals,2020,0,NA
184,ornamentals,2021,0,NA
184,ornamentals,2022,0,NA
191,ornamentals,1996,0,NA
191,ornamentals,1997,0,NA
191,ornamentals,1998,0,NA
191,ornamentals,1999,0,NA
191,ornamentals,2000,0,NA
191,ornamentals,2001,0,NA
191,ornamentals,2002,0,NA
191,ornamentals,2003,0,NA
191,ornamentals,2004,0,NA
191,ornamentals,2005,0,NA
191,ornamentals,2006,0,NA
191,ornamentals,2007,0,NA
191,ornamentals,2008,0,NA
191,ornamentals,2009,0,NA
191,ornamentals,2010,0,NA
191,ornamentals,2011,0,NA
191,ornamentals,2012,0,NA
191,ornamentals,2013,0,NA
191,ornamentals,2014,0,NA
191,ornamentals,2015,0,NA
191,ornamentals,2016,0,NA
191,ornamentals,2017,0,NA
191,ornamentals,2018,0,NA
191,ornamentals,2019,0,NA
191,ornamentals,2020,0,NA
191,ornamentals,2021,0,NA
191,ornamentals,2022,0,NA
196,ornamentals,1992,0,NA
196,ornamentals,1993,0,NA
196,ornamentals,1994,0,NA
196,ornamentals,1995,0,NA
196,ornamentals,1996,0,NA
196,ornamentals,1997,0,NA
196,ornamentals,1998,0,NA
196,ornamentals,1999,0,NA
196,ornamentals,2000,0,NA
196,ornamentals,2001,0,NA
196,ornamentals,2002,0,NA
196,ornamentals,2003,0,NA
196,ornamentals,2004,0,NA
196,ornamentals,2005,0,NA
196,ornamentals,2006,0,NA
196,ornamentals,2007,0,NA
196,ornamentals,2008,0,NA
196,ornamentals,2009,0,NA
196,ornamentals,2010,0,NA
196,ornamentals,2011,0,NA
196,ornamentals,2012,0,NA
196,ornamentals,2013,0,NA
196,ornamentals,2014,0,NA
196,ornamentals,2015,0,NA
196,ornamentals,2016,0,NA
196,ornamentals,2017,0,NA
196,ornamentals,2018,0,NA
196,ornamentals,2019,0,NA
196,ornamentals,2020,0,NA
196,ornamentals,2021,0,NA
196,ornamentals,2022,0,NA
197,ornamentals,2019,0,NA
197,ornamentals,2020,0,NA
197,ornamentals,2021,0,NA
197,ornamentals,2022,0,NA
202,ornamentals,1991,0,NA
202,ornamentals,1992,0,NA
202,ornamentals,1993,0,NA
202,ornamentals,1994,0,NA
202,ornamentals,1995,0,NA
202,ornamentals,1996,0,NA
202,ornamentals,1997,0,NA
202,ornamentals,1998,0,NA
202,ornamentals,1999,0,NA
202,ornamentals,2000,0,NA
202,ornamentals,2001,0,NA
202,ornamentals,2002,0,NA
202,ornamentals,2003,0,NA
202,ornamentals,2004,0,NA
202,ornamentals,2005,0,NA
202,ornamentals,2006,0,NA
202,ornamentals,2007,0,NA
202,ornamentals,2008,0,NA
202,ornamentals,2009,0,NA
202,ornamentals,2010,0,NA
202,ornamentals,2011,0,NA
202,ornamentals,2012,0,NA
202,ornamentals,2013,0,NA
202,ornamentals,2014,0,NA
202,ornamentals,2015,0,NA
202,ornamentals,2016,0,NA
202,ornamentals,2017,0,NA
202,ornamentals,2018,0,NA
202,ornamentals,2019,0,NA
202,ornamentals,2020,0,NA
202,ornamentals,2021,0,NA
202,ornamentals,2022,0,NA
203,ornamentals,1976,0,NA
203,ornamentals,1977,0,NA
203,ornamentals,1978,0,NA
203,ornamentals,1979,0,NA
203,ornamentals,1980,0,NA
203,ornamentals,1981,0,NA
203,ornamentals,1982,0,NA
203,ornamentals,1983,0,NA
203,ornamentals,1984,0,NA
203,ornamentals,1985,0,NA
203,ornamentals,1986,0,NA
203,ornamentals,1987,0,NA
203,ornamentals,1988,0,NA
203,ornamentals,1989,0,NA
203,ornamentals,1990,0,NA
203,ornamentals,1991,0,NA
203,ornamentals,1992,0,NA
203,ornamentals,1993,0,NA
203,ornamentals,1994,0,NA
203,ornamentals,1995,0,NA
203,ornamentals,1996,0,NA
203,ornamentals,1997,0,NA
203,ornamentals,1998,0,NA
203,ornamentals,1999,0,NA
203,ornamentals,2000,0,NA
203,ornamentals,2001,0,NA
203,ornamentals,2002,0,NA
203,ornamentals,2003,0,NA
203,ornamentals,2004,0,NA
203,ornamentals,2005,0,NA
203,ornamentals,2006,0,NA
203,ornamentals,2007,0,NA
203,ornamentals,2008,0,NA
203,ornamentals,2009,0,NA
203,ornamentals,2010,0,NA
203,ornamentals,2011,0,NA
203,ornamentals,2012,0,NA
203,ornamentals,2013,0,NA
203,ornamentals,2014,0,NA
203,ornamentals,2015,0,NA
203,ornamentals,2016,0,NA
203,ornamentals,2017,0,NA
203,ornamentals,2018,0,NA
203,ornamentals,2019,0,NA
203,ornamentals,2020,0,NA
203,ornamentals,2021,0,NA
203,ornamentals,2022,0,NA
204,ornamentals,1984,0,NA
204,ornamentals,1985,0,NA
204,ornamentals,1986,1,prod_average
204,ornamentals,1987,0,NA
204,ornamentals,1988,1,prod_average
204,ornamentals,1989,1,prod_average
204,ornamentals,1990,1,prod_average
204,ornamentals,1991,1,prod_average
204,ornamentals,1992,1,prod_average
204,ornamentals,1993,1,prod_average
204,ornamentals,1994,1,prod_average
204,ornamentals,1995,1,prod_average
204,ornamentals,1996,1,prod_average
204,ornamentals,1997,1,prod_average
204,ornamentals,1998,1,prod_average
204,ornamentals,1999,1,prod_average
204,ornamentals,2000,1,prod_average
204,ornamentals,2001,0,NA
204,ornamentals,2002,0,NA
204,ornamentals,2003,0,NA
204,ornamentals,2004,0,NA
204,ornamentals,2005,0,NA
204,ornamentals,2006,0,NA
204,ornamentals,2007,0,NA
204,ornamentals,2008,1,prod_average
204,ornamentals,2009,1,prod_average
204,ornamentals,2010,0,NA
204,ornamentals,2011,0,NA
204,ornamentals,2012,1,prod_average
204,ornamentals,2013,1,prod_average
204,ornamentals,2014,1,prod_average
204,ornamentals,2015,1,prod_average
204,ornamentals,2016,1,prod_average
204,ornamentals,2017,1,prod_average
204,ornamentals,2018,1,prod_average
204,ornamentals,2019,1,prod_average
204,ornamentals,2020,1,prod_average
204,ornamentals,2021,1,prod_average
204,ornamentals,2022,1,prod_average
205,ornamentals,2005,0,NA
205,ornamentals,2006,0,NA
205,ornamentals,2007,0,NA
205,ornamentals,2008,0,NA
205,ornamentals,2009,0,NA
205,ornamentals,2010,0,NA
205,ornamentals,2011,0,NA
205,ornamentals,2012,0,NA
205,ornamentals,2013,0,NA
205,ornamentals,2014,0,NA
205,ornamentals,2015,0,NA
205,ornamentals,2016,0,NA
205,ornamentals,2017,0,NA
205,ornamentals,2018,0,NA
205,ornamentals,2019,0,NA
205,ornamentals,2020,0,NA
205,ornamentals,2021,0,NA
205,ornamentals,2022,0,NA
206,ornamentals,1976,0,NA
206,ornamentals,1977,0,NA
206,ornamentals,1978,0,NA
206,ornamentals,1979,0,NA
206,ornamentals,1980,0,NA
206,ornamentals,1981,0,NA
206,ornamentals,1982,0,NA
206,ornamentals,1983,0,NA
206,ornamentals,1984,0,NA
206,ornamentals,1985,0,NA
206,ornamentals,1986,0,NA
206,ornamentals,1987,0,NA
206,ornamentals,1988,0,NA
206,ornamentals,1989,0,NA
206,ornamentals,1990,0,NA
206,ornamentals,1991,0,NA
206,ornamentals,1992,0,NA
206,ornamentals,1993,0,NA
206,ornamentals,1994,0,NA
206,ornamentals,1995,0,NA
206,ornamentals,1996,0,NA
206,ornamentals,1997,0,NA
206,ornamentals,1998,0,NA
206,ornamentals,1999,0,NA
206,ornamentals,2000,0,NA
206,ornamentals,2001,0,NA
206,ornamentals,2002,0,NA
206,ornamentals,2003,0,NA
206,ornamentals,2004,0,NA
206,ornamentals,2005,0,NA
206,ornamentals,2006,0,NA
206,ornamentals,2007,0,NA
206,ornamentals,2008,0,NA
206,ornamentals,2009,0,NA
206,ornamentals,2010,0,NA
206,ornamentals,2011,0,NA
206,ornamentals,2012,0,NA
206,ornamentals,2013,0,NA
206,ornamentals,2014,0,NA
206,ornamentals,2015,0,NA
206,ornamentals,2016,0,NA
206,ornamentals,2017,0,NA
206,ornamentals,2018,0,NA
206,ornamentals,2019,0,NA
206,ornamentals,2020,0,NA
206,ornamentals,2021,0,NA
206,ornamentals,2022,0,NA
207,ornamentals,1995,0,NA
207,ornamentals,1996,0,NA
207,ornamentals,1997,0,NA
207,ornamentals,1998,0,NA
207,ornamentals,1999,0,NA
207,ornamentals,2000,0,NA
207,ornamentals,2001,0,NA
207,ornamentals,2002,0,NA
207,ornamentals,2003,0,NA
207,ornamentals,2004,0,NA
207,ornamentals,2005,0,NA
207,ornamentals,2006,0,NA
207,ornamentals,2007,0,NA
207,ornamentals,2008,0,NA
207,ornamentals,2009,0,NA
207,ornamentals,2010,0,NA
207,ornamentals,2011,0,NA
207,ornamentals,2012,0,NA
207,ornamentals,2013,0,NA
207,ornamentals,2014,0,NA
207,ornamentals,2015,0,NA
207,ornamentals,2016,0,NA
207,ornamentals,2017,0,NA
207,ornamentals,2018,0,NA
207,ornamentals,2019,0,NA
207,ornamentals,2020,0,NA
207,ornamentals,2021,0,NA
207,ornamentals,2022,0,NA
208,ornamentals,1976,0,NA
208,ornamentals,1977,0,NA
208,ornamentals,1978,0,NA
208,ornamentals,1979,0,NA
208,ornamentals,1980,0,NA
208,ornamentals,1981,0,NA
208,ornamentals,1982,0,NA
208,ornamentals,1983,0,NA
208,ornamentals,1984,0,NA
208,ornamentals,1985,0,NA
208,ornamentals,1986,0,NA
208,ornamentals,1987,0,NA
208,ornamentals,1988,0,NA
208,ornamentals,1989,0,NA
208,ornamentals,1990,0,NA
208,ornamentals,1991,0,NA
208,ornamentals,1992,0,NA
208,ornamentals,1993,0,NA
208,ornamentals,1994,0,NA
208,ornamentals,1995,0,NA
208,ornamentals,1996,0,NA
208,ornamentals,1997,0,NA
208,ornamentals,1998,0,NA
208,ornamentals,1999,0,NA
208,ornamentals,2000,0,NA
208,ornamentals,2001,0,NA
208,ornamentals,2002,0,NA
208,ornamentals,2003,0,NA
208,ornamentals,2004,0,NA
208,ornamentals,2005,0,NA
208,ornamentals,2006,0,NA
208,ornamentals,2007,0,NA
208,ornamentals,2008,0,NA
208,ornamentals,2009,0,NA
208,ornamentals,2010,0,NA
208,ornamentals,2011,0,NA
208,ornamentals,2012,0,NA
208,ornamentals,2013,0,NA
208,ornamentals,2014,0,NA
208,ornamentals,2015,0,NA
208,ornamentals,2016,0,NA
208,ornamentals,2017,0,NA
208,ornamentals,2018,0,NA
208,ornamentals,2019,0,NA
208,ornamentals,2020,0,NA
208,ornamentals,2021,0,NA
208,ornamentals,2022,0,NA
209,ornamentals,1978,0,NA
209,ornamentals,1979,0,NA
209,ornamentals,1980,0,NA
209,ornamentals,1981,0,NA
209,ornamentals,1982,0,NA
209,ornamentals,1983,0,NA
209,ornamentals,1984,0,NA
209,ornamentals,1985,0,NA
209,ornamentals,1986,0,NA
209,ornamentals,1987,0,NA
209,ornamentals,1988,0,NA
209,ornamentals,1989,0,NA
209,ornamentals,1990,0,NA
209,ornamentals,1991,0,NA
209,ornamentals,1992,0,NA
209,ornamentals,1993,0,NA
209,ornamentals,1994,0,NA
209,ornamentals,1995,0,NA
209,ornamentals,1996,0,NA
209,ornamentals,1997,0,NA
209,ornamentals,1998,0,NA
209,ornamentals,1999,0,NA
209,ornamentals,2000,0,NA
209,ornamentals,2001,0,NA
209,ornamentals,2002,0,NA
209,ornamentals,2003,0,NA
209,ornamentals,2004,0,NA
209,ornamentals,2005,0,NA
209,ornamentals,2006,0,NA
209,ornamentals,2007,0,NA
209,ornamentals,2008,0,NA
209,ornamentals,2009,0,NA
209,ornamentals,2010,0,NA
209,ornamentals,2011,0,NA
209,ornamentals,2012,0,NA
209,ornamentals,2013,0,NA
209,ornamentals,2014,0,NA
209,ornamentals,2015,0,NA
209,ornamentals,2016,0,NA
209,ornamentals,2017,0,NA
209,ornamentals,2018,0,NA
209,ornamentals,2019,0,NA
209,ornamentals,2020,0,NA
209,ornamentals,2021,0,NA
209,ornamentals,2022,0,NA
210,ornamentals,1988,0,NA
210,ornamentals,1989,0,NA
210,ornamentals,1990,0,NA
210,ornamentals,1991,0,NA
210,ornamentals,1992,0,NA
210,ornamentals,1993,0,NA
210,ornamentals,1994,0,NA
210,ornamentals,1995,0,NA
210,ornamentals,1996,0,NA
210,ornamentals,1997,0,NA
210,ornamentals,1998,0,NA
210,ornamentals,1999,0,NA
210,ornamentals,2000,0,NA
210,ornamentals,2001,0,NA
210,ornamentals,2002,0,NA
210,ornamentals,2003,0,NA
210,ornamentals,2004,0,NA
210,ornamentals,2005,0,NA
210,ornamentals,2006,0,NA
210,ornamentals,2007,0,NA
210,ornamentals,2008,0,NA
210,ornamentals,2009,0,NA
210,ornamentals,2010,0,NA
210,ornamentals,2011,0,NA
210,ornamentals,2012,0,NA
210,ornamentals,2013,0,NA
210,ornamentals,2014,0,NA
210,ornamentals,2015,0,NA
210,ornamentals,2016,0,NA
210,ornamentals,2017,0,NA
210,ornamentals,2018,0,NA
210,ornamentals,2019,0,NA
210,ornamentals,2020,0,NA
210,ornamentals,2021,0,NA
210,ornamentals,2022,0,NA
212,ornamentals,1991,0,NA
212,ornamentals,1992,0,NA
212,ornamentals,1993,0,NA
212,ornamentals,1994,0,NA
212,ornamentals,1995,0,NA
212,ornamentals,1996,0,NA
212,ornamentals,1997,0,NA
212,ornamentals,1998,0,NA
212,ornamentals,1999,0,NA
212,ornamentals,2000,0,NA
212,ornamentals,2001,0,NA
212,ornamentals,2002,0,NA
212,ornamentals,2003,0,NA
212,ornamentals,2004,0,NA
212,ornamentals,2005,0,NA
212,ornamentals,2006,0,NA
212,ornamentals,2007,0,NA
212,ornamentals,2008,0,NA
212,ornamentals,2009,0,NA
212,ornamentals,2010,0,NA
212,ornamentals,2011,0,NA
212,ornamentals,2012,0,NA
212,ornamentals,2013,0,NA
212,ornamentals,2014,0,NA
212,ornamentals,2015,0,NA
212,ornamentals,2016,0,NA
212,ornamentals,2017,0,NA
212,ornamentals,2018,0,NA
212,ornamentals,2019,0,NA
212,ornamentals,2020,0,NA
212,ornamentals,2021,0,NA
212,ornamentals,2022,0,NA
214,ornamentals,1994,0,NA
214,ornamentals,1995,0,NA
214,ornamentals,1996,0,NA
214,ornamentals,1997,0,NA
214,ornamentals,1998,0,NA
214,ornamentals,1999,0,NA
214,ornamentals,2000,0,NA
214,ornamentals,2001,0,NA
214,ornamentals,2002,0,NA
214,ornamentals,2003,0,NA
214,ornamentals,2004,0,NA
214,ornamentals,2005,0,NA
214,ornamentals,2006,0,NA
214,ornamentals,2007,0,NA
214,ornamentals,2008,0,NA
214,ornamentals,2009,0,NA
214,ornamentals,2010,0,NA
214,ornamentals,2011,0,NA
214,ornamentals,2012,0,NA
214,ornamentals,2013,0,NA
214,ornamentals,2014,0,NA
214,ornamentals,2015,0,NA
214,ornamentals,2016,0,NA
214,ornamentals,2017,0,NA
214,ornamentals,2018,0,NA
214,ornamentals,2019,0,NA
214,ornamentals,2020,0,NA
214,ornamentals,2021,0,NA
214,ornamentals,2022,0,NA
216,ornamentals,1981,0,NA
216,ornamentals,1982,0,NA
216,ornamentals,1983,0,NA
216,ornamentals,1984,0,NA
216,ornamentals,1985,0,NA
216,ornamentals,1986,0,NA
216,ornamentals,1987,0,NA
216,ornamentals,1988,0,NA
216,ornamentals,1989,0,NA
216,ornamentals,1990,0,NA
216,ornamentals,1991,0,NA
216,ornamentals,1992,0,NA
216,ornamentals,1993,0,NA
216,ornamentals,1994,0,NA
216,ornamentals,1995,0,NA
216,ornamentals,1996,0,NA
216,ornamentals,1997,0,NA
216,ornamentals,1998,0,NA
216,ornamentals,1999,0,NA
216,ornamentals,2000,0,NA
216,ornamentals,2001,0,NA
216,ornamentals,2002,0,NA
216,ornamentals,2003,0,NA
216,ornamentals,2004,0,NA
216,ornamentals,2005,0,NA
216,ornamentals,2006,0,NA
216,ornamentals,2007,0,NA
216,ornamentals,2008,0,NA
216,ornamentals,2009,0,NA
216,ornamentals,2010,0,NA
216,ornamentals,2011,0,NA
216,ornamentals,2012,0,NA
216,ornamentals,2013,0,NA
216,ornamentals,2014,0,NA
216,ornamentals,2015,0,NA
216,ornamentals,2016,0,NA
216,ornamentals,2017,0,NA
216,ornamentals,2018,0,NA
216,ornamentals,2019,0,NA
216,ornamentals,2020,0,NA
216,ornamentals,2021,0,NA
216,ornamentals,2022,0,NA
218,ornamentals,1988,0,NA
218,ornamentals,1989,0,NA
218,ornamentals,1990,0,NA
218,ornamentals,1991,0,NA
218,ornamentals,1992,0,NA
218,ornamentals,1993,0,NA
218,ornamentals,1994,0,NA
218,ornamentals,1995,0,NA
218,ornamentals,1996,0,NA
218,ornamentals,1997,0,NA
218,ornamentals,1998,0,NA
218,ornamentals,1999,0,NA
218,ornamentals,2000,0,NA
218,ornamentals,2001,0,NA
218,ornamentals,2002,0,NA
218,ornamentals,2003,0,NA
218,ornamentals,2004,0,NA
218,ornamentals,2005,0,NA
218,ornamentals,2006,0,NA
218,ornamentals,2007,0,NA
218,ornamentals,2008,0,NA
218,ornamentals,2009,0,NA
218,ornamentals,2010,0,NA
218,ornamentals,2011,0,NA
218,ornamentals,2012,0,NA
218,ornamentals,2013,0,NA
218,ornamentals,2014,0,NA
218,ornamentals,2015,0,NA
218,ornamentals,2016,0,NA
218,ornamentals,2017,0,NA
218,ornamentals,2018,0,NA
218,ornamentals,2019,0,NA
218,ornamentals,2020,0,NA
218,ornamentals,2021,0,NA
218,ornamentals,2022,0,NA
220,ornamentals,1996,0,NA
220,ornamentals,1997,0,NA
220,ornamentals,1998,0,NA
220,ornamentals,1999,0,NA
220,ornamentals,2000,0,NA
220,ornamentals,2001,0,NA
220,ornamentals,2002,0,NA
220,ornamentals,2003,0,NA
220,ornamentals,2004,0,NA
220,ornamentals,2005,0,NA
220,ornamentals,2006,0,NA
220,ornamentals,2007,0,NA
220,ornamentals,2008,0,NA
220,ornamentals,2009,0,NA
220,ornamentals,2010,0,NA
220,ornamentals,2011,1,prod_average
220,ornamentals,2012,1,prod_average
220,ornamentals,2013,1,prod_average
220,ornamentals,2014,1,prod_average
220,ornamentals,2015,1,prod_average
220,ornamentals,2016,1,prod_average
220,ornamentals,2017,1,prod_average
220,ornamentals,2018,1,prod_average
220,ornamentals,2019,1,prod_average
220,ornamentals,2020,1,prod_average
220,ornamentals,2021,1,prod_average
220,ornamentals,2022,1,prod_average
222,ornamentals,1976,0,NA
222,ornamentals,1977,0,NA
222,ornamentals,1978,0,NA
222,ornamentals,1979,0,NA
222,ornamentals,1980,0,NA
222,ornamentals,1981,0,NA
222,ornamentals,1982,0,NA
222,ornamentals,1983,0,NA
222,ornamentals,1984,0,NA
222,ornamentals,1985,0,NA
222,ornamentals,1986,0,NA
222,ornamentals,1987,0,NA
222,ornamentals,1988,0,NA
222,ornamentals,1989,0,NA
222,ornamentals,1990,0,NA
222,ornamentals,1991,0,NA
222,ornamentals,1992,0,NA
222,ornamentals,1993,0,NA
222,ornamentals,1994,0,NA
222,ornamentals,1995,0,NA
222,ornamentals,1996,0,NA
222,ornamentals,1997,0,NA
222,ornamentals,1998,0,NA
222,ornamentals,1999,0,NA
222,ornamentals,2000,0,NA
222,ornamentals,2001,0,NA
222,ornamentals,2002,0,NA
222,ornamentals,2003,0,NA
222,ornamentals,2004,0,NA
222,ornamentals,2005,0,NA
222,ornamentals,2006,0,NA
222,ornamentals,2007,0,NA
222,ornamentals,2008,0,NA
222,ornamentals,2009,0,NA
222,ornamentals,2010,0,NA
222,ornamentals,2011,0,NA
222,ornamentals,2012,0,NA
222,ornamentals,2013,0,NA
222,ornamentals,2014,0,NA
222,ornamentals,2015,0,NA
222,ornamentals,2016,0,NA
222,ornamentals,2017,0,NA
222,ornamentals,2018,0,NA
222,ornamentals,2019,0,NA
222,ornamentals,2020,0,NA
222,ornamentals,2021,0,NA
222,ornamentals,2022,0,NA
223,ornamentals,1980,0,NA
223,ornamentals,1981,0,NA
223,ornamentals,1982,0,NA
223,ornamentals,1983,1,prod_average
223,ornamentals,1984,1,prod_average
223,ornamentals,1985,0,NA
223,ornamentals,1986,0,NA
223,ornamentals,1987,0,NA
223,ornamentals,1988,0,NA
223,ornamentals,1989,0,NA
223,ornamentals,1990,1,prod_average
223,ornamentals,1991,1,prod_average
223,ornamentals,1992,1,prod_average
223,ornamentals,1993,0,NA
223,ornamentals,1994,1,prod_average
223,ornamentals,1995,1,prod_average
223,ornamentals,1996,1,prod_average
223,ornamentals,1997,1,prod_average
223,ornamentals,1998,1,prod_average
223,ornamentals,1999,1,prod_average
223,ornamentals,2000,1,prod_average
223,ornamentals,2001,1,prod_average
223,ornamentals,2002,1,prod_average
223,ornamentals,2003,1,prod_average
223,ornamentals,2004,1,prod_average
223,ornamentals,2005,1,prod_average
223,ornamentals,2006,1,prod_average
223,ornamentals,2007,1,prod_average
223,ornamentals,2008,1,prod_average
223,ornamentals,2009,1,prod_average
223,ornamentals,2010,1,prod_average
223,ornamentals,2011,1,prod_average
223,ornamentals,2012,1,prod_average
223,ornamentals,2013,1,prod_average
223,ornamentals,2014,1,prod_average
223,ornamentals,2015,1,prod_average
223,ornamentals,2016,1,prod_average
223,ornamentals,2017,1,prod_average
223,ornamentals,2018,1,prod_average
223,ornamentals,2019,1,prod_average
223,ornamentals,2020,1,prod_average
223,ornamentals,2021,1,prod_average
223,ornamentals,2022,1,prod_average
224,ornamentals,1993,0,NA
224,ornamentals,1994,1,prod_average
224,ornamentals,1995,1,prod_average
224,ornamentals,1996,1,prod_average
224,ornamentals,1997,0,NA
224,ornamentals,1998,0,NA
224,ornamentals,1999,0,NA
224,ornamentals,2000,0,NA
224,ornamentals,2001,0,NA
224,ornamentals,2002,0,NA
224,ornamentals,2003,1,prod_average
224,ornamentals,2004,0,NA
224,ornamentals,2005,0,NA
224,ornamentals,2006,0,NA
224,ornamentals,2007,1,prod_average
224,ornamentals,2008,1,prod_average
224,ornamentals,2009,1,prod_average
224,ornamentals,2010,1,prod_average
224,ornamentals,2011,1,prod_average
224,ornamentals,2012,1,prod_average
224,ornamentals,2013,1,prod_average
224,ornamentals,2014,1,prod_average
224,ornamentals,2015,1,prod_average
224,ornamentals,2016,1,prod_average
224,ornamentals,2017,1,prod_average
224,ornamentals,2018,1,prod_average
224,ornamentals,2019,1,prod_average
224,ornamentals,2020,1,prod_average
224,ornamentals,2021,1,prod_average
224,ornamentals,2022,1,prod_average
244,ornamentals,2019,0,NA
244,ornamentals,2020,0,NA
244,ornamentals,2021,0,NA
244,ornamentals,2022,0,NA
245,ornamentals,1996,0,NA
245,ornamentals,1997,0,NA
245,ornamentals,1998,0,NA
245,ornamentals,1999,0,NA
245,ornamentals,2000,0,NA
245,ornamentals,2001,0,NA
245,ornamentals,2002,0,NA
245,ornamentals,2003,0,NA
245,ornamentals,2004,0,NA
245,ornamentals,2005,0,NA
245,ornamentals,2006,0,NA
245,ornamentals,2007,0,NA
245,ornamentals,2008,0,NA
245,ornamentals,2009,0,NA
245,ornamentals,2010,0,NA
245,ornamentals,2011,1,prod_average
245,ornamentals,2012,1,prod_average
245,ornamentals,2013,1,prod_average
245,ornamentals,2014,1,prod_average
245,ornamentals,2015,1,prod_average
245,ornamentals,2016,1,prod_average
245,ornamentals,2017,1,prod_average
245,ornamentals,2018,1,prod_average
245,ornamentals,2019,1,prod_average
245,ornamentals,2020,1,prod_average
245,ornamentals,2021,1,prod_average
245,ornamentals,2022,1,prod_average
247,ornamentals,1995,0,NA
247,ornamentals,1996,0,NA
247,ornamentals,1997,1,prod_average
247,ornamentals,1998,1,prod_average
247,ornamentals,1999,0,NA
247,ornamentals,2000,1,prod_average
247,ornamentals,2001,0,NA
247,ornamentals,2002,0,NA
247,ornamentals,2003,0,NA
247,ornamentals,2004,0,NA
247,ornamentals,2005,1,prod_average
247,ornamentals,2006,0,NA
247,ornamentals,2007,1,prod_average
247,ornamentals,2008,1,prod_average
247,ornamentals,2009,1,prod_average
247,ornamentals,2010,1,prod_average
247,ornamentals,2011,1,prod_average
247,ornamentals,2012,1,prod_average
247,ornamentals,2013,1,prod_average
247,ornamentals,2014,1,prod_average
247,ornamentals,2015,1,prod_average
247,ornamentals,2016,1,prod_average
247,ornamentals,2017,1,prod_average
247,ornamentals,2018,1,prod_average
247,ornamentals,2019,1,prod_average
247,ornamentals,2020,1,prod_average
247,ornamentals,2021,1,prod_average
247,ornamentals,2022,1,prod_average
248,ornamentals,1996,0,NA
248,ornamentals,1997,0,NA
248,ornamentals,1998,0,NA
248,ornamentals,1999,0,NA
248,ornamentals,2000,0,NA
248,ornamentals,2001,0,NA
248,ornamentals,2002,0,NA
248,ornamentals,2003,0,NA
248,ornamentals,2004,0,NA
248,ornamentals,2005,0,NA
248,ornamentals,2006,0,NA
248,ornamentals,2007,0,NA
248,ornamentals,2008,0,NA
248,ornamentals,2009,0,NA
248,ornamentals,2010,0,NA
248,ornamentals,2011,1,prod_average
248,ornamentals,2012,1,prod_average
248,ornamentals,2013,1,prod_average
248,ornamentals,2014,1,prod_average
248,ornamentals,2015,1,prod_average
248,ornamentals,2016,1,prod_average
248,ornamentals,2017,1,prod_average
248,ornamentals,2018,1,prod_average
248,ornamentals,2019,1,prod_average
248,ornamentals,2020,1,prod_average
248,ornamentals,2021,1,prod_average
248,ornamentals,2022,1,prod_average
249,ornamentals,1996,0,NA
249,ornamentals,1997,0,NA
249,ornamentals,1998,0,NA
249,ornamentals,1999,0,NA
249,ornamentals,2000,0,NA
249,ornamentals,2001,0,NA
249,ornamentals,2002,0,NA
249,ornamentals,2003,0,NA
249,ornamentals,2004,0,NA
249,ornamentals,2005,0,NA
249,ornamentals,2006,0,NA
249,ornamentals,2007,0,NA
249,ornamentals,2008,0,NA
249,ornamentals,2009,0,NA
249,ornamentals,2010,0,NA
249,ornamentals,2011,1,prod_average
249,ornamentals,2012,1,prod_average
249,ornamentals,2013,1,prod_average
249,ornamentals,2014,1,prod_average
249,ornamentals,2015,1,prod_average
249,ornamentals,2016,1,prod_average
249,ornamentals,2017,1,prod_average
249,ornamentals,2018,1,prod_average
249,ornamentals,2019,1,prod_average
249,ornamentals,2020,1,prod_average
249,ornamentals,2021,1,prod_average
249,ornamentals,2022,1,prod_average
250,ornamentals,1996,0,NA
250,ornamentals,1997,0,NA
250,ornamentals,1998,0,NA
250,ornamentals,1999,0,NA
250,ornamentals,2000,0,NA
250,ornamentals,2001,0,NA
250,ornamentals,2002,0,NA
250,ornamentals,2003,0,NA
250,ornamentals,2004,0,NA
250,ornamentals,2005,0,NA
250,ornamentals,2006,0,NA
250,ornamentals,2007,0,NA
250,ornamentals,2008,0,NA
250,ornamentals,2009,0,NA
250,ornamentals,2010,0,NA
250,ornamentals,2011,0,NA
250,ornamentals,2012,0,NA
250,ornamentals,2013,0,NA
250,ornamentals,2014,0,NA
250,ornamentals,2015,0,NA
250,ornamentals,2016,0,NA
250,ornamentals,2017,0,NA
250,ornamentals,2018,0,NA
250,ornamentals,2019,0,NA
250,ornamentals,2020,0,NA
250,ornamentals,2021,0,NA
250,ornamentals,2022,0,NA
