rgn_id,rgn_name,year,value
1,Cocos Islands,2008,NA
1,Cocos Islands,2009,NA
1,Cocos Islands,2010,NA
1,Cocos Islands,2011,NA
1,Cocos Islands,2012,NA
1,Cocos Islands,2013,NA
1,Cocos Islands,2014,NA
1,Cocos Islands,2015,NA
1,Cocos Islands,2016,NA
1,Cocos Islands,2017,NA
1,Cocos Islands,2018,NA
1,Cocos Islands,2019,NA
2,Christmas Island,2008,NA
2,Christmas Island,2009,NA
2,Christmas Island,2010,NA
2,Christmas Island,2011,NA
2,Christmas Island,2012,NA
2,Christmas Island,2013,NA
2,Christmas Island,2014,NA
2,Christmas Island,2015,NA
2,Christmas Island,2016,NA
2,Christmas Island,2017,NA
2,Christmas Island,2018,NA
2,Christmas Island,2019,NA
3,Norfolk Island,2008,NA
3,Norfolk Island,2009,NA
3,Norfolk Island,2010,NA
3,Norfolk Island,2011,NA
3,Norfolk Island,2012,NA
3,Norfolk Island,2013,NA
3,Norfolk Island,2014,NA
3,Norfolk Island,2015,NA
3,Norfolk Island,2016,NA
3,Norfolk Island,2017,NA
3,Norfolk Island,2018,NA
3,Norfolk Island,2019,NA
4,Macquarie Island,2008,NA
4,Macquarie Island,2009,NA
4,Macquarie Island,2010,NA
4,Macquarie Island,2011,NA
4,Macquarie Island,2012,NA
4,Macquarie Island,2013,NA
4,Macquarie Island,2014,NA
4,Macquarie Island,2015,NA
4,Macquarie Island,2016,NA
4,Macquarie Island,2017,NA
4,Macquarie Island,2018,NA
4,Macquarie Island,2019,NA
5,New Caledonia,2008,53874017.52210226
5,New Caledonia,2009,47331303.98802617
5,New Caledonia,2010,31224217.09180507
5,New Caledonia,2011,40447430.90369807
5,New Caledonia,2012,37751192.36263722
5,New Caledonia,2013,38696737.28360979
5,New Caledonia,2014,40637034.30697956
5,New Caledonia,2015,29485989.931919336
5,New Caledonia,2016,35563372.19459922
5,New Caledonia,2017,32977329.706706975
5,New Caledonia,2018,35725137.13455394
5,New Caledonia,2019,34985635.56059176
6,Vanuatu,2008,181225210.0629744
6,Vanuatu,2009,169744266.31555995
6,Vanuatu,2010,118515075.48153901
6,Vanuatu,2011,105789788.48463778
6,Vanuatu,2012,114485865.60041839
6,Vanuatu,2013,84360857.5504736
6,Vanuatu,2014,84530769.33244827
6,Vanuatu,2015,102798086.60063718
6,Vanuatu,2016,65306774.07129873
6,Vanuatu,2017,55444236.985708155
6,Vanuatu,2018,72300905.35600409
6,Vanuatu,2019,79117213.54917914
7,Solomon Islands,2008,38808942.31896763
7,Solomon Islands,2009,45782838.11540225
7,Solomon Islands,2010,59539440.69788881
7,Solomon Islands,2011,62020040.92297518
7,Solomon Islands,2012,60465132.15707745
7,Solomon Islands,2013,49255579.949371755
7,Solomon Islands,2014,90585411.40044752
7,Solomon Islands,2015,89143432.2801624
7,Solomon Islands,2016,88359431.18154909
7,Solomon Islands,2017,75060796.22368762
7,Solomon Islands,2018,90262870.84568533
7,Solomon Islands,2019,89860661.56758338
8,Palau,2008,4160262.926092694
8,Palau,2009,4833722.942552098
8,Palau,2010,4264944.747662785
8,Palau,2011,4906666.708230812
8,Palau,2012,5480331.908384629
8,Palau,2013,6030236.78137457
8,Palau,2014,6538257.146084398
8,Palau,2015,7101964.2732687015
8,Palau,2016,6767035.488662939
8,Palau,2017,11428809.158831362
8,Palau,2018,11346529.407482661
8,Palau,2019,12590381.358098723
9,Micronesia,2008,42079287.12451068
9,Micronesia,2009,48149167.1876202
9,Micronesia,2010,40812540.606734514
9,Micronesia,2011,64222662.150747985
9,Micronesia,2012,83631062.53981234
9,Micronesia,2013,53892586.648172855
9,Micronesia,2014,60738183.541187584
9,Micronesia,2015,82554876.50435038
9,Micronesia,2016,123092274.01864171
9,Micronesia,2017,157315460.14790404
9,Micronesia,2018,199075087.8766471
9,Micronesia,2019,236270944.2221893
10,Nauru,2008,653729.4607651265
10,Nauru,2009,834579.1129805271
10,Nauru,2010,828436.5724202447
10,Nauru,2011,222469.1406845665
10,Nauru,2012,198451.9575933786
10,Nauru,2013,372755.8635255536
10,Nauru,2014,371010.8829942933
10,Nauru,2015,338855.93416855467
10,Nauru,2016,372282.03855877504
10,Nauru,2017,397020.4835639243
10,Nauru,2018,12803742.103985148
10,Nauru,2019,40898499.887671255
11,Marshall Islands,2008,60022459.91888903
11,Marshall Islands,2009,77988983.20721866
11,Marshall Islands,2010,84053434.17939489
11,Marshall Islands,2011,172686243.401921
11,Marshall Islands,2012,140085431.6170789
11,Marshall Islands,2013,98881160.4968394
11,Marshall Islands,2014,78468392.86528686
11,Marshall Islands,2015,93766067.39824787
11,Marshall Islands,2016,87818220.35742323
11,Marshall Islands,2017,112598315.0661158
11,Marshall Islands,2018,114122062.6716559
11,Marshall Islands,2019,131090047.2969685
12,Wake Island,2008,NA
12,Wake Island,2009,NA
12,Wake Island,2010,NA
12,Wake Island,2011,NA
12,Wake Island,2012,NA
12,Wake Island,2013,NA
12,Wake Island,2014,NA
12,Wake Island,2015,NA
12,Wake Island,2016,NA
12,Wake Island,2017,NA
12,Wake Island,2018,NA
12,Wake Island,2019,NA
13,Northern Mariana Islands and Guam,2008,15313738.87734973
13,Northern Mariana Islands and Guam,2009,15660267.632255053
13,Northern Mariana Islands and Guam,2010,15094986.283310192
13,Northern Mariana Islands and Guam,2011,14548587.707386687
13,Northern Mariana Islands and Guam,2012,14621625.025841465
13,Northern Mariana Islands and Guam,2013,14685699.40112932
13,Northern Mariana Islands and Guam,2014,14900524.343000898
13,Northern Mariana Islands and Guam,2015,14620337.97563684
13,Northern Mariana Islands and Guam,2016,15751119.240687393
13,Northern Mariana Islands and Guam,2017,19926146.104185987
13,Northern Mariana Islands and Guam,2018,23288661.19655963
13,Northern Mariana Islands and Guam,2019,27862202.71245211
14,Taiwan,2008,1666229093.1054842
14,Taiwan,2009,1554313877.9920194
14,Taiwan,2010,1515654931.0197468
14,Taiwan,2011,1761477721.547964
14,Taiwan,2012,1828896137.8929281
14,Taiwan,2013,1436819371.8080106
14,Taiwan,2014,1603531118.8386464
14,Taiwan,2015,1398159344.871114
14,Taiwan,2016,1298914082.0258424
14,Taiwan,2017,1494406980.3391848
14,Taiwan,2018,1571800360.5216665
14,Taiwan,2019,1373943661.8199904
15,Philippines,2008,6872974998.20464
15,Philippines,2009,6642363616.417668
15,Philippines,2010,6657249682.219856
15,Philippines,2011,6185594081.720356
15,Philippines,2012,6348427552.825671
15,Philippines,2013,6400926932.216009
15,Philippines,2014,6630171612.293687
15,Philippines,2015,6211155001.946505
15,Philippines,2016,5854799098.56768
15,Philippines,2017,6799561781.431419
15,Philippines,2018,6325921327.260279
15,Philippines,2019,6584441178.507075
16,Australia,2008,2647591510.6194334
16,Australia,2009,2651335657.344163
16,Australia,2010,2887628631.3767433
16,Australia,2011,3154298151.2093406
16,Australia,2012,3400961969.1860394
16,Australia,2013,3314308292.2490454
16,Australia,2014,2813538294.769894
16,Australia,2015,2698048182.755801
16,Australia,2016,2883365603.88446
16,Australia,2017,3096039632.570523
16,Australia,2018,3253615212.2990355
16,Australia,2019,2961137841.2819443
17,Papua New Guinea,2008,363251208.59163797
17,Papua New Guinea,2009,364910790.4679496
17,Papua New Guinea,2010,300038096.3408632
17,Papua New Guinea,2011,309397771.1631174
17,Papua New Guinea,2012,441477910.6513923
17,Papua New Guinea,2013,285033854.4984381
17,Papua New Guinea,2014,248764231.90191695
17,Papua New Guinea,2015,243659640.19580534
17,Papua New Guinea,2016,415903894.3597131
17,Papua New Guinea,2017,480954402.3564141
17,Papua New Guinea,2018,454310388.6440629
17,Papua New Guinea,2019,347310632.603216
18,Fiji,2008,76030469.59446633
18,Fiji,2009,87436242.52405505
18,Fiji,2010,70188748.70916836
18,Fiji,2011,87989057.03868733
18,Fiji,2012,79127558.26826735
18,Fiji,2013,73115896.60688907
18,Fiji,2014,77531243.65239508
18,Fiji,2015,73753095.68601277
18,Fiji,2016,80205525.6273309
18,Fiji,2017,93591556.60484941
18,Fiji,2018,83204031.58742435
18,Fiji,2019,79231000.22358741
19,Tuvalu,2008,6100347.651435734
19,Tuvalu,2009,6355495.756460518
19,Tuvalu,2010,14740874.931950206
19,Tuvalu,2011,18987300.866129633
19,Tuvalu,2012,34584459.26489175
19,Tuvalu,2013,14961094.939834798
19,Tuvalu,2014,7214376.819604312
19,Tuvalu,2015,6687569.97988297
19,Tuvalu,2016,10383867.939171202
19,Tuvalu,2017,11477273.546182092
19,Tuvalu,2018,18859704.38809052
19,Tuvalu,2019,10569147.246791022
20,South Korea,2008,7013812459.556875
20,South Korea,2009,7315920266.249613
20,South Korea,2010,7378029823.819407
20,South Korea,2011,7322930438.072132
20,South Korea,2012,7013280903.452408
20,South Korea,2013,7189220374.534451
20,South Korea,2014,7983882839.42786
20,South Korea,2015,7416775481.434752
20,South Korea,2016,7585960113.844478
20,South Korea,2017,9179815072.465656
20,South Korea,2018,9678136868.884449
20,South Korea,2019,8481172369.758274
21,North Korea,2008,395128161.88100123
21,North Korea,2009,406240517.59087384
21,North Korea,2010,414192395.11108696
21,North Korea,2011,405593671.2719681
21,North Korea,2012,404094923.0645598
21,North Korea,2013,467934189.92910594
21,North Korea,2014,495383916.09829164
21,North Korea,2015,463120589.12557244
21,North Korea,2016,493281461.54953885
21,North Korea,2017,495313599.4764424
21,North Korea,2018,522773579.23669314
21,North Korea,2019,503284881.5138353
24,Cambodia,2008,101861045.92776814
24,Cambodia,2009,103659191.85722843
24,Cambodia,2010,113505387.50953412
24,Cambodia,2011,110138221.32203841
24,Cambodia,2012,124211884.9764009
24,Cambodia,2013,210918591.02498332
24,Cambodia,2014,243991987.86210713
24,Cambodia,2015,212704419.83045965
24,Cambodia,2016,250263395.87826896
24,Cambodia,2017,244188405.528197
24,Cambodia,2018,260273952.15456507
24,Cambodia,2019,250162657.7148244
25,Thailand,2008,5111359058.948295
25,Thailand,2009,5758399334.709654
25,Thailand,2010,6064675577.119891
25,Thailand,2011,6722482790.919918
25,Thailand,2012,6623850129.899653
25,Thailand,2013,6296053170.316889
25,Thailand,2014,5657166145.411419
25,Thailand,2015,4888421052.239209
25,Thailand,2016,5326832380.120907
25,Thailand,2017,6075296956.307222
25,Thailand,2018,6316430262.54757
25,Thailand,2019,6518316039.370725
26,Andaman and Nicobar,2008,NA
26,Andaman and Nicobar,2009,NA
26,Andaman and Nicobar,2010,NA
26,Andaman and Nicobar,2011,NA
26,Andaman and Nicobar,2012,NA
26,Andaman and Nicobar,2013,NA
26,Andaman and Nicobar,2014,NA
26,Andaman and Nicobar,2015,NA
26,Andaman and Nicobar,2016,NA
26,Andaman and Nicobar,2017,NA
26,Andaman and Nicobar,2018,NA
26,Andaman and Nicobar,2019,NA
28,Comoro Islands,2008,31265782.26885375
28,Comoro Islands,2009,46768590.325012796
28,Comoro Islands,2010,58236126.133335724
28,Comoro Islands,2011,40744108.62584945
28,Comoro Islands,2012,35061008.1729185
28,Comoro Islands,2013,65960895.995977774
28,Comoro Islands,2014,10118746.547799075
28,Comoro Islands,2015,13339522.106296174
28,Comoro Islands,2016,31121243.967305083
28,Comoro Islands,2017,30301458.14844681
28,Comoro Islands,2018,23993090.342979033
28,Comoro Islands,2019,29038448.037217792
29,Mayotte,2008,24836162.68922501
29,Mayotte,2009,31192917.733736273
29,Mayotte,2010,33631630.34971524
29,Mayotte,2011,62474198.73445487
29,Mayotte,2012,67855951.43373407
29,Mayotte,2013,41625324.63522051
29,Mayotte,2014,4202805.415248085
29,Mayotte,2015,1788155.8920551569
29,Mayotte,2016,1607548.5299772501
29,Mayotte,2017,2287165.4286881424
29,Mayotte,2018,2095401.1938197755
29,Mayotte,2019,2185286.896515586
30,Glorioso Islands,2008,NA
30,Glorioso Islands,2009,NA
30,Glorioso Islands,2010,NA
30,Glorioso Islands,2011,NA
30,Glorioso Islands,2012,NA
30,Glorioso Islands,2013,NA
30,Glorioso Islands,2014,NA
30,Glorioso Islands,2015,NA
30,Glorioso Islands,2016,NA
30,Glorioso Islands,2017,NA
30,Glorioso Islands,2018,NA
30,Glorioso Islands,2019,NA
31,Seychelles,2008,154614242.88036028
31,Seychelles,2009,187266112.74447918
31,Seychelles,2010,148505576.3716836
31,Seychelles,2011,176555874.06587455
31,Seychelles,2012,170925972.88195693
31,Seychelles,2013,113334610.05927664
31,Seychelles,2014,100976523.44571374
31,Seychelles,2015,140309727.92373756
31,Seychelles,2016,189314889.47506243
31,Seychelles,2017,237071514.23737985
31,Seychelles,2018,225260761.9939749
31,Seychelles,2019,203943273.23930216
32,Reunion,2008,11701159.2467929
32,Reunion,2009,11371617.162304569
32,Reunion,2010,10572495.844384862
32,Reunion,2011,13022778.561123725
32,Reunion,2012,8754467.31820103
32,Reunion,2013,5466214.938489552
32,Reunion,2014,7485707.776229727
32,Reunion,2015,5756783.794728227
32,Reunion,2016,7357118.16853881
32,Reunion,2017,5857913.809375958
32,Reunion,2018,5611177.821937849
32,Reunion,2019,5770943.131176275
33,Juan de Nova Island,2008,NA
33,Juan de Nova Island,2009,NA
33,Juan de Nova Island,2010,NA
33,Juan de Nova Island,2011,NA
33,Juan de Nova Island,2012,NA
33,Juan de Nova Island,2013,NA
33,Juan de Nova Island,2014,NA
33,Juan de Nova Island,2015,NA
33,Juan de Nova Island,2016,NA
33,Juan de Nova Island,2017,NA
33,Juan de Nova Island,2018,NA
33,Juan de Nova Island,2019,NA
34,Bassas da India,2008,NA
34,Bassas da India,2009,NA
34,Bassas da India,2010,NA
34,Bassas da India,2011,NA
34,Bassas da India,2012,NA
34,Bassas da India,2013,NA
34,Bassas da India,2014,NA
34,Bassas da India,2015,NA
34,Bassas da India,2016,NA
34,Bassas da India,2017,NA
34,Bassas da India,2018,NA
34,Bassas da India,2019,NA
35,Ile Europa,2008,NA
35,Ile Europa,2009,NA
35,Ile Europa,2010,NA
35,Ile Europa,2011,NA
35,Ile Europa,2012,NA
35,Ile Europa,2013,NA
35,Ile Europa,2014,NA
35,Ile Europa,2015,NA
35,Ile Europa,2016,NA
35,Ile Europa,2017,NA
35,Ile Europa,2018,NA
35,Ile Europa,2019,NA
36,Ile Tromelin,2008,NA
36,Ile Tromelin,2009,NA
36,Ile Tromelin,2010,NA
36,Ile Tromelin,2011,NA
36,Ile Tromelin,2012,NA
36,Ile Tromelin,2013,NA
36,Ile Tromelin,2014,NA
36,Ile Tromelin,2015,NA
36,Ile Tromelin,2016,NA
36,Ile Tromelin,2017,NA
36,Ile Tromelin,2018,NA
36,Ile Tromelin,2019,NA
37,Mauritius,2008,32423415.15574437
37,Mauritius,2009,37052550.51586414
37,Mauritius,2010,41871782.147209994
37,Mauritius,2011,34678308.61667526
37,Mauritius,2012,31476068.205112353
37,Mauritius,2013,34290199.8524914
37,Mauritius,2014,49265695.59520498
37,Mauritius,2015,51276886.42737237
37,Mauritius,2016,56154151.64582941
37,Mauritius,2017,77902625.64610824
37,Mauritius,2018,90590536.62552054
37,Mauritius,2019,105117957.43799949
38,British Indian Ocean Territory,2008,55046.30889099521
38,British Indian Ocean Territory,2009,56040.01369725093
38,British Indian Ocean Territory,2010,106924.57043878583
38,British Indian Ocean Territory,2011,75828.68217236802
38,British Indian Ocean Territory,2012,28490.127911696847
38,British Indian Ocean Territory,2013,26501.537193180568
38,British Indian Ocean Territory,2014,21252.26344964904
38,British Indian Ocean Territory,2015,26176.966617663937
38,British Indian Ocean Territory,2016,16660.726143300995
38,British Indian Ocean Territory,2017,39455.37636037967
38,British Indian Ocean Territory,2018,21642.972402339772
38,British Indian Ocean Territory,2019,21126.929549997763
39,Maldives,2008,206841169.18100822
39,Maldives,2009,180729307.53984433
39,Maldives,2010,167204989.77872458
39,Maldives,2011,196803356.89015055
39,Maldives,2012,201257351.4799995
39,Maldives,2013,162192582.19311988
39,Maldives,2014,140917440.82032365
39,Maldives,2015,140236365.0677975
39,Maldives,2016,171677196.50407198
39,Maldives,2017,214222990.6146034
39,Maldives,2018,210252828.98468646
39,Maldives,2019,169936581.02067128
40,Sri Lanka,2008,474990054.8809647
40,Sri Lanka,2009,532553684.15322304
40,Sri Lanka,2010,522434329.1909651
40,Sri Lanka,2011,547222680.0958587
40,Sri Lanka,2012,727760495.4265151
40,Sri Lanka,2013,676678282.3010793
40,Sri Lanka,2014,728353382.6829304
40,Sri Lanka,2015,672972445.6567994
40,Sri Lanka,2016,745868115.714554
40,Sri Lanka,2017,782927336.2421228
40,Sri Lanka,2018,781062547.0812227
40,Sri Lanka,2019,784606153.5842322
41,Mozambique,2008,121915555.19929023
41,Mozambique,2009,133310628.17751773
41,Mozambique,2010,153116644.29078275
41,Mozambique,2011,154927688.98558998
41,Mozambique,2012,167189981.47863874
41,Mozambique,2013,238900869.01705942
41,Mozambique,2014,277496172.1653205
41,Mozambique,2015,295869256.7324617
41,Mozambique,2016,332819266.77729267
41,Mozambique,2017,396754498.12289935
41,Mozambique,2018,442473308.9091366
41,Mozambique,2019,489758488.5949319
42,Madagascar,2008,185220603.5694242
42,Madagascar,2009,160725944.01116213
42,Madagascar,2010,146824029.47053835
42,Madagascar,2011,182074716.51069158
42,Madagascar,2012,173636650.64249226
42,Madagascar,2013,225411023.60232723
42,Madagascar,2014,190815863.62355453
42,Madagascar,2015,183978116.2320633
42,Madagascar,2016,284508928.7142025
42,Madagascar,2017,331540923.8193929
42,Madagascar,2018,306341079.84322584
42,Madagascar,2019,262754229.1829623
43,Kenya,2008,19256628.497666378
43,Kenya,2009,15755891.844161812
43,Kenya,2010,19834384.96966856
43,Kenya,2011,16011468.618757568
43,Kenya,2012,17329984.10950274
43,Kenya,2013,19993258.938441113
43,Kenya,2014,22949426.481816452
43,Kenya,2015,25862410.724304415
43,Kenya,2016,37231117.62279801
43,Kenya,2017,77044491.0187354
43,Kenya,2018,70873417.25036143
43,Kenya,2019,67876108.46398234
44,Somalia,2008,32975910.52371718
44,Somalia,2009,29354468.196219638
44,Somalia,2010,29594646.890186884
44,Somalia,2011,30574445.311350144
44,Somalia,2012,31239079.07864147
44,Somalia,2013,51599141.965947896
44,Somalia,2014,49952262.37177026
44,Somalia,2015,45987870.35083012
44,Somalia,2016,49665170.42113703
44,Somalia,2017,49279828.00647848
44,Somalia,2018,52761162.31805952
44,Somalia,2019,49783301.692790344
45,Eritrea,2008,5171936.825186567
45,Eritrea,2009,8442716.115093663
45,Eritrea,2010,7135362.981015305
45,Eritrea,2011,4809207.149274925
45,Eritrea,2012,4930398.2054903405
45,Eritrea,2013,5153358.64511927
45,Eritrea,2014,6699362.903898677
45,Eritrea,2015,10807625.607439158
45,Eritrea,2016,4931145.348400206
45,Eritrea,2017,8130372.970441353
45,Eritrea,2018,9983462.700927448
45,Eritrea,2019,10525524.357622031
46,Djibouti,2008,2875704.2715913034
46,Djibouti,2009,2581354.4738771976
46,Djibouti,2010,3076929.8019797755
46,Djibouti,2011,2810996.7488346263
46,Djibouti,2012,3748752.3751225816
46,Djibouti,2013,3097724.218025461
46,Djibouti,2014,4553211.384253812
46,Djibouti,2015,4077685.1992965885
46,Djibouti,2016,4232392.2957411455
46,Djibouti,2017,4754230.307526222
46,Djibouti,2018,4358416.6963871
46,Djibouti,2019,5329253.877517169
47,Yemen,2008,222145060.22977436
47,Yemen,2009,341133452.14008504
47,Yemen,2010,300485528.19149965
47,Yemen,2011,279419744.0499817
47,Yemen,2012,352537615.39572954
47,Yemen,2013,342528100.21561766
47,Yemen,2014,341435520.0879635
47,Yemen,2015,265816547.54963583
47,Yemen,2016,226656154.43732774
47,Yemen,2017,241801238.36166012
47,Yemen,2018,222185060.41140434
47,Yemen,2019,218235623.87758824
48,Oman,2008,257734778.13164324
48,Oman,2009,280226096.10344946
48,Oman,2010,292777975.440376
48,Oman,2011,271844541.82747006
48,Oman,2012,298185655.4380609
48,Oman,2013,339604905.53466344
48,Oman,2014,360503842.40520376
48,Oman,2015,404409511.88653046
48,Oman,2016,415960836.21256846
48,Oman,2017,637880516.5688838
48,Oman,2018,790477475.0507874
48,Oman,2019,849111934.9428151
49,Sudan,2008,4218531.110992274
49,Sudan,2009,4115941.0416078274
49,Sudan,2010,3808480.971756493
49,Sudan,2011,3666159.6191236097
49,Sudan,2012,3712611.861593882
49,Sudan,2013,5653824.067381051
49,Sudan,2014,3989305.453793278
49,Sudan,2015,2164933.678445105
49,Sudan,2016,3436723.6572404625
49,Sudan,2017,4613028.993942106
49,Sudan,2018,4679922.580198442
49,Sudan,2019,3951196.4631739054
50,Saudi Arabia,2008,569980688.2475578
50,Saudi Arabia,2009,650035037.6066781
50,Saudi Arabia,2010,638839412.7684546
50,Saudi Arabia,2011,363720662.0275388
50,Saudi Arabia,2012,277084365.7174154
50,Saudi Arabia,2013,203371938.20459318
50,Saudi Arabia,2014,409262925.9385117
50,Saudi Arabia,2015,498145464.43132985
50,Saudi Arabia,2016,594932492.1056406
50,Saudi Arabia,2017,819071896.2351089
50,Saudi Arabia,2018,933106336.3860872
50,Saudi Arabia,2019,991642123.646472
51,Kuwait,2008,9345853.599355487
51,Kuwait,2009,12676873.7300208
51,Kuwait,2010,17115130.670786414
51,Kuwait,2011,9537630.397188146
51,Kuwait,2012,7870750.289830877
51,Kuwait,2013,9803827.347315747
51,Kuwait,2014,9187524.185181353
51,Kuwait,2015,9303374.74614001
51,Kuwait,2016,11317964.02680395
51,Kuwait,2017,10820647.674129905
51,Kuwait,2018,6677996.273555879
51,Kuwait,2019,6198672.577043737
52,Bahrain,2008,42605307.924512915
52,Bahrain,2009,42927527.45864609
52,Bahrain,2010,48849358.574320294
52,Bahrain,2011,31139197.917186514
52,Bahrain,2012,44729337.676481746
52,Bahrain,2013,44000218.98098521
52,Bahrain,2014,56096501.36033936
52,Bahrain,2015,54136983.776087254
52,Bahrain,2016,46242708.99464482
52,Bahrain,2017,57835985.262395166
52,Bahrain,2018,48876428.67550927
52,Bahrain,2019,46446067.12388211
53,Pakistan,2008,673413732.0179515
53,Pakistan,2009,661681686.9054466
53,Pakistan,2010,692911774.8236617
53,Pakistan,2011,650784149.7956866
53,Pakistan,2012,675268512.6741151
53,Pakistan,2013,680390999.8404965
53,Pakistan,2014,645955336.9191272
53,Pakistan,2015,683422221.4844273
53,Pakistan,2016,687924229.8796866
53,Pakistan,2017,839926919.7584888
53,Pakistan,2018,703396940.108234
53,Pakistan,2019,611537172.2316946
54,United Arab Emirates,2008,169834831.187881
54,United Arab Emirates,2009,185947907.83114815
54,United Arab Emirates,2010,167432641.6023647
54,United Arab Emirates,2011,147507865.06820735
54,United Arab Emirates,2012,153089805.4698705
54,United Arab Emirates,2013,144133045.37966025
54,United Arab Emirates,2014,168666691.73531875
54,United Arab Emirates,2015,173495841.79327083
54,United Arab Emirates,2016,159950297.61935896
54,United Arab Emirates,2017,248104506.5829623
54,United Arab Emirates,2018,185528711.70393437
54,United Arab Emirates,2019,181041095.02873468
55,Azores,2008,NA
55,Azores,2009,NA
55,Azores,2010,NA
55,Azores,2011,NA
55,Azores,2012,NA
55,Azores,2013,NA
55,Azores,2014,NA
55,Azores,2015,NA
55,Azores,2016,NA
55,Azores,2017,NA
55,Azores,2018,NA
55,Azores,2019,NA
56,Cape Verde,2008,42243053.38495957
56,Cape Verde,2009,41125787.9858329
56,Cape Verde,2010,36577296.03823227
56,Cape Verde,2011,44850143.72423912
56,Cape Verde,2012,39986635.668851696
56,Cape Verde,2013,50554114.30004791
56,Cape Verde,2014,49361238.15906708
56,Cape Verde,2015,52240851.24551436
56,Cape Verde,2016,42566077.06663947
56,Cape Verde,2017,33617372.15762168
56,Cape Verde,2018,48802488.804702796
56,Cape Verde,2019,28732460.94375094
57,Madeira,2008,NA
57,Madeira,2009,NA
57,Madeira,2010,NA
57,Madeira,2011,NA
57,Madeira,2012,NA
57,Madeira,2013,NA
57,Madeira,2014,NA
57,Madeira,2015,NA
57,Madeira,2016,NA
57,Madeira,2017,NA
57,Madeira,2018,NA
57,Madeira,2019,NA
58,Canary Islands,2008,NA
58,Canary Islands,2009,NA
58,Canary Islands,2010,NA
58,Canary Islands,2011,NA
58,Canary Islands,2012,NA
58,Canary Islands,2013,NA
58,Canary Islands,2014,NA
58,Canary Islands,2015,NA
58,Canary Islands,2016,NA
58,Canary Islands,2017,NA
58,Canary Islands,2018,NA
58,Canary Islands,2019,NA
59,Belgium,2008,72846785.46323508
59,Belgium,2009,70761430.37735221
59,Belgium,2010,68121166.59166163
59,Belgium,2011,67590689.19041795
59,Belgium,2012,74741419.75320494
59,Belgium,2013,75961203.64274846
59,Belgium,2014,75823501.24724562
59,Belgium,2015,71207893.66753024
59,Belgium,2016,71871325.66391252
59,Belgium,2017,67134911.34936777
59,Belgium,2018,63280917.9898319
59,Belgium,2019,90606922.11469258
60,Gibraltar,2008,736.2842106231434
60,Gibraltar,2009,715.9191479137663
60,Gibraltar,2010,715.8752588610571
60,Gibraltar,2011,737.0241876868986
60,Gibraltar,2012,734.0102472320307
60,Gibraltar,2013,1416.0758779939874
60,Gibraltar,2014,1342.5461730279326
60,Gibraltar,2015,1237.6734750056855
60,Gibraltar,2016,1374.5867317323239
60,Gibraltar,2017,1395.35057288025
60,Gibraltar,2018,1521.2462246866821
60,Gibraltar,2019,1428.9711988880576
61,Tunisia,2008,238861343.73436886
61,Tunisia,2009,230408863.27687463
61,Tunisia,2010,232710011.06341168
61,Tunisia,2011,254553419.16086885
61,Tunisia,2012,306066394.0820145
61,Tunisia,2013,335621964.490151
61,Tunisia,2014,360513836.47958106
61,Tunisia,2015,362088899.3495808
61,Tunisia,2016,352600218.0796993
61,Tunisia,2017,409752403.6594361
61,Tunisia,2018,380060365.6895133
61,Tunisia,2019,468026673.5271865
62,Morocco,2008,1197740511.8447661
62,Morocco,2009,1285373305.3680155
62,Morocco,2010,1112061356.0362334
62,Morocco,2011,995934226.4413927
62,Morocco,2012,1130502596.104329
62,Morocco,2013,1851205021.3033476
62,Morocco,2014,2047791671.9172933
62,Morocco,2015,1801927023.0715992
62,Morocco,2016,1839969404.7435074
62,Morocco,2017,1894130281.8839853
62,Morocco,2018,1926042930.23953
62,Morocco,2019,2139895465.5590672
63,Western Sahara,2008,NA
63,Western Sahara,2009,NA
63,Western Sahara,2010,NA
63,Western Sahara,2011,NA
63,Western Sahara,2012,NA
63,Western Sahara,2013,NA
63,Western Sahara,2014,NA
63,Western Sahara,2015,NA
63,Western Sahara,2016,NA
63,Western Sahara,2017,NA
63,Western Sahara,2018,NA
63,Western Sahara,2019,NA
64,Mauritania,2008,172048652.7940469
64,Mauritania,2009,184683713.4451438
64,Mauritania,2010,241472134.46863005
64,Mauritania,2011,309087274.05423856
64,Mauritania,2012,388865259.2995048
64,Mauritania,2013,475554920.79050636
64,Mauritania,2014,443494069.75639826
64,Mauritania,2015,504946948.4492675
64,Mauritania,2016,632775153.5446434
64,Mauritania,2017,1169516866.9549708
64,Mauritania,2018,1206296955.4084547
64,Mauritania,2019,935635700.97129035
65,Gambia,2008,58840816.31958329
65,Gambia,2009,69638901.33209305
65,Gambia,2010,73530042.38962989
65,Gambia,2011,54687180.42955819
65,Gambia,2012,55981521.37776882
65,Gambia,2013,71956547.81475087
65,Gambia,2014,86932642.60746606
65,Gambia,2015,97003922.72098312
65,Gambia,2016,83879196.8403434
65,Gambia,2017,103172956.3175536
65,Gambia,2018,84007613.46323727
65,Gambia,2019,95186489.29338004
66,Senegal,2008,358839464.5525836
66,Senegal,2009,482076552.23230326
66,Senegal,2010,428956617.5435166
66,Senegal,2011,400398636.41274554
66,Senegal,2012,404693815.88014966
66,Senegal,2013,535287684.5087647
66,Senegal,2014,567752862.9395986
66,Senegal,2015,449105779.41744566
66,Senegal,2016,520699451.58329
66,Senegal,2017,776919789.0468832
66,Senegal,2018,695509027.7271279
66,Senegal,2019,650263046.3922156
67,Libya,2008,82080549.83755538
67,Libya,2009,115066953.9854557
67,Libya,2010,105827858.42630324
67,Libya,2011,62999130.64743797
67,Libya,2012,71854152.82590725
67,Libya,2013,68959884.47494486
67,Libya,2014,51008258.95929306
67,Libya,2015,54391727.63889399
67,Libya,2016,64022860.68432232
67,Libya,2017,74261574.01595983
67,Libya,2018,68032890.68127853
67,Libya,2019,72597903.62867403
68,Malta,2008,381828307.3314356
68,Malta,2009,199796033.44775042
68,Malta,2010,292054045.0299467
68,Malta,2011,170793724.6435716
68,Malta,2012,310506751.8684532
68,Malta,2013,357465068.64128107
68,Malta,2014,324254647.7189905
68,Malta,2015,355231950.9203785
68,Malta,2016,440425807.15620625
68,Malta,2017,574717808.558477
68,Malta,2018,747862278.8996046
68,Malta,2019,419593450.1800419
69,Latvia,2008,92439826.80122086
69,Latvia,2009,102858901.51572809
69,Latvia,2010,94683943.77668852
69,Latvia,2011,96071659.59511289
69,Latvia,2012,61550619.73439954
69,Latvia,2013,92676765.5639313
69,Latvia,2014,96609580.0980439
69,Latvia,2015,70876714.93110266
69,Latvia,2016,101519360.09857917
69,Latvia,2017,45100182.34711915
69,Latvia,2018,45405796.359312095
69,Latvia,2019,40981130.39489519
70,Estonia,2008,78697903.59291872
70,Estonia,2009,64472453.885856986
70,Estonia,2010,68020978.57145146
70,Estonia,2011,72452940.69573067
70,Estonia,2012,55850855.74634112
70,Estonia,2013,68603077.25831646
70,Estonia,2014,73947188.48753257
70,Estonia,2015,69731290.44548061
70,Estonia,2016,74746131.77009049
70,Estonia,2017,80966607.99454825
70,Estonia,2018,86716254.90136623
70,Estonia,2019,85071146.9153426
71,Bulgaria,2008,17056103.799398378
71,Bulgaria,2009,13417665.555121275
71,Bulgaria,2010,23711614.117934294
71,Bulgaria,2011,16812204.56040214
71,Bulgaria,2012,17594393.211994022
71,Bulgaria,2013,24546487.32529399
71,Bulgaria,2014,22869943.29867719
71,Bulgaria,2015,20815597.603329156
71,Bulgaria,2016,20652611.25492224
71,Bulgaria,2017,18108941.19600939
71,Bulgaria,2018,17133557.971875027
71,Bulgaria,2019,18359948.417627275
72,Romania,2008,2232663.562442228
72,Romania,2009,2244754.315536727
72,Romania,2010,2127810.919810723
72,Romania,2011,2925314.1097826343
72,Romania,2012,3900060.7047529207
72,Romania,2013,6668502.132660622
72,Romania,2014,7520226.854351344
72,Romania,2015,13973791.58056123
72,Romania,2016,19079422.202000003
72,Romania,2017,23582257.021175407
72,Romania,2018,20892126.196951132
72,Romania,2019,17356661.193485405
73,Russia,2008,3729906839.3902955
73,Russia,2009,4848282490.129759
73,Russia,2010,5151694986.520344
73,Russia,2011,5311429989.811
73,Russia,2012,5579766400.743867
73,Russia,2013,5258431951.002798
73,Russia,2014,5247386757.923448
73,Russia,2015,4996080114.6278
73,Russia,2016,5443199955.66288
73,Russia,2017,5967262247.236459
73,Russia,2018,7277208810.512781
73,Russia,2019,7212286718.344098
74,Georgia,2008,42168685.58985667
74,Georgia,2009,41290170.83602313
74,Georgia,2010,35767724.84386027
74,Georgia,2011,15411033.467146244
74,Georgia,2012,8585953.48398062
74,Georgia,2013,22103112.14346026
74,Georgia,2014,37536576.962522656
74,Georgia,2015,34005903.20435522
74,Georgia,2016,65357453.625260025
74,Georgia,2017,228198117.88167277
74,Georgia,2018,306133683.16791755
74,Georgia,2019,352865274.4629545
75,Ukraine,2008,197364363.6184074
75,Ukraine,2009,161296359.37257496
75,Ukraine,2010,167519810.54396218
75,Ukraine,2011,122018142.26005809
75,Ukraine,2012,116557191.78937261
75,Ukraine,2013,257756678.1651042
75,Ukraine,2014,175548337.26892072
75,Ukraine,2015,163605025.0110194
75,Ukraine,2016,103798632.21192096
75,Ukraine,2017,192473257.62888715
75,Ukraine,2018,130839872.06899762
75,Ukraine,2019,148339842.97510096
76,Turkey,2008,1298393667.7201674
76,Turkey,2009,1165168127.9913788
76,Turkey,2010,1269853608.4743834
76,Turkey,2011,1167819301.2583141
76,Turkey,2012,1381853981.9200904
76,Turkey,2013,1478770483.163885
76,Turkey,2014,1560584521.1749244
76,Turkey,2015,1627055723.3675194
76,Turkey,2016,1769014242.901114
76,Turkey,2017,1879144743.608038
76,Turkey,2018,1869759737.9822378
76,Turkey,2019,2228675166.008957
77,Syria,2008,6556770.0239557065
77,Syria,2009,6180422.5978231365
77,Syria,2010,6316573.028091873
77,Syria,2011,4835898.744049674
77,Syria,2012,4073639.4661393827
77,Syria,2013,3444407.251047858
77,Syria,2014,2701473.3102075444
77,Syria,2015,2748444.952945048
77,Syria,2016,3116715.6715604183
77,Syria,2017,3567685.272943959
77,Syria,2018,3200735.131557108
77,Syria,2019,3289613.4023225135
78,Lebanon,2008,18886331.331427854
78,Lebanon,2009,24698596.3965034
78,Lebanon,2010,25997094.795838997
78,Lebanon,2011,25178655.644970935
78,Lebanon,2012,24026958.009740595
78,Lebanon,2013,24329707.888924364
78,Lebanon,2014,26677504.065498438
78,Lebanon,2015,29101477.317511853
78,Lebanon,2016,29046491.853914835
78,Lebanon,2017,29636681.212753996
78,Lebanon,2018,26467385.813241456
78,Lebanon,2019,25192025.13004549
79,Israel,2008,160887763.06691885
79,Israel,2009,118289784.1473526
79,Israel,2010,137759445.95022324
79,Israel,2011,145194511.52373332
79,Israel,2012,166517946.08716607
79,Israel,2013,180590116.56419393
79,Israel,2014,174013146.8664861
79,Israel,2015,156035593.18948033
79,Israel,2016,162651075.55444905
79,Israel,2017,184724649.5953759
79,Israel,2018,184289176.99662745
79,Israel,2019,218470080.70544067
80,Greece,2008,1772844710.729327
80,Greece,2009,1789897717.3442938
80,Greece,2010,1831276833.488854
80,Greece,2011,1944123618.4029326
80,Greece,2012,1670145656.8169863
80,Greece,2013,1701263856.376895
80,Greece,2014,1725875337.4993677
80,Greece,2015,1578769536.8506331
80,Greece,2016,1710274750.7089689
80,Greece,2017,1783832727.9686477
80,Greece,2018,1806510573.454582
80,Greece,2019,1659830969.6830282
81,Cyprus,2008,137182450.52655897
81,Cyprus,2009,78155728.84230597
81,Cyprus,2010,73733933.54594137
81,Cyprus,2011,99927211.39424317
81,Cyprus,2012,78603623.64373413
81,Cyprus,2013,97857241.80493112
81,Cyprus,2014,92439140.15810339
81,Cyprus,2015,90747742.14980319
81,Cyprus,2016,100295675.78906173
81,Cyprus,2017,104943393.1647718
81,Cyprus,2018,109854548.00097816
81,Cyprus,2019,114077750.62343167
82,Albania,2008,20979856.801317837
82,Albania,2009,23389225.92428772
82,Albania,2010,22666512.973512597
82,Albania,2011,20074915.50573224
82,Albania,2012,47950243.18818132
82,Albania,2013,53208620.88445423
82,Albania,2014,53916588.28417934
82,Albania,2015,48220589.870826274
82,Albania,2016,52766724.795867786
82,Albania,2017,59812882.489496045
82,Albania,2018,56171840.15236654
82,Albania,2019,56879733.130156346
84,Algeria,2008,161212021.76448902
84,Algeria,2009,147699337.74432385
84,Algeria,2010,115312613.94485128
84,Algeria,2011,119063099.21580292
84,Algeria,2012,168602871.98392975
84,Algeria,2013,161899737.16201624
84,Algeria,2014,164477990.0400279
84,Algeria,2015,140466583.54075363
84,Algeria,2016,143239167.2559131
84,Algeria,2017,181619474.0409348
84,Algeria,2018,183821779.19819805
84,Algeria,2019,180531678.1468249
85,Ascension,2008,NA
85,Ascension,2009,NA
85,Ascension,2010,NA
85,Ascension,2011,NA
85,Ascension,2012,NA
85,Ascension,2013,NA
85,Ascension,2014,NA
85,Ascension,2015,NA
85,Ascension,2016,NA
85,Ascension,2017,NA
85,Ascension,2018,NA
85,Ascension,2019,NA
86,Saint Helena,2008,8063483.08211242
86,Saint Helena,2009,8277220.540372424
86,Saint Helena,2010,9982783.122286798
86,Saint Helena,2011,9763392.15854058
86,Saint Helena,2012,5535262.452590728
86,Saint Helena,2013,9194845.738906603
86,Saint Helena,2014,14021913.2478306
86,Saint Helena,2015,11112134.707502836
86,Saint Helena,2016,14146450.242838284
86,Saint Helena,2017,11846897.445425924
86,Saint Helena,2018,12991610.835145097
86,Saint Helena,2019,11678882.16550252
88,Tristan da Cunha,2008,NA
88,Tristan da Cunha,2009,NA
88,Tristan da Cunha,2010,NA
88,Tristan da Cunha,2011,NA
88,Tristan da Cunha,2012,NA
88,Tristan da Cunha,2013,NA
88,Tristan da Cunha,2014,NA
88,Tristan da Cunha,2015,NA
88,Tristan da Cunha,2016,NA
88,Tristan da Cunha,2017,NA
88,Tristan da Cunha,2018,NA
88,Tristan da Cunha,2019,NA
89,South Georgia and the South Sandwich Islands,2008,NA
89,South Georgia and the South Sandwich Islands,2009,NA
89,South Georgia and the South Sandwich Islands,2010,NA
89,South Georgia and the South Sandwich Islands,2011,NA
89,South Georgia and the South Sandwich Islands,2012,NA
89,South Georgia and the South Sandwich Islands,2013,NA
89,South Georgia and the South Sandwich Islands,2014,NA
89,South Georgia and the South Sandwich Islands,2015,NA
89,South Georgia and the South Sandwich Islands,2016,NA
89,South Georgia and the South Sandwich Islands,2017,NA
89,South Georgia and the South Sandwich Islands,2018,NA
89,South Georgia and the South Sandwich Islands,2019,NA
90,Prince Edward Islands,2008,NA
90,Prince Edward Islands,2009,NA
90,Prince Edward Islands,2010,NA
90,Prince Edward Islands,2011,NA
90,Prince Edward Islands,2012,NA
90,Prince Edward Islands,2013,NA
90,Prince Edward Islands,2014,NA
90,Prince Edward Islands,2015,NA
90,Prince Edward Islands,2016,NA
90,Prince Edward Islands,2017,NA
90,Prince Edward Islands,2018,NA
90,Prince Edward Islands,2019,NA
91,Crozet Islands,2008,NA
91,Crozet Islands,2009,NA
91,Crozet Islands,2010,NA
91,Crozet Islands,2011,NA
91,Crozet Islands,2012,NA
91,Crozet Islands,2013,NA
91,Crozet Islands,2014,NA
91,Crozet Islands,2015,NA
91,Crozet Islands,2016,NA
91,Crozet Islands,2017,NA
91,Crozet Islands,2018,NA
91,Crozet Islands,2019,NA
92,Amsterdam Island and Saint Paul Island,2008,NA
92,Amsterdam Island and Saint Paul Island,2009,NA
92,Amsterdam Island and Saint Paul Island,2010,NA
92,Amsterdam Island and Saint Paul Island,2011,NA
92,Amsterdam Island and Saint Paul Island,2012,NA
92,Amsterdam Island and Saint Paul Island,2013,NA
92,Amsterdam Island and Saint Paul Island,2014,NA
92,Amsterdam Island and Saint Paul Island,2015,NA
92,Amsterdam Island and Saint Paul Island,2016,NA
92,Amsterdam Island and Saint Paul Island,2017,NA
92,Amsterdam Island and Saint Paul Island,2018,NA
92,Amsterdam Island and Saint Paul Island,2019,NA
93,Kerguelen Islands,2008,NA
93,Kerguelen Islands,2009,NA
93,Kerguelen Islands,2010,NA
93,Kerguelen Islands,2011,NA
93,Kerguelen Islands,2012,NA
93,Kerguelen Islands,2013,NA
93,Kerguelen Islands,2014,NA
93,Kerguelen Islands,2015,NA
93,Kerguelen Islands,2016,NA
93,Kerguelen Islands,2017,NA
93,Kerguelen Islands,2018,NA
93,Kerguelen Islands,2019,NA
94,Heard and McDonald Islands,2008,NA
94,Heard and McDonald Islands,2009,NA
94,Heard and McDonald Islands,2010,NA
94,Heard and McDonald Islands,2011,NA
94,Heard and McDonald Islands,2012,NA
94,Heard and McDonald Islands,2013,NA
94,Heard and McDonald Islands,2014,NA
94,Heard and McDonald Islands,2015,NA
94,Heard and McDonald Islands,2016,NA
94,Heard and McDonald Islands,2017,NA
94,Heard and McDonald Islands,2018,NA
94,Heard and McDonald Islands,2019,NA
95,Falkland Islands,2008,155798088.78793743
95,Falkland Islands,2009,123353018.82313283
95,Falkland Islands,2010,202006867.47186872
95,Falkland Islands,2011,119003090.31105235
95,Falkland Islands,2012,134400076.93760714
95,Falkland Islands,2013,107668939.0643789
95,Falkland Islands,2014,127711120.05337273
95,Falkland Islands,2015,99608959.53534405
95,Falkland Islands,2016,132254413.04345647
95,Falkland Islands,2017,154124923.44977915
95,Falkland Islands,2018,191650218.1772681
95,Falkland Islands,2019,186634405.49363774
96,Sierra Leone,2008,212833337.57148713
96,Sierra Leone,2009,239269604.26070365
96,Sierra Leone,2010,262531828.48797432
96,Sierra Leone,2011,212350925.639016
96,Sierra Leone,2012,311567609.49251217
96,Sierra Leone,2013,312067411.2075549
96,Sierra Leone,2014,322583170.4991743
96,Sierra Leone,2015,292225793.8586613
96,Sierra Leone,2016,278418841.5478063
96,Sierra Leone,2017,364622971.4452704
96,Sierra Leone,2018,316515317.42855865
96,Sierra Leone,2019,310661218.6440172
97,Liberia,2008,14509196.37856509
97,Liberia,2009,17961458.468651835
97,Liberia,2010,20356179.294688594
97,Liberia,2011,21316513.194033585
97,Liberia,2012,19395730.92989718
97,Liberia,2013,23794381.92326192
97,Liberia,2014,26893052.888927344
97,Liberia,2015,25930270.59373702
97,Liberia,2016,23289690.20486636
97,Liberia,2017,28369725.30863828
97,Liberia,2018,32267631.558123607
97,Liberia,2019,36817518.42651154
98,Togo,2008,25045039.179520532
98,Togo,2009,37460665.56093444
98,Togo,2010,31518105.116062306
98,Togo,2011,26555297.88483998
98,Togo,2012,13344459.384029564
98,Togo,2013,21804040.352526914
98,Togo,2014,22126640.39477119
98,Togo,2015,24106008.903503384
98,Togo,2016,41424324.54573495
98,Togo,2017,40603929.9899774
98,Togo,2018,32360738.5530668
98,Togo,2019,32650844.80186407
99,Benin,2008,13342317.620015398
99,Benin,2009,15310843.052686814
99,Benin,2010,13219540.473235447
99,Benin,2011,10688620.722104084
99,Benin,2012,18565933.173469458
99,Benin,2013,26284370.206301946
99,Benin,2014,26699651.201733455
99,Benin,2015,28732639.122704074
99,Benin,2016,37867913.76008539
99,Benin,2017,37521636.570439436
99,Benin,2018,57013493.88973453
99,Benin,2019,101906610.73910135
100,Republique du Congo,2008,31504165.951953363
100,Republique du Congo,2009,53986928.2662171
100,Republique du Congo,2010,69542713.76479825
100,Republique du Congo,2011,44471320.35532593
100,Republique du Congo,2012,53166019.90671948
100,Republique du Congo,2013,55184584.73913476
100,Republique du Congo,2014,48869553.75517801
100,Republique du Congo,2015,43594045.88115976
100,Republique du Congo,2016,59950318.91245082
100,Republique du Congo,2017,82922719.16613197
100,Republique du Congo,2018,81122697.03780101
100,Republique du Congo,2019,47651431.27830704
101,Namibia,2008,389717150.6658161
101,Namibia,2009,443914421.49358904
101,Namibia,2010,443762222.6953279
101,Namibia,2011,406962506.07416147
101,Namibia,2012,487646687.4034029
101,Namibia,2013,497253271.90641886
101,Namibia,2014,480293193.4025226
101,Namibia,2015,483174240.57382995
101,Namibia,2016,480042760.5298831
101,Namibia,2017,534217000.8218725
101,Namibia,2018,521626443.702043
101,Namibia,2019,457554227.9708598
102,South Africa,2008,918195160.3789859
102,South Africa,2009,807966780.6853495
102,South Africa,2010,943428414.1310729
102,South Africa,2011,764500751.7711068
102,South Africa,2012,1070851576.4180312
102,South Africa,2013,921413842.4563568
102,South Africa,2014,1488712235.3378413
102,South Africa,2015,1193955079.4333246
102,South Africa,2016,1310670786.1341057
102,South Africa,2017,1221298879.1329978
102,South Africa,2018,1339728912.5627317
102,South Africa,2019,1061281980.5714425
103,Sao Tome and Principe,2008,9760935.832256297
103,Sao Tome and Principe,2009,10952788.796472367
103,Sao Tome and Principe,2010,10223374.068672037
103,Sao Tome and Principe,2011,11948864.599290585
103,Sao Tome and Principe,2012,11234342.569153966
103,Sao Tome and Principe,2013,13469418.689918641
103,Sao Tome and Principe,2014,15890814.018062945
103,Sao Tome and Principe,2015,20507379.399937138
103,Sao Tome and Principe,2016,18648171.938282028
103,Sao Tome and Principe,2017,18682825.040632535
103,Sao Tome and Principe,2018,12350314.502288
103,Sao Tome and Principe,2019,11296392.984148586
104,Equatorial Guinea,2008,5483571.268487822
104,Equatorial Guinea,2009,10475601.600666016
104,Equatorial Guinea,2010,9039803.117286984
104,Equatorial Guinea,2011,8353008.574274126
104,Equatorial Guinea,2012,14489210.34441664
104,Equatorial Guinea,2013,12259709.744099088
104,Equatorial Guinea,2014,10822045.956229413
104,Equatorial Guinea,2015,11158350.536104806
104,Equatorial Guinea,2016,11602556.908816352
104,Equatorial Guinea,2017,12614825.627957655
104,Equatorial Guinea,2018,11231592.900305992
104,Equatorial Guinea,2019,11461449.95457688
105,Bouvet Island,2008,NA
105,Bouvet Island,2009,NA
105,Bouvet Island,2010,NA
105,Bouvet Island,2011,NA
105,Bouvet Island,2012,NA
105,Bouvet Island,2013,NA
105,Bouvet Island,2014,NA
105,Bouvet Island,2015,NA
105,Bouvet Island,2016,NA
105,Bouvet Island,2017,NA
105,Bouvet Island,2018,NA
105,Bouvet Island,2019,NA
106,Ghana,2008,410779139.4722842
106,Ghana,2009,367150997.68898183
106,Ghana,2010,357727980.25754356
106,Ghana,2011,343760657.8774476
106,Ghana,2012,348192431.44702965
106,Ghana,2013,282563004.74403036
106,Ghana,2014,359736623.6390038
106,Ghana,2015,378150787.7616593
106,Ghana,2016,354411324.80795395
106,Ghana,2017,513004131.393992
106,Ghana,2018,477280301.7032435
106,Ghana,2019,397660313.330149
107,Clipperton Island,2008,NA
107,Clipperton Island,2009,NA
107,Clipperton Island,2010,NA
107,Clipperton Island,2011,NA
107,Clipperton Island,2012,NA
107,Clipperton Island,2013,NA
107,Clipperton Island,2014,NA
107,Clipperton Island,2015,NA
107,Clipperton Island,2016,NA
107,Clipperton Island,2017,NA
107,Clipperton Island,2018,NA
107,Clipperton Island,2019,NA
108,Bermuda,2008,20740475.26487803
108,Bermuda,2009,17500652.18712382
108,Bermuda,2010,20345542.00565765
108,Bermuda,2011,21687890.976802357
108,Bermuda,2012,19110817.53033119
108,Bermuda,2013,18133373.46816536
108,Bermuda,2014,16257562.464164067
108,Bermuda,2015,14906458.78890689
108,Bermuda,2016,16485023.964871835
108,Bermuda,2017,17201454.27553703
108,Bermuda,2018,18544426.377253816
108,Bermuda,2019,18022941.146691997
110,Bahamas,2008,156097633.59294567
110,Bahamas,2009,128278758.80263563
110,Bahamas,2010,169985651.54788417
110,Bahamas,2011,155144822.05516398
110,Bahamas,2012,189166947.17372918
110,Bahamas,2013,132787350.41098365
110,Bahamas,2014,143751323.5116938
110,Bahamas,2015,128971787.86438788
110,Bahamas,2016,157686689.16802797
110,Bahamas,2017,124467965.6831626
110,Bahamas,2018,103207998.86494832
110,Bahamas,2019,101485083.87632382
111,Turks and Caicos Islands,2008,23405561.096601732
111,Turks and Caicos Islands,2009,21835439.949054226
111,Turks and Caicos Islands,2010,15306620.268762928
111,Turks and Caicos Islands,2011,13666431.466021257
111,Turks and Caicos Islands,2012,7276345.078321495
111,Turks and Caicos Islands,2013,8262730.482504659
111,Turks and Caicos Islands,2014,9464654.310409222
111,Turks and Caicos Islands,2015,11386234.317219306
111,Turks and Caicos Islands,2016,12976090.581224486
111,Turks and Caicos Islands,2017,4715424.298119561
111,Turks and Caicos Islands,2018,6908346.910009961
111,Turks and Caicos Islands,2019,4086858.868854958
112,Cuba,2008,167038538.28657025
112,Cuba,2009,122474775.31386708
112,Cuba,2010,126963848.02744526
112,Cuba,2011,129845706.65363348
112,Cuba,2012,128910714.99620791
112,Cuba,2013,146532221.91266298
112,Cuba,2014,149981567.234447
112,Cuba,2015,140517618.41101196
112,Cuba,2016,143620101.15860593
112,Cuba,2017,130579482.3653971
112,Cuba,2018,139807787.43236706
112,Cuba,2019,113507961.69647646
113,Cayman Islands,2008,526483.0269375008
113,Cayman Islands,2009,525487.5675501059
113,Cayman Islands,2010,518446.9100232383
113,Cayman Islands,2011,507963.26632282184
113,Cayman Islands,2012,499155.9471861759
113,Cayman Islands,2013,578532.5106284792
113,Cayman Islands,2014,562931.6770580241
113,Cayman Islands,2015,549354.4334506718
113,Cayman Islands,2016,561551.8412405062
113,Cayman Islands,2017,556018.8216100312
113,Cayman Islands,2018,563796.8130228637
113,Cayman Islands,2019,3636297.363881432
114,Haiti,2008,24657318.52529871
114,Haiti,2009,21268262.84601169
114,Haiti,2010,16832006.97931668
114,Haiti,2011,17551977.742715333
114,Haiti,2012,17836372.358815752
114,Haiti,2013,28520710.609475434
114,Haiti,2014,27627128.58069456
114,Haiti,2015,25496095.461214963
114,Haiti,2016,27580065.86475714
114,Haiti,2017,27130128.621705975
114,Haiti,2018,28818052.663020145
114,Haiti,2019,27316002.109664604
115,Dominican Republic,2008,61156278.43002118
115,Dominican Republic,2009,69129720.99617979
115,Dominican Republic,2010,61081188.14887431
115,Dominican Republic,2011,77813041.83698878
115,Dominican Republic,2012,71101979.87946455
115,Dominican Republic,2013,76195573.53197195
115,Dominican Republic,2014,79616659.10381362
115,Dominican Republic,2015,52748359.57922763
115,Dominican Republic,2016,56212472.23661735
115,Dominican Republic,2017,56699288.56120504
115,Dominican Republic,2018,59481124.998847075
115,Dominican Republic,2019,62667115.07077719
116,Puerto Rico and Virgin Islands of the United States,2008,64738552.636044465
116,Puerto Rico and Virgin Islands of the United States,2009,64596025.449791476
116,Puerto Rico and Virgin Islands of the United States,2010,58565416.36165857
116,Puerto Rico and Virgin Islands of the United States,2011,57900510.52492529
116,Puerto Rico and Virgin Islands of the United States,2012,57469180.11572492
116,Puerto Rico and Virgin Islands of the United States,2013,57753664.44985645
116,Puerto Rico and Virgin Islands of the United States,2014,58075335.6563596
116,Puerto Rico and Virgin Islands of the United States,2015,58774105.63171623
116,Puerto Rico and Virgin Islands of the United States,2016,60529016.39645231
116,Puerto Rico and Virgin Islands of the United States,2017,57651354.67445218
116,Puerto Rico and Virgin Islands of the United States,2018,50236177.8260275
116,Puerto Rico and Virgin Islands of the United States,2019,59302624.72534461
117,British Virgin Islands,2008,2603910.314364751
117,British Virgin Islands,2009,2752487.588609998
117,British Virgin Islands,2010,2796528.4757353566
117,British Virgin Islands,2011,2767908.781607298
117,British Virgin Islands,2012,2431241.461028326
117,British Virgin Islands,2013,3080028.602958122
117,British Virgin Islands,2014,3022392.121897783
117,British Virgin Islands,2015,2983849.507510799
117,British Virgin Islands,2016,2953260.5541938604
117,British Virgin Islands,2017,2914667.4584922874
117,British Virgin Islands,2018,3015223.901247758
117,British Virgin Islands,2019,2962333.0257709804
118,Anguilla,2008,4929510.136180712
118,Anguilla,2009,2716618.2215226074
118,Anguilla,2010,2643680.3284099163
118,Anguilla,2011,3282279.9161683926
118,Anguilla,2012,3703139.797929493
118,Anguilla,2013,4037599.6344737313
118,Anguilla,2014,4255860.229127283
118,Anguilla,2015,5016512.46745942
118,Anguilla,2016,6197303.890615332
118,Anguilla,2017,4276156.3506130325
118,Anguilla,2018,4437635.2404896235
118,Anguilla,2019,4306285.515096855
119,Saint Kitts and Nevis,2008,4344365.66279511
119,Saint Kitts and Nevis,2009,4568190.330213874
119,Saint Kitts and Nevis,2010,20048010.20195994
119,Saint Kitts and Nevis,2011,26734901.532378692
119,Saint Kitts and Nevis,2012,18656806.796759967
119,Saint Kitts and Nevis,2013,19525578.080679335
119,Saint Kitts and Nevis,2014,50610021.7587534
119,Saint Kitts and Nevis,2015,90534656.68922368
119,Saint Kitts and Nevis,2016,54702273.83878498
119,Saint Kitts and Nevis,2017,101892196.63493484
119,Saint Kitts and Nevis,2018,3015590.119301064
119,Saint Kitts and Nevis,2019,1606151.1828971824
120,Antigua and Barbuda,2008,15388952.24663668
120,Antigua and Barbuda,2009,11333046.083578924
120,Antigua and Barbuda,2010,11874303.319173252
120,Antigua and Barbuda,2011,13991680.862557795
120,Antigua and Barbuda,2012,18616497.41601848
120,Antigua and Barbuda,2013,16064741.502657482
120,Antigua and Barbuda,2014,13856646.62204507
120,Antigua and Barbuda,2015,15904501.972788155
120,Antigua and Barbuda,2016,16122613.818438219
120,Antigua and Barbuda,2017,15020293.726255503
120,Antigua and Barbuda,2018,14957430.02969071
120,Antigua and Barbuda,2019,13227825.737070424
121,Montserrat,2008,22824.810529317445
121,Montserrat,2009,26489.008472809353
121,Montserrat,2010,17181.006212665372
121,Montserrat,2011,24321.79819366765
121,Montserrat,2012,30094.420136513258
121,Montserrat,2013,62307.338631735445
121,Montserrat,2014,55044.393094145234
121,Montserrat,2015,42080.89815019331
121,Montserrat,2016,42612.188683702036
121,Montserrat,2017,36279.1148948865
121,Montserrat,2018,45637.386740600465
121,Montserrat,2019,42869.13596664173
122,Saint Lucia,2008,4172720.4845014233
122,Saint Lucia,2009,4774167.282654138
122,Saint Lucia,2010,4339853.472612047
122,Saint Lucia,2011,4366042.55382072
122,Saint Lucia,2012,3829939.5950268717
122,Saint Lucia,2013,3764884.218879407
122,Saint Lucia,2014,3709846.899749822
122,Saint Lucia,2015,4133398.834240357
122,Saint Lucia,2016,4745291.130191661
122,Saint Lucia,2017,4787244.4706465
122,Saint Lucia,2018,4552528.438828406
122,Saint Lucia,2019,5003876.72084916
123,Dominica,2008,1297036.3443054778
123,Dominica,2009,1341254.3466275772
123,Dominica,2010,1119279.3352762114
123,Dominica,2011,1204184.0745634488
123,Dominica,2012,922689.926030184
123,Dominica,2013,781801.6592057172
123,Dominica,2014,1508153.1534425304
123,Dominica,2015,1617341.264878056
123,Dominica,2016,1351441.357876116
123,Dominica,2017,1698681.0083987075
123,Dominica,2018,1339008.315922505
123,Dominica,2019,1606893.1212174806
124,Barbados,2008,5192613.3006070405
124,Barbados,2009,4046851.795220514
124,Barbados,2010,4616846.085862498
124,Barbados,2011,2956984.100567612
124,Barbados,2012,1970952.9970698385
124,Barbados,2013,4068116.16725011
124,Barbados,2014,3503827.7733954405
124,Barbados,2015,2566046.9568342906
124,Barbados,2016,2902570.8476581597
124,Barbados,2017,3007889.0333083062
124,Barbados,2018,2952872.3409244567
124,Barbados,2019,1799042.94547365
125,Grenada,2008,6277556.2068786025
125,Grenada,2009,6519012.285656561
125,Grenada,2010,5122459.976896019
125,Grenada,2011,6215705.889251092
125,Grenada,2012,5494805.518980464
125,Grenada,2013,5187623.986249279
125,Grenada,2014,4719876.412303506
125,Grenada,2015,4342559.313697442
125,Grenada,2016,4815284.601846137
125,Grenada,2017,5068912.654084324
125,Grenada,2018,4727467.732989772
125,Grenada,2019,4353851.363729593
126,Trinidad and Tobago,2008,20675546.992370967
126,Trinidad and Tobago,2009,22652433.85295893
126,Trinidad and Tobago,2010,18496602.599364318
126,Trinidad and Tobago,2011,19200707.75327807
126,Trinidad and Tobago,2012,17255289.25025217
126,Trinidad and Tobago,2013,23164402.00376523
126,Trinidad and Tobago,2014,22556614.40332316
126,Trinidad and Tobago,2015,19663490.249791652
126,Trinidad and Tobago,2016,21708842.1964322
126,Trinidad and Tobago,2017,23161391.89344129
126,Trinidad and Tobago,2018,23957056.5463581
126,Trinidad and Tobago,2019,22616543.677614715
127,Saint Vincent and the Grenadines,2008,44362753.59629074
127,Saint Vincent and the Grenadines,2009,47251378.906495765
127,Saint Vincent and the Grenadines,2010,46318164.42596549
127,Saint Vincent and the Grenadines,2011,47280417.269559704
127,Saint Vincent and the Grenadines,2012,8735045.010803543
127,Saint Vincent and the Grenadines,2013,37674723.93696505
127,Saint Vincent and the Grenadines,2014,77395150.62867822
127,Saint Vincent and the Grenadines,2015,27069978.116420075
127,Saint Vincent and the Grenadines,2016,22442502.640865345
127,Saint Vincent and the Grenadines,2017,45289667.70434775
127,Saint Vincent and the Grenadines,2018,5941236.087729177
127,Saint Vincent and the Grenadines,2019,5024235.030843294
129,Panama,2008,441090383.2537962
129,Panama,2009,478912333.0785111
129,Panama,2010,312256457.8571838
129,Panama,2011,329552075.11337763
129,Panama,2012,312670838.0027709
129,Panama,2013,456182953.9214434
129,Panama,2014,367176055.64744794
129,Panama,2015,286308145.102903
129,Panama,2016,319934853.7708078
129,Panama,2017,345727910.29883385
129,Panama,2018,366913870.3184967
129,Panama,2019,541027640.5930496
130,Costa Rica,2008,104934478.0066912
130,Costa Rica,2009,75157005.96954888
130,Costa Rica,2010,68098589.97993116
130,Costa Rica,2011,57496819.12987191
130,Costa Rica,2012,61043846.62990502
130,Costa Rica,2013,85141869.34438854
130,Costa Rica,2014,73893724.62914827
130,Costa Rica,2015,74844434.0799417
130,Costa Rica,2016,71406951.32310314
130,Costa Rica,2017,76310717.88153237
130,Costa Rica,2018,74710149.25515825
130,Costa Rica,2019,83510568.72429915
131,Nicaragua,2008,260085256.9543466
131,Nicaragua,2009,290501278.37410754
131,Nicaragua,2010,280555894.28506005
131,Nicaragua,2011,223675094.1960868
131,Nicaragua,2012,229904926.9092396
131,Nicaragua,2013,265064287.22018594
131,Nicaragua,2014,315493690.05490255
131,Nicaragua,2015,343776425.3703249
131,Nicaragua,2016,329024533.0026883
131,Nicaragua,2017,344657280.616506
131,Nicaragua,2018,362210077.08211875
131,Nicaragua,2019,348768182.37062675
132,Colombia,2008,457158885.9441599
132,Colombia,2009,441927111.9030921
132,Colombia,2010,195136404.99261376
132,Colombia,2011,186670023.02224544
132,Colombia,2012,163414648.82252637
132,Colombia,2013,117044020.94119973
132,Colombia,2014,140301960.52984738
132,Colombia,2015,110773649.46897012
132,Colombia,2016,104639337.84647845
132,Colombia,2017,160183875.87985933
132,Colombia,2018,142837087.09103787
132,Colombia,2019,206702338.37980455
133,Honduras,2008,375693920.3622473
133,Honduras,2009,218862155.37644082
133,Honduras,2010,196240164.1966484
133,Honduras,2011,384299880.09852165
133,Honduras,2012,416737523.4267643
133,Honduras,2013,399859628.09146833
133,Honduras,2014,396165487.04572016
133,Honduras,2015,352676623.61095715
133,Honduras,2016,329750419.65265596
133,Honduras,2017,384936428.616888
133,Honduras,2018,382418890.76728314
133,Honduras,2019,378877396.490739
134,El Salvador,2008,117598616.52334101
134,El Salvador,2009,97287594.35234188
134,El Salvador,2010,54525174.71618784
134,El Salvador,2011,102875490.3042656
134,El Salvador,2012,99520286.74690486
134,El Salvador,2013,79232651.29533388
134,El Salvador,2014,82265162.44663836
134,El Salvador,2015,75758044.48744787
134,El Salvador,2016,99286383.23479746
134,El Salvador,2017,115472640.90576792
134,El Salvador,2018,107602727.12564462
134,El Salvador,2019,91922417.04046893
135,Mexico,2008,3072486123.4964294
135,Mexico,2009,3044756347.639033
135,Mexico,2010,2758690236.175456
135,Mexico,2011,2921449900.318425
135,Mexico,2012,3097422783.8961716
135,Mexico,2013,3687091980.9350314
135,Mexico,2014,3580980705.52157
135,Mexico,2015,3519551500.592864
135,Mexico,2016,3608659069.9555135
135,Mexico,2017,4315946724.393862
135,Mexico,2018,4079596386.927587
135,Mexico,2019,4321620028.121428
136,Guatemala,2008,171730943.38506627
136,Guatemala,2009,143037359.87830767
136,Guatemala,2010,267060443.35392416
136,Guatemala,2011,201631508.87688333
136,Guatemala,2012,140226376.8226773
136,Guatemala,2013,149129657.22482502
136,Guatemala,2014,145150503.41031393
136,Guatemala,2015,144121656.87231094
136,Guatemala,2016,153506665.34448975
136,Guatemala,2017,165770370.83558404
136,Guatemala,2018,167019870.68318677
136,Guatemala,2019,182530279.02869618
137,Ecuador,2008,2240465503.7800612
137,Ecuador,2009,2573361489.1000896
137,Ecuador,2010,2673503777.4702435
137,Ecuador,2011,3155517505.6991878
137,Ecuador,2012,3383275789.6815567
137,Ecuador,2013,3575375055.019035
137,Ecuador,2014,4018038848.245176
137,Ecuador,2015,4599307346.411508
137,Ecuador,2016,4756900276.500997
137,Ecuador,2017,5061122035.695153
137,Ecuador,2018,5662815702.339224
137,Ecuador,2019,4931007799.675187
138,Peru,2008,10352030950.041395
138,Peru,2009,10772727015.150629
138,Peru,2010,7039044589.417443
138,Peru,2011,12042493005.808788
138,Peru,2012,7516138673.797181
138,Peru,2013,15916777408.92112
138,Peru,2014,10056440011.992857
138,Peru,2015,10505357578.953644
138,Peru,2016,9458691950.122551
138,Peru,2017,11337675760.087416
138,Peru,2018,19498350391.041462
138,Peru,2019,12851213919.111147
139,Venezuela,2008,631942362.812819
139,Venezuela,2009,641555293.0225409
139,Venezuela,2010,395116250.62136173
139,Venezuela,2011,409806662.3467959
139,Venezuela,2012,389788410.293928
139,Venezuela,2013,392354039.3795904
139,Venezuela,2014,411673872.5101955
139,Venezuela,2015,412854262.0127832
139,Venezuela,2016,523629281.99073964
139,Venezuela,2017,537931137.5933225
139,Venezuela,2018,411244928.69075906
139,Venezuela,2019,409008230.0003613
140,Guadeloupe and Martinique,2008,15222705.14978606
140,Guadeloupe and Martinique,2009,13807725.270900603
140,Guadeloupe and Martinique,2010,13486220.985180736
140,Guadeloupe and Martinique,2011,15279080.940402115
140,Guadeloupe and Martinique,2012,10729791.449749395
140,Guadeloupe and Martinique,2013,11992679.463924047
140,Guadeloupe and Martinique,2014,13636960.221680626
140,Guadeloupe and Martinique,2015,13546693.555070136
140,Guadeloupe and Martinique,2016,13369817.529683271
140,Guadeloupe and Martinique,2017,14124336.562961543
140,Guadeloupe and Martinique,2018,11440216.197410893
140,Guadeloupe and Martinique,2019,11237762.353511974
141,Faeroe Islands,2008,1029594180.1168458
141,Faeroe Islands,2009,1195227583.2408032
141,Faeroe Islands,2010,1270918946.0017052
141,Faeroe Islands,2011,1471987464.3024487
141,Faeroe Islands,2012,1623308859.9762294
141,Faeroe Islands,2013,1658152470.9880261
141,Faeroe Islands,2014,1794560194.9085574
141,Faeroe Islands,2015,1457734258.4881907
141,Faeroe Islands,2016,1488885358.7042022
141,Faeroe Islands,2017,1695972238.7852402
141,Faeroe Islands,2018,1583855201.3842869
141,Faeroe Islands,2019,1723320772.5348125
143,Iceland,2008,1488687476.2244647
143,Iceland,2009,1479934864.0473928
143,Iceland,2010,1472779048.6196275
143,Iceland,2011,1498234836.3656085
143,Iceland,2012,1574754681.5398958
143,Iceland,2013,1551577413.3293378
143,Iceland,2014,1371999023.0842147
143,Iceland,2015,1445994126.681461
143,Iceland,2016,1449263414.7955663
143,Iceland,2017,1706924282.9371564
143,Iceland,2018,1813279621.0480957
143,Iceland,2019,1719061096.4017117
144,Jan Mayen,2008,73.62842106231433
144,Jan Mayen,2009,71.59191479137664
144,Jan Mayen,2010,71.58752588610571
144,Jan Mayen,2011,73.70241876868987
144,Jan Mayen,2012,73.40102472320308
144,Jan Mayen,2013,141.60758779939874
144,Jan Mayen,2014,134.25461730279326
144,Jan Mayen,2015,123.76734750056856
144,Jan Mayen,2016,137.4586731732324
144,Jan Mayen,2017,139.535057288025
144,Jan Mayen,2018,152.12462246866824
144,Jan Mayen,2019,142.89711988880578
145,Greenland,2008,830396357.6150869
145,Greenland,2009,822610221.3488235
145,Greenland,2010,777017942.3919517
145,Greenland,2011,734974395.4451631
145,Greenland,2012,704640469.6481854
145,Greenland,2013,686777936.0861758
145,Greenland,2014,686606935.5806446
145,Greenland,2015,595260964.4491141
145,Greenland,2016,656883035.0471939
145,Greenland,2017,734731097.2434644
145,Greenland,2018,721691583.3914993
145,Greenland,2019,740446168.6714647
146,Pitcairn,2008,2208.8526318694303
146,Pitcairn,2009,2147.757443741299
146,Pitcairn,2010,2147.625776583171
146,Pitcairn,2011,2211.0725630606958
146,Pitcairn,2012,2202.0307416960923
146,Pitcairn,2013,4248.227633981963
146,Pitcairn,2014,4027.6385190837977
146,Pitcairn,2015,3713.020425017057
146,Pitcairn,2016,4123.760195196972
146,Pitcairn,2017,4186.05171864075
146,Pitcairn,2018,4563.738674060046
146,Pitcairn,2019,4286.9135966641725
147,French Polynesia,2008,246252989.00324532
147,French Polynesia,2009,199690051.01385057
147,French Polynesia,2010,178185917.31835315
147,French Polynesia,2011,183387127.05833623
147,French Polynesia,2012,164071562.67559633
147,French Polynesia,2013,173921764.73766255
147,French Polynesia,2014,189118406.07314804
147,French Polynesia,2015,142379157.70518243
147,French Polynesia,2016,126155788.07299533
147,French Polynesia,2017,153276214.19250363
147,French Polynesia,2018,147763767.6738167
147,French Polynesia,2019,101289393.6415225
148,Line Islands (Kiribati),2008,NA
148,Line Islands (Kiribati),2009,NA
148,Line Islands (Kiribati),2010,NA
148,Line Islands (Kiribati),2011,NA
148,Line Islands (Kiribati),2012,NA
148,Line Islands (Kiribati),2013,NA
148,Line Islands (Kiribati),2014,NA
148,Line Islands (Kiribati),2015,NA
148,Line Islands (Kiribati),2016,NA
148,Line Islands (Kiribati),2017,NA
148,Line Islands (Kiribati),2018,NA
148,Line Islands (Kiribati),2019,NA
149,Jarvis Island,2008,NA
149,Jarvis Island,2009,NA
149,Jarvis Island,2010,NA
149,Jarvis Island,2011,NA
149,Jarvis Island,2012,NA
149,Jarvis Island,2013,NA
149,Jarvis Island,2014,NA
149,Jarvis Island,2015,NA
149,Jarvis Island,2016,NA
149,Jarvis Island,2017,NA
149,Jarvis Island,2018,NA
149,Jarvis Island,2019,NA
150,Palmyra Atoll,2008,NA
150,Palmyra Atoll,2009,NA
150,Palmyra Atoll,2010,NA
150,Palmyra Atoll,2011,NA
150,Palmyra Atoll,2012,NA
150,Palmyra Atoll,2013,NA
150,Palmyra Atoll,2014,NA
150,Palmyra Atoll,2015,NA
150,Palmyra Atoll,2016,NA
150,Palmyra Atoll,2017,NA
150,Palmyra Atoll,2018,NA
150,Palmyra Atoll,2019,NA
151,American Samoa,2008,10306274.76456079
151,American Samoa,2009,13900396.894784318
151,American Samoa,2010,12252243.854031777
151,American Samoa,2011,9677069.295460207
151,American Samoa,2012,9854478.077904006
151,American Samoa,2013,3906065.39666025
151,American Samoa,2014,3242664.148450472
151,American Samoa,2015,5624261.536103622
151,American Samoa,2016,3711005.168060338
151,American Samoa,2017,3780394.874086792
151,American Samoa,2018,3339225.684498152
151,American Samoa,2019,2433123.5337590147
152,Samoa,2008,15166090.811397
152,Samoa,2009,16720400.304880127
152,Samoa,2010,14678223.520737033
152,Samoa,2011,12526724.407508958
152,Samoa,2012,13113632.587712936
152,Samoa,2013,18653621.09449181
152,Samoa,2014,12523794.319912095
152,Samoa,2015,13694791.525897862
152,Samoa,2016,14613837.112354115
152,Samoa,2017,17847338.42850776
152,Samoa,2018,16955041.955544222
152,Samoa,2019,18870653.138689272
153,Cook Islands,2008,11736824.366584366
153,Cook Islands,2009,9315875.536312956
153,Cook Islands,2010,21206373.620199546
153,Cook Islands,2011,17690522.150024384
153,Cook Islands,2012,20493434.319128763
153,Cook Islands,2013,6756500.667859615
153,Cook Islands,2014,6992527.185404013
153,Cook Islands,2015,12947500.972668799
153,Cook Islands,2016,3968578.921610262
153,Cook Islands,2017,6982210.185311066
153,Cook Islands,2018,7457776.650267331
153,Cook Islands,2019,9287369.175283125
154,Niue,2008,1102620.6350949132
154,Niue,2009,565346.9157819409
154,Niue,2010,268836.2391158903
154,Niue,2011,19389.981909645983
154,Niue,2012,21235.351847675658
154,Niue,2013,77208.16285615246
154,Niue,2014,68141.36790311035
154,Niue,2015,67007.77152678819
154,Niue,2016,75706.05343067912
154,Niue,2017,79433.78710725422
154,Niue,2018,74968.674202788
154,Niue,2019,80134.03697283575
155,Tonga,2008,4908504.149960342
155,Tonga,2009,4103132.8160784575
155,Tonga,2010,4000078.853505753
155,Tonga,2011,3625088.468232992
155,Tonga,2012,3009500.963206787
155,Tonga,2013,3194248.7230934403
155,Tonga,2014,3543503.3100819085
155,Tonga,2015,2988210.0516027305
155,Tonga,2016,2952252.2578998744
155,Tonga,2017,2405109.3750197217
155,Tonga,2018,2332836.375450104
155,Tonga,2019,2212385.6555067543
156,Tokelau,2008,56621.600715877656
156,Tokelau,2009,57995.57045798874
156,Tokelau,2010,40209.72382034451
156,Tokelau,2011,49656.56854834882
156,Tokelau,2012,436986.89701489534
156,Tokelau,2013,258803.52943496837
156,Tokelau,2014,111897.18387920491
156,Tokelau,2015,228660.47067267337
156,Tokelau,2016,266253.58259273536
156,Tokelau,2017,133171.70959174223
156,Tokelau,2018,111104.87454548277
156,Tokelau,2019,117127.02950002174
157,Phoenix Islands (Kiribati),2008,NA
157,Phoenix Islands (Kiribati),2009,NA
157,Phoenix Islands (Kiribati),2010,NA
157,Phoenix Islands (Kiribati),2011,NA
157,Phoenix Islands (Kiribati),2012,NA
157,Phoenix Islands (Kiribati),2013,NA
157,Phoenix Islands (Kiribati),2014,NA
157,Phoenix Islands (Kiribati),2015,NA
157,Phoenix Islands (Kiribati),2016,NA
157,Phoenix Islands (Kiribati),2017,NA
157,Phoenix Islands (Kiribati),2018,NA
157,Phoenix Islands (Kiribati),2019,NA
158,Howland Island and Baker Island,2008,NA
158,Howland Island and Baker Island,2009,NA
158,Howland Island and Baker Island,2010,NA
158,Howland Island and Baker Island,2011,NA
158,Howland Island and Baker Island,2012,NA
158,Howland Island and Baker Island,2013,NA
158,Howland Island and Baker Island,2014,NA
158,Howland Island and Baker Island,2015,NA
158,Howland Island and Baker Island,2016,NA
158,Howland Island and Baker Island,2017,NA
158,Howland Island and Baker Island,2018,NA
158,Howland Island and Baker Island,2019,NA
159,Johnston Atoll,2008,NA
159,Johnston Atoll,2009,NA
159,Johnston Atoll,2010,NA
159,Johnston Atoll,2011,NA
159,Johnston Atoll,2012,NA
159,Johnston Atoll,2013,NA
159,Johnston Atoll,2014,NA
159,Johnston Atoll,2015,NA
159,Johnston Atoll,2016,NA
159,Johnston Atoll,2017,NA
159,Johnston Atoll,2018,NA
159,Johnston Atoll,2019,NA
161,Wallis and Futuna,2008,540427.4036454613
161,Wallis and Futuna,2009,556690.6879803591
161,Wallis and Futuna,2010,578978.5106990654
161,Wallis and Futuna,2011,417820.10588086926
161,Wallis and Futuna,2012,315930.9031336128
161,Wallis and Futuna,2013,462919.00077503675
161,Wallis and Futuna,2014,310138.5252904736
161,Wallis and Futuna,2015,285722.98260621814
161,Wallis and Futuna,2016,282710.3196266319
161,Wallis and Futuna,2017,329861.5523564012
161,Wallis and Futuna,2018,433253.4084268322
161,Wallis and Futuna,2019,462765.02221374866
162,New Zealand,2008,1742943441.617813
162,New Zealand,2009,1056356781.3714212
162,New Zealand,2010,1607168192.0015073
162,New Zealand,2011,1422226719.3586133
162,New Zealand,2012,1647766330.933494
162,New Zealand,2013,1747996652.828942
162,New Zealand,2014,2164259758.5820208
162,New Zealand,2015,2425197063.7961106
162,New Zealand,2016,2727745972.758106
162,New Zealand,2017,2813192944.339176
162,New Zealand,2018,2726327907.664701
162,New Zealand,2019,2786422256.7855005
163,United States,2008,96716832022.30347
163,United States,2009,94051566099.40884
163,United States,2010,97395766047.39465
163,United States,2011,100771517680.04266
163,United States,2012,105720945584.17279
163,United States,2013,110021708097.7094
163,United States,2014,112544931898.62875
163,United States,2015,142351797096.13208
163,United States,2016,129157556330.38937
163,United States,2017,132132939557.05249
163,United States,2018,152306851572.69684
163,United States,2019,132346881076.63217
164,Belize,2008,270238168.45721155
164,Belize,2009,242972530.55814803
164,Belize,2010,310199712.35263336
164,Belize,2011,236398600.70913172
164,Belize,2012,189170062.67280143
164,Belize,2013,100243879.00278747
164,Belize,2014,137102504.56088224
164,Belize,2015,137084409.11631382
164,Belize,2016,112777876.64352225
164,Belize,2017,175872134.6512539
164,Belize,2018,319597806.32517207
164,Belize,2019,283746054.13911706
166,Jamaica,2008,34519405.18424329
166,Jamaica,2009,37228640.81050328
166,Jamaica,2010,36771456.16252272
166,Jamaica,2011,35587000.17133629
166,Jamaica,2012,34339637.39608473
166,Jamaica,2013,46271935.796701014
166,Jamaica,2014,41575130.9547919
166,Jamaica,2015,44093084.94557552
166,Jamaica,2016,48446404.72997115
166,Jamaica,2017,49913503.62315319
166,Jamaica,2018,44642452.549985625
166,Jamaica,2019,38048036.72080494
167,Guyana,2008,72619184.28680018
167,Guyana,2009,88773566.74680714
167,Guyana,2010,91223203.62421897
167,Guyana,2011,75633395.41983469
167,Guyana,2012,91334260.0979798
167,Guyana,2013,107021943.88523795
167,Guyana,2014,82115671.08715303
167,Guyana,2015,69508838.11274835
167,Guyana,2016,82089928.20066226
167,Guyana,2017,78338202.45626262
167,Guyana,2018,77044240.93172623
167,Guyana,2019,69236153.87967224
168,Suriname,2008,32444798.330415003
168,Suriname,2009,48100253.49856181
168,Suriname,2010,50810666.85691186
168,Suriname,2011,45590048.65762442
168,Suriname,2012,45165788.98399873
168,Suriname,2013,63989741.00058751
168,Suriname,2014,54857178.702365085
168,Suriname,2015,56711559.38835515
168,Suriname,2016,66736730.822288156
168,Suriname,2017,71674513.73290358
168,Suriname,2018,63610173.441626795
168,Suriname,2019,46863677.67249893
169,French Guiana,2008,7727244.160342149
169,French Guiana,2009,7506473.437363007
169,French Guiana,2010,9608494.151503285
169,French Guiana,2011,10092093.41013565
169,French Guiana,2012,2451202.8165703975
169,French Guiana,2013,3598751.7112418986
169,French Guiana,2014,4786204.306748433
169,French Guiana,2015,6319576.068793976
169,French Guiana,2016,6651312.234598073
169,French Guiana,2017,6149140.808697858
169,French Guiana,2018,4449832.461669764
169,French Guiana,2019,4522065.3131757295
171,Brazil,2008,1524275735.9217434
171,Brazil,2009,1711883557.1586199
171,Brazil,2010,1880038431.6918736
171,Brazil,2011,1906590860.2341251
171,Brazil,2012,1879386830.5798483
171,Brazil,2013,1659144032.7597437
171,Brazil,2014,1741771943.8951035
171,Brazil,2015,1514382787.8293743
171,Brazil,2016,1464719208.8042998
171,Brazil,2017,1610226868.6880527
171,Brazil,2018,1579550568.9406712
171,Brazil,2019,1536975408.1762445
172,Argentina,2008,1318190955.5953164
172,Argentina,2009,1394519536.7888563
172,Argentina,2010,1439521763.3685367
172,Argentina,2011,1316020595.1676643
172,Argentina,2012,1174852415.2088194
172,Argentina,2013,1380665269.4752746
172,Argentina,2014,1348949321.8328168
172,Argentina,2015,1230159216.5876586
172,Argentina,2016,1211367475.9734533
172,Argentina,2017,1343691127.5933738
172,Argentina,2018,1470010242.0992336
172,Argentina,2019,1340778282.3921497
173,Uruguay,2008,168481433.14866754
173,Uruguay,2009,147950727.78824383
173,Uruguay,2010,157813439.54494408
173,Uruguay,2011,187504352.28051284
173,Uruguay,2012,151991080.18719143
173,Uruguay,2013,124914131.63615865
173,Uruguay,2014,140143601.37588492
173,Uruguay,2015,137117738.06192657
173,Uruguay,2016,140163291.01268888
173,Uruguay,2017,164057420.21850646
173,Uruguay,2018,185337497.2716859
173,Uruguay,2019,172470080.0988369
174,Finland,2008,207537445.46360874
174,Finland,2009,202432094.20270893
174,Finland,2010,205211853.80751476
174,Finland,2011,220756400.12825844
174,Finland,2012,205046369.18232858
174,Finland,2013,263837007.9506955
174,Finland,2014,272003103.07866174
174,Finland,2015,234515018.7989742
174,Finland,2016,274189962.25922257
174,Finland,2017,290625198.4083789
174,Finland,2018,268876398.8343475
174,Finland,2019,242896303.0351904
175,Denmark,2008,619663752.2726569
175,Denmark,2009,606419757.4758976
175,Denmark,2010,749282030.7476255
175,Denmark,2011,567517941.3583606
175,Denmark,2012,651272891.5931169
175,Denmark,2013,706078810.690678
175,Denmark,2014,1018002880.0715082
175,Denmark,2015,647854810.3608158
175,Denmark,2016,737023116.369115
175,Denmark,2017,697775228.8712846
175,Denmark,2018,639529268.5857508
175,Denmark,2019,1262326754.8467612
176,Germany,2008,490609824.35290295
176,Germany,2009,426901984.70039284
176,Germany,2010,449046551.7569576
176,Germany,2011,528145477.7071377
176,Germany,2012,547582704.9100053
176,Germany,2013,527523041.64787436
176,Germany,2014,552843711.4207246
176,Germany,2015,452382239.79707354
176,Germany,2016,492692867.0020627
176,Germany,2017,460689002.56139934
176,Germany,2018,575690137.5409615
176,Germany,2019,545855602.3299215
177,Netherlands,2008,883540890.1588247
177,Netherlands,2009,824847636.6280253
177,Netherlands,2010,868287703.9830427
177,Netherlands,2011,787389499.2690918
177,Netherlands,2012,929288558.4028308
177,Netherlands,2013,934567200.2480917
177,Netherlands,2014,1016786269.8477355
177,Netherlands,2015,872825302.7865727
177,Netherlands,2016,888118503.0368326
177,Netherlands,2017,957867493.2408186
177,Netherlands,2018,936552033.7833731
177,Netherlands,2019,943917870.7071799
178,Poland,2008,133943891.53025351
178,Poland,2009,159707511.92721683
178,Poland,2010,157081334.9513189
178,Poland,2011,140045420.7455092
178,Poland,2012,135751197.3481424
178,Poland,2013,144088627.75102115
178,Poland,2014,140916651.24052086
178,Poland,2015,124069581.82979125
178,Poland,2016,163076693.22259894
178,Poland,2017,140743858.09525567
178,Poland,2018,139541151.11053258
178,Poland,2019,118263048.61063236
179,France,2008,3101283824.1414557
179,France,2009,3070183323.5227075
179,France,2010,2804063820.5031757
179,France,2011,3048334065.6058593
179,France,2012,2803152205.599758
179,France,2013,2935112400.8540597
179,France,2014,2671788882.483725
179,France,2015,2405047819.546751
179,France,2016,2568798809.4780326
179,France,2017,2696693127.05044
179,France,2018,2573026296.578719
179,France,2019,2559549506.929124
180,United Kingdom,2008,4357351943.783252
180,United Kingdom,2009,3793688495.549778
180,United Kingdom,2010,3838138563.93431
180,United Kingdom,2011,4508055615.099091
180,United Kingdom,2012,4174371968.224837
180,United Kingdom,2013,5012286049.157184
180,United Kingdom,2014,5265219488.9121485
180,United Kingdom,2015,4625167148.26243
180,United Kingdom,2016,4570064240.202045
180,United Kingdom,2017,5297344137.306914
180,United Kingdom,2018,4706865720.86873
180,United Kingdom,2019,5155964371.513676
181,Ireland,2008,619609356.7021155
181,Ireland,2009,693357523.2121749
181,Ireland,2010,756803651.8788897
181,Ireland,2011,721468529.3734624
181,Ireland,2012,761387858.2071375
181,Ireland,2013,730651762.2949458
181,Ireland,2014,730625829.5959206
181,Ireland,2015,662213089.1153405
181,Ireland,2016,680059429.2845544
181,Ireland,2017,784054969.7560339
181,Ireland,2018,712750996.7710011
181,Ireland,2019,674731554.0734719
182,Spain,2008,3637762899.5338306
182,Spain,2009,3738096573.911715
182,Spain,2010,3568630581.349313
182,Spain,2011,3905042527.9413204
182,Spain,2012,3462633647.8028946
182,Spain,2013,3376838995.6177745
182,Spain,2014,3668103545.9412155
182,Spain,2015,3347782065.9018507
182,Spain,2016,3408592394.084219
182,Spain,2017,3747764282.2376785
182,Spain,2018,3724286375.500117
182,Spain,2019,3487015905.546143
183,Portugal,2008,577022948.1618202
183,Portugal,2009,527132771.32709104
183,Portugal,2010,581565388.2229295
183,Portugal,2011,637552023.7276032
183,Portugal,2012,595935622.1875919
183,Portugal,2013,617966647.0001348
183,Portugal,2014,626567104.9138898
183,Portugal,2015,593506443.1181731
183,Portugal,2016,591571924.6612668
183,Portugal,2017,710477881.0224023
183,Portugal,2018,782625718.3230047
183,Portugal,2019,791643271.2021137
184,Italy,2008,2184681267.3137026
184,Italy,2009,2214445315.6622534
184,Italy,2010,2096296685.364789
184,Italy,2011,2304774134.9788337
184,Italy,2012,1901977450.9313087
184,Italy,2013,2044768194.0868118
184,Italy,2014,2014681388.6548543
184,Italy,2015,1899841965.9036572
184,Italy,2016,1945836468.6274698
184,Italy,2017,1989516968.8269117
184,Italy,2018,2219304173.60643
184,Italy,2019,2056791136.933423
185,Monaco,2008,736.2842106231434
185,Monaco,2009,715.9191479137663
185,Monaco,2010,715.8752588610571
185,Monaco,2011,737.0241876868986
185,Monaco,2012,734.0102472320307
185,Monaco,2013,1416.0758779939874
185,Monaco,2014,1342.5461730279326
185,Monaco,2015,1237.6734750056855
185,Monaco,2016,1374.5867317323239
185,Monaco,2017,1395.35057288025
185,Monaco,2018,1521.2462246866821
185,Monaco,2019,1428.9711988880576
186,Montenegro,2008,4450426.020315402
186,Montenegro,2009,4629958.704444958
186,Montenegro,2010,4433966.240165351
186,Montenegro,2011,4376470.111479042
186,Montenegro,2012,3771010.931043989
186,Montenegro,2013,4184569.533216958
186,Montenegro,2014,4018343.112863455
186,Montenegro,2015,4117994.1517438125
186,Montenegro,2016,4821571.51576061
186,Montenegro,2017,5116483.8752919845
186,Montenegro,2018,5898819.532230873
186,Montenegro,2019,5810748.808449088
187,Croatia,2008,223208155.08092347
187,Croatia,2009,341001112.48323846
187,Croatia,2010,268171304.38713273
187,Croatia,2011,272291442.09169364
187,Croatia,2012,240890029.573809
187,Croatia,2013,347842277.0521881
187,Croatia,2014,346798940.83258384
187,Croatia,2015,347791883.0589487
187,Croatia,2016,356995664.3566569
187,Croatia,2017,342211182.4417314
187,Croatia,2018,403790038.46337324
187,Croatia,2019,375431713.850745
188,Slovenia,2008,9354524.041859819
188,Slovenia,2009,8168827.527811471
188,Slovenia,2010,6268441.985627284
188,Slovenia,2011,7584076.2600549655
188,Slovenia,2012,6758988.999277528
188,Slovenia,2013,6654649.204158438
188,Slovenia,2014,7480421.379019848
188,Slovenia,2015,7669618.250344735
188,Slovenia,2016,8039760.317772842
188,Slovenia,2017,8889249.375794396
188,Slovenia,2018,9481193.895663483
188,Slovenia,2019,10147113.219259527
189,Lithuania,2008,127848495.41244543
189,Lithuania,2009,119490785.70324141
189,Lithuania,2010,110257563.41548166
189,Lithuania,2011,97488937.05608132
189,Lithuania,2012,49206500.55701653
189,Lithuania,2013,72754738.42477177
189,Lithuania,2014,128493088.61152014
189,Lithuania,2015,72008574.7559486
189,Lithuania,2016,92118375.59628749
189,Lithuania,2017,103510978.4401752
189,Lithuania,2018,86876642.47407168
189,Lithuania,2019,134028151.45722644
190,Qatar,2008,58320304.28498645
190,Qatar,2009,53577692.36289948
190,Qatar,2010,56261361.7684716
190,Qatar,2011,51134449.70661658
190,Qatar,2012,49423742.1183021
190,Qatar,2013,52533446.13547926
190,Qatar,2014,70688552.03375928
190,Qatar,2015,88500721.59515394
190,Qatar,2016,92219405.17371306
190,Qatar,2017,103029420.73893052
190,Qatar,2018,85664473.89656237
190,Qatar,2019,92956526.6662482
191,Iran,2008,712453377.6148146
191,Iran,2009,811300754.2024423
191,Iran,2010,850517672.826618
191,Iran,2011,969991875.5193844
191,Iran,2012,1003615595.9049295
191,Iran,2013,908724573.2305357
191,Iran,2014,1087538013.5540493
191,Iran,2015,1113576650.5436072
191,Iran,2016,1283757442.2607508
191,Iran,2017,1793920272.529781
191,Iran,2018,1971031923.6635647
191,Iran,2019,1851693278.993581
192,Iraq,2008,7327710.322382405
192,Iraq,2009,12712581.041890973
192,Iraq,2010,17705055.48548327
192,Iraq,2011,3674257.7049972815
192,Iraq,2012,13725847.73877741
192,Iraq,2013,6075118.3464422915
192,Iraq,2014,10494546.682733996
192,Iraq,2015,11435832.997242315
192,Iraq,2016,11439223.642383669
192,Iraq,2017,15872894.49830129
192,Iraq,2018,16413384.930970838
192,Iraq,2019,23438089.793900423
193,Guinea Bissau,2008,11571841.439137239
193,Guinea Bissau,2009,13084352.419395048
193,Guinea Bissau,2010,14218916.83526771
193,Guinea Bissau,2011,11325355.849391198
193,Guinea Bissau,2012,10337811.327932024
193,Guinea Bissau,2013,15842466.388145521
193,Guinea Bissau,2014,19379575.131368924
193,Guinea Bissau,2015,20775662.579967674
193,Guinea Bissau,2016,26443655.28314316
193,Guinea Bissau,2017,41906693.387877636
193,Guinea Bissau,2018,58890237.78907458
193,Guinea Bissau,2019,63756849.55580385
194,Guinea,2008,100895682.85075793
194,Guinea,2009,149001816.21615222
194,Guinea,2010,141414739.52382407
194,Guinea,2011,237618003.4535303
194,Guinea,2012,309228953.93608356
194,Guinea,2013,341658024.9002778
194,Guinea,2014,312208822.24609894
194,Guinea,2015,318319078.4083153
194,Guinea,2016,246855124.67852986
194,Guinea,2017,610360722.1985859
194,Guinea,2018,464982320.18034256
194,Guinea,2019,563608884.8402827
195,Ivory Coast,2008,57623098.66637899
195,Ivory Coast,2009,69017182.42414333
195,Ivory Coast,2010,79613245.87485123
195,Ivory Coast,2011,76365118.37747519
195,Ivory Coast,2012,80209074.95998217
195,Ivory Coast,2013,100916789.87397686
195,Ivory Coast,2014,130550024.04671524
195,Ivory Coast,2015,122162691.24429537
195,Ivory Coast,2016,116251502.92666884
195,Ivory Coast,2017,133057988.22450286
195,Ivory Coast,2018,177753807.50561982
195,Ivory Coast,2019,172231381.04772756
196,Nigeria,2008,522294139.30341977
196,Nigeria,2009,593015033.0360062
196,Nigeria,2010,666587774.6653496
196,Nigeria,2011,609646083.5487232
196,Nigeria,2012,655293611.4670959
196,Nigeria,2013,794042559.1462737
196,Nigeria,2014,878982350.7943559
196,Nigeria,2015,869823400.8204219
196,Nigeria,2016,771474556.2417891
196,Nigeria,2017,1249020210.844388
196,Nigeria,2018,1061018371.3020163
196,Nigeria,2019,951364435.3487018
197,Cameroon,2008,115475436.82468696
197,Cameroon,2009,146604497.28837883
197,Cameroon,2010,191917721.255224
197,Cameroon,2011,198141173.76379147
197,Cameroon,2012,302154760.6483012
197,Cameroon,2013,323180149.02072966
197,Cameroon,2014,360263701.66454285
197,Cameroon,2015,368864723.1986037
197,Cameroon,2016,406069321.2979975
197,Cameroon,2017,570647611.8613603
197,Cameroon,2018,563581360.1814255
197,Cameroon,2019,582742190.8848125
198,Gabon,2008,27324028.967268065
198,Gabon,2009,34883879.41748957
198,Gabon,2010,44657234.20568709
198,Gabon,2011,40319963.3292904
198,Gabon,2012,46517484.53287689
198,Gabon,2013,49085696.26224328
198,Gabon,2014,54254534.74934266
198,Gabon,2015,45641044.7740858
198,Gabon,2016,36071443.215502776
198,Gabon,2017,45569742.968919106
198,Gabon,2018,37385261.411376946
198,Gabon,2019,36213434.26519968
199,Democratic Republic of the Congo,2008,6650801.030380019
199,Democratic Republic of the Congo,2009,7947313.281768113
199,Democratic Republic of the Congo,2010,9328473.028446382
199,Democratic Republic of the Congo,2011,6586607.329900119
199,Democratic Republic of the Congo,2012,5836896.05588959
199,Democratic Republic of the Congo,2013,6416290.846660826
199,Democratic Republic of the Congo,2014,6929387.38682572
199,Democratic Republic of the Congo,2015,5907225.682597464
199,Democratic Republic of the Congo,2016,11740883.209386952
199,Democratic Republic of the Congo,2017,13261102.437181892
199,Democratic Republic of the Congo,2018,13961962.618034208
199,Democratic Republic of the Congo,2019,12532576.187567437
200,Angola,2008,391827143.3333544
200,Angola,2009,452902613.789035
200,Angola,2010,484435180.1804217
200,Angola,2011,456717253.62717456
200,Angola,2012,416048857.8801321
200,Angola,2013,516541688.0431281
200,Angola,2014,507345697.53527683
200,Angola,2015,470458568.37433565
200,Angola,2016,611802709.5471056
200,Angola,2017,772836893.7269243
200,Angola,2018,633956767.3871201
200,Angola,2019,469799805.7476753
202,Tanzania,2008,124664945.05915113
202,Tanzania,2009,134594271.0296203
202,Tanzania,2010,193111912.31526494
202,Tanzania,2011,180016576.94494683
202,Tanzania,2012,210281105.02909255
202,Tanzania,2013,213365439.1965472
202,Tanzania,2014,247039411.39365292
202,Tanzania,2015,246358298.27179345
202,Tanzania,2016,212743626.98150852
202,Tanzania,2017,279087112.6661193
202,Tanzania,2018,242215798.42264584
202,Tanzania,2019,307892869.8676004
203,India,2008,7132949106.847026
203,India,2009,7032618620.006121
203,India,2010,6790998051.297377
203,India,2011,7831058623.388093
203,India,2012,8264284205.3930855
203,India,2013,11463570673.609344
203,India,2014,12607226446.33067
203,India,2015,11433555484.138382
203,India,2016,10936998899.440695
203,India,2017,15319216383.096262
203,India,2018,13458207114.468315
203,India,2019,14216225822.039288
204,Bangladesh,2008,1231365478.2388625
204,Bangladesh,2009,1749888968.6772995
204,Bangladesh,2010,1663958542.8841486
204,Bangladesh,2011,1707679918.4071798
204,Bangladesh,2012,1898808046.8074918
204,Bangladesh,2013,2159953128.0982447
204,Bangladesh,2014,2458482433.3071766
204,Bangladesh,2015,2427324876.6202435
204,Bangladesh,2016,2545322676.4957113
204,Bangladesh,2017,2769680181.7296324
204,Bangladesh,2018,2529420384.6824627
204,Bangladesh,2019,2442639253.189989
205,Myanmar,2008,1325806657.6538825
205,Myanmar,2009,1379066242.5709343
205,Myanmar,2010,1318401727.4009376
205,Myanmar,2011,1390151069.927827
205,Myanmar,2012,1377616775.222164
205,Myanmar,2013,2038045181.6806707
205,Myanmar,2014,1970413988.914577
205,Myanmar,2015,1944660430.807933
205,Myanmar,2016,2552228758.0612683
205,Myanmar,2017,2392904294.368928
205,Myanmar,2018,2049742769.210062
205,Myanmar,2019,2100179325.4735024
206,Malaysia,2008,2856067035.8234153
206,Malaysia,2009,3121577620.254175
206,Malaysia,2010,3485302752.87548
206,Malaysia,2011,3068088062.400227
206,Malaysia,2012,3218547282.018482
206,Malaysia,2013,3311450711.85712
206,Malaysia,2014,4028369783.5499654
206,Malaysia,2015,3665780188.023693
206,Malaysia,2016,3500329597.9724226
206,Malaysia,2017,4151827091.1602745
206,Malaysia,2018,3824500338.659623
206,Malaysia,2019,3821973169.2448606
207,Vietnam,2008,5884690177.707528
207,Vietnam,2009,6112769992.682034
207,Vietnam,2010,6114848969.027516
207,Vietnam,2011,7527285395.188777
207,Vietnam,2012,7132825954.727874
207,Vietnam,2013,8886193632.251282
207,Vietnam,2014,10958319664.27158
207,Vietnam,2015,12536150111.92041
207,Vietnam,2016,13392514201.486685
207,Vietnam,2017,14373037683.106016
207,Vietnam,2018,17175869961.89499
207,Vietnam,2019,17612418085.049515
208,Singapore,2008,17847974.883099396
208,Singapore,2009,18421893.445690837
208,Singapore,2010,26467502.94794833
208,Singapore,2011,24229392.093717575
208,Singapore,2012,22664601.58542209
208,Singapore,2013,44890228.8650947
208,Singapore,2014,38102759.30906232
208,Singapore,2015,43604678.66785123
208,Singapore,2016,40437403.77375587
208,Singapore,2017,45284056.39745669
208,Singapore,2018,44781918.84222003
208,Singapore,2019,45875617.72177152
209,China,2008,58576701901.87765
209,China,2009,63468977844.99693
209,China,2010,69249689227.11772
209,China,2011,74857885910.50975
209,China,2012,83116345213.85532
209,China,2013,96070809646.88478
209,China,2014,102949331953.53984
209,China,2015,103821216732.97076
209,China,2016,106937173033.14197
209,China,2017,111484556082.67024
209,China,2018,110278504599.53606
209,China,2019,110020869524.45296
210,Japan,2008,18770745408.483727
210,Japan,2009,19741427837.761696
210,Japan,2010,20494197765.823967
210,Japan,2011,19514067416.925144
210,Japan,2012,20137322529.04474
210,Japan,2013,17346512742.52965
210,Japan,2014,17678293472.544712
210,Japan,2015,16276853281.38113
210,Japan,2016,17959761707.20844
210,Japan,2017,18413092514.79913
210,Japan,2018,18595896256.870167
210,Japan,2019,17711081968.585224
212,Gilbert Islands (Kiribati),2008,NA
212,Gilbert Islands (Kiribati),2009,NA
212,Gilbert Islands (Kiribati),2010,NA
212,Gilbert Islands (Kiribati),2011,NA
212,Gilbert Islands (Kiribati),2012,NA
212,Gilbert Islands (Kiribati),2013,NA
212,Gilbert Islands (Kiribati),2014,NA
212,Gilbert Islands (Kiribati),2015,NA
212,Gilbert Islands (Kiribati),2016,NA
212,Gilbert Islands (Kiribati),2017,NA
212,Gilbert Islands (Kiribati),2018,NA
212,Gilbert Islands (Kiribati),2019,NA
213,Antarctica,2008,NA
213,Antarctica,2009,NA
213,Antarctica,2010,NA
213,Antarctica,2011,NA
213,Antarctica,2012,NA
213,Antarctica,2013,NA
213,Antarctica,2014,NA
213,Antarctica,2015,NA
213,Antarctica,2016,NA
213,Antarctica,2017,NA
213,Antarctica,2018,NA
213,Antarctica,2019,NA
214,Egypt,2008,2158570314.6089344
214,Egypt,2009,2319633006.6405454
214,Egypt,2010,669725011.7765865
214,Egypt,2011,629537367.4447427
214,Egypt,2012,558651043.6234083
214,Egypt,2013,554475611.2876449
214,Egypt,2014,722849019.1063508
214,Egypt,2015,632072742.3698702
214,Egypt,2016,776620011.5968422
214,Egypt,2017,770797475.6904405
214,Egypt,2018,691719718.8125737
214,Egypt,2019,870564386.1436391
215,Jordan,2008,4155757.7608499723
215,Jordan,2009,4561789.816454549
215,Jordan,2010,4442986.4687559195
215,Jordan,2011,4331513.986928423
215,Jordan,2012,4103762.2727869907
215,Jordan,2013,3869960.0084440317
215,Jordan,2014,3996731.9256045953
215,Jordan,2015,3883686.9973631743
215,Jordan,2016,3976989.410418159
215,Jordan,2017,4153855.8024471155
215,Jordan,2018,4191716.6005902225
215,Jordan,2019,4297487.719495472
216,Indonesia,2008,13329189762.197815
216,Indonesia,2009,14565589537.024883
216,Indonesia,2010,16974524241.854853
216,Indonesia,2011,17278850641.16929
216,Indonesia,2012,17035778601.851051
216,Indonesia,2013,20959027708.28627
216,Indonesia,2014,20580908719.70427
216,Indonesia,2015,18676398315.043633
216,Indonesia,2016,20936965669.726208
216,Indonesia,2017,27872605001.996117
216,Indonesia,2018,25963676058.15761
216,Indonesia,2019,24396803356.07197
218,Canada,2008,4252503871.64208
218,Canada,2009,4128710612.0934205
218,Canada,2010,4663621599.130611
218,Canada,2011,4540362251.590117
218,Canada,2012,4263136985.7811885
218,Canada,2013,4520742576.728954
218,Canada,2014,4133349066.0917864
218,Canada,2015,4221574514.32466
218,Canada,2016,4752966007.6432085
218,Canada,2017,4633630191.909306
218,Canada,2018,4458841773.914349
218,Canada,2019,4123905798.1292048
219,Saint Pierre and Miquelon,2008,13407494.360623827
219,Saint Pierre and Miquelon,2009,11139215.831542023
219,Saint Pierre and Miquelon,2010,14621967.90671053
219,Saint Pierre and Miquelon,2011,9416284.289326211
219,Saint Pierre and Miquelon,2012,11174812.235857453
219,Saint Pierre and Miquelon,2013,8261688.412836138
219,Saint Pierre and Miquelon,2014,7287229.492004583
219,Saint Pierre and Miquelon,2015,10415243.153222429
219,Saint Pierre and Miquelon,2016,8531328.457576295
219,Saint Pierre and Miquelon,2017,12441157.730320256
219,Saint Pierre and Miquelon,2018,13076406.07995775
219,Saint Pierre and Miquelon,2019,14196706.418640686
220,Sint Maarten,2008,227250.16145500276
220,Sint Maarten,2009,228061.02391040113
220,Sint Maarten,2010,224381.0767747923
220,Sint Maarten,2011,217514.48896923574
220,Sint Maarten,2012,206300.723873839
220,Sint Maarten,2013,371666.60522195365
220,Sint Maarten,2014,353564.74776339676
220,Sint Maarten,2015,330290.62147968274
220,Sint Maarten,2016,370882.1400535343
220,Sint Maarten,2017,361627.8088422198
220,Sint Maarten,2018,397909.87601509236
220,Sint Maarten,2019,360795.7963862389
221,Northern Saint-Martin,2008,66265.5789560829
221,Northern Saint-Martin,2009,64432.723312238966
221,Northern Saint-Martin,2010,64428.773297495136
221,Northern Saint-Martin,2011,66332.17689182087
221,Northern Saint-Martin,2012,66060.92225088275
221,Northern Saint-Martin,2013,127446.82901945886
221,Northern Saint-Martin,2014,120829.15557251393
221,Northern Saint-Martin,2015,111390.6127505117
221,Northern Saint-Martin,2016,123712.80585590914
221,Northern Saint-Martin,2017,125581.5515592225
221,Northern Saint-Martin,2018,136912.1602218014
221,Northern Saint-Martin,2019,128607.40789992518
222,Sweden,2008,247930330.56551147
222,Sweden,2009,237988848.14574265
222,Sweden,2010,229864468.38286152
222,Sweden,2011,248928791.78944075
222,Sweden,2012,251048974.81577525
222,Sweden,2013,267383212.67396116
222,Sweden,2014,300190420.20766354
222,Sweden,2015,252329459.7512818
222,Sweden,2016,289234943.38277763
222,Sweden,2017,264830738.3383115
222,Sweden,2018,271085422.253445
222,Sweden,2019,300610716.0968753
223,Norway,2008,10834947203.561066
223,Norway,2009,12132780115.336864
223,Norway,2010,16586858631.461048
223,Norway,2011,16195323322.558279
223,Norway,2012,15782467834.37073
223,Norway,2013,19939287505.673214
223,Norway,2014,20332690385.460484
223,Norway,2015,16929027189.834461
223,Norway,2016,21477990142.79005
223,Norway,2017,21799511346.898262
223,Norway,2018,22766607683.289665
223,Norway,2019,22409051407.95926
224,Chile,2008,11660827714.126991
224,Chile,2009,12126746888.414019
224,Chile,2010,9187843391.39279
224,Chile,2011,14015098261.470877
224,Chile,2012,12473905333.239235
224,Chile,2013,15583770330.355995
224,Chile,2014,20171846720.029907
224,Chile,2015,13906528924.040247
224,Chile,2016,15168315448.735146
224,Chile,2017,20192108567.381386
224,Chile,2018,20335650172.482822
224,Chile,2019,20211495638.785194
227,Jersey,2008,128606.31004916312
227,Jersey,2009,114237.64134020013
227,Jersey,2010,142830.6607116594
227,Jersey,2011,126336.6553822444
227,Jersey,2012,112383.21180878488
227,Jersey,2013,113761.909393522
227,Jersey,2014,122138.53558286942
227,Jersey,2015,107374.6464347752
227,Jersey,2016,118380.70895243474
227,Jersey,2017,107731.82867833423
227,Jersey,2018,118801.92051020502
227,Jersey,2019,110541.92717676693
228,Guernsey,2008,8846905.458941072
228,Guernsey,2009,7858476.091902658
228,Guernsey,2010,9825407.100717627
228,Guernsey,2011,8690774.548607059
228,Guernsey,2012,7730908.768507504
228,Guernsey,2013,7825750.205012268
228,Guernsey,2014,8401983.361330312
228,Guernsey,2015,7386366.542454594
228,Guernsey,2016,8143480.206097588
228,Guernsey,2017,7410937.323928468
228,Guernsey,2018,8172455.602626597
228,Guernsey,2019,7604245.6906520175
231,East Timor,2008,2938238.967368038
231,East Timor,2009,2764438.0184313883
231,East Timor,2010,2903887.501485708
231,East Timor,2011,2793666.6195130264
231,East Timor,2012,2817469.916540879
231,East Timor,2013,5056664.483251778
231,East Timor,2014,4801937.939802047
231,East Timor,2015,4422014.874200341
231,East Timor,2016,4859371.260240692
231,East Timor,2017,4898485.43473473
231,East Timor,2018,5755624.025060604
231,East Timor,2019,8367402.06468237
232,Bosnia and Herzegovina,2008,5615234.858361094
232,Bosnia and Herzegovina,2009,4813341.1800447665
232,Bosnia and Herzegovina,2010,4735731.608235643
232,Bosnia and Herzegovina,2011,5548509.237624343
232,Bosnia and Herzegovina,2012,1146159.782544011
232,Bosnia and Herzegovina,2013,3191232.3658018135
232,Bosnia and Herzegovina,2014,2888010.8700195234
232,Bosnia and Herzegovina,2015,2512629.5714876745
232,Bosnia and Herzegovina,2016,2471599.8763276
232,Bosnia and Herzegovina,2017,2924150.002864401
232,Bosnia and Herzegovina,2018,2823090.22492013
232,Bosnia and Herzegovina,2019,2706469.7944059917
237,Oecussi Ambeno,2008,NA
237,Oecussi Ambeno,2009,NA
237,Oecussi Ambeno,2010,NA
237,Oecussi Ambeno,2011,NA
237,Oecussi Ambeno,2012,NA
237,Oecussi Ambeno,2013,NA
237,Oecussi Ambeno,2014,NA
237,Oecussi Ambeno,2015,NA
237,Oecussi Ambeno,2016,NA
237,Oecussi Ambeno,2017,NA
237,Oecussi Ambeno,2018,NA
237,Oecussi Ambeno,2019,NA
244,Curacao,2008,36619160.13877025
244,Curacao,2009,45638399.049659185
244,Curacao,2010,33038953.921577346
244,Curacao,2011,49112778.83464477
244,Curacao,2012,52467383.40090081
244,Curacao,2013,33317395.769714084
244,Curacao,2014,32612017.966366798
244,Curacao,2015,35847132.3223974
244,Curacao,2016,51553632.99998026
244,Curacao,2017,53444318.21974726
244,Curacao,2018,57689373.51965434
244,Curacao,2019,40085694.38160363
245,Bonaire,2008,36494.770779016195
245,Bonaire,2009,36624.98956193632
245,Bonaire,2010,36034.01604476444
245,Bonaire,2011,34931.29054440261
245,Bonaire,2012,52715.80473002103
245,Bonaire,2013,73179.54501606461
245,Bonaire,2014,81404.01838508097
245,Bonaire,2015,100564.31264030951
245,Bonaire,2016,73106.58467311395
245,Bonaire,2017,67018.16946881998
245,Bonaire,2018,70093.60943533937
245,Bonaire,2019,69288.12274623824
247,Brunei,2008,8369506.142723406
247,Brunei,2009,7407535.592724574
247,Brunei,2010,8110127.599315432
247,Brunei,2011,8143645.386034311
247,Brunei,2012,10034074.223182991
247,Brunei,2013,11146342.979454778
247,Brunei,2014,14595426.133606602
247,Brunei,2015,17938733.12034341
247,Brunei,2016,36962157.88785696
247,Brunei,2017,46583920.139856406
247,Brunei,2018,41686760.09233026
247,Brunei,2019,35923421.812975
248,Saba,2008,676349.1909374304
248,Saba,2009,678762.5056834302
248,Saba,2010,667810.129447806
248,Saba,2011,647373.5714403057
248,Saba,2012,976969.8813745074
248,Saba,2013,1356219.6722507768
248,Saba,2014,1508641.9450937414
248,Saba,2015,1863735.2705489635
248,Saba,2016,1354867.514999975
248,Saba,2017,1242032.3167067694
248,Saba,2018,1299028.7380770338
248,Saba,2019,1284100.838576493
249,Sint Eustatius,2008,181742.21847783623
249,Sint Eustatius,2009,182390.70180819312
249,Sint Eustatius,2010,179447.681869177
249,Sint Eustatius,2011,173956.16145324186
249,Sint Eustatius,2012,262522.19416561315
249,Sint Eustatius,2013,364430.64511766733
249,Sint Eustatius,2014,405388.1303680298
249,Sint Eustatius,2015,500805.4822324673
249,Sint Eustatius,2016,364067.3060883842
249,Sint Eustatius,2017,333747.28865512484
249,Sint Eustatius,2018,349062.833057229
249,Sint Eustatius,2019,345051.5477495876
250,Aruba,2008,13169644.669144286
250,Aruba,2009,11789385.153227454
250,Aruba,2010,11346303.397066973
250,Aruba,2011,11801136.894055443
250,Aruba,2012,11484598.300090369
250,Aruba,2013,12280425.85899906
250,Aruba,2014,12728310.27036757
250,Aruba,2015,12985993.760641957
250,Aruba,2016,12931444.391589498
250,Aruba,2017,13855923.034653693
250,Aruba,2018,14086371.888361879
250,Aruba,2019,13859874.8521192
